event_id,period,period_code,minute,second,team_id,player_id,player,type,outcome,x,y,end_x,end_y,is_shot,is_pass,is_key_pass,is_cross,shot_category,shot_whoscored_type,is_goal,is_own_goal,scoring_team,is_header,is_penalty,is_penalty_shootout,big_chance,body_part,assist_player,qualifier_names,is_direct_fk,assist_type,xG,xg_source,xT,player_role
2947778899.0,FirstHalf,1h,0,0,341,,,Start,Successful,0.0,0.0,,,False,False,False,False,,,False,False,341,False,False,False,False,,,[],False,,,,,
2947778901.0,FirstHalf,1h,0,0,345,,,Start,Successful,0.0,0.0,,,False,False,False,False,,,False,False,345,False,False,False,False,,,[],False,,,,,
2947778919.0,FirstHalf,1h,0,0,341,386153.0,Rayan Cherki,Pass,Unsuccessful,49.9,49.7,77.9,0.0,False,True,False,False,,,False,False,341,False,False,False,False,,,"['Longball', 'Zone', 'PassEndX', 'PassEndY', 'Length', 'Angle']",False,,,,0.0288,sub_out
2947778945.0,FirstHalf,1h,0,6,345,362219.0,Djed Spence,Pass,Successful,19.7,100.0,10.4,91.4,False,True,False,False,,,False,False,345,False,False,False,False,,,"['Zone', 'ThrowIn', 'PassEndX', 'PassEndY', 'Length', 'Angle']",False,,,,-0.0012,
2947778957.0,FirstHalf,1h,0,9,345,374631.0,Marc Guéhi,Pass,Successful,13.3,90.3,15.6,74.2,False,True,False,False,,,False,False,345,False,False,False,False,,,"['Zone', 'PassEndX', 'PassEndY', 'Length', 'Angle']",False,,,,0.004,sub_out
2947778967.0,FirstHalf,1h,0,11,345,332325.0,Declan Rice,Pass,Successful,14.3,80.9,10.4,91.1,False,True,False,False,,,False,False,345,False,False,False,False,,,"['Zone', 'PassEndX', 'PassEndY', 'Length', 'Angle']",False,,,,-0.0024,
2947779003.0,FirstHalf,1h,0,13,345,374631.0,Marc Guéhi,Pass,Successful,12.5,91.7,3.4,68.5,False,True,False,False,,,False,False,345,False,False,False,False,,,"['Zone', 'PassEndX', 'PassEndY', 'Length', 'Angle']",False,,,,0.0012,sub_out
2947779017.0,FirstHalf,1h,0,17,345,304008.0,Dean Henderson,Pass,Successful,4.4,64.8,7.2,84.2,False,True,False,False,,,False,False,345,False,False,False,False,,,"['Zone', 'PassEndX', 'PassEndY', 'Length', 'Angle']",False,,,,-0.0012,
2947779033.0,FirstHalf,1h,0,19,345,374631.0,Marc Guéhi,Pass,Successful,6.8,82.3,19.7,96.3,False,True,False,False,,,False,False,345,False,False,False,False,,,"['Zone', 'PassEndX', 'PassEndY', 'Length', 'Angle']",False,,,,0.0012,sub_out
2947779073.0,FirstHalf,1h,0,23,345,362219.0,Djed Spence,Pass,Successful,21.1,95.4,9.3,81.1,False,True,False,False,,,False,False,345,False,False,False,False,,,"['Zone', 'PassEndX', 'PassEndY', 'Length', 'Angle']",False,,,,0.0012,
2947779087.0,FirstHalf,1h,0,30,345,374631.0,Marc Guéhi,Pass,Successful,20.4,68.1,28.5,33.6,False,True,False,False,,,False,False,345,False,False,False,False,,,"['Zone', 'PassEndX', 'PassEndY', 'Length', 'Angle']",False,,,,0.004,sub_out
2947779099.0,FirstHalf,1h,0,33,345,332403.0,Eberechi Eze,Pass,Successful,29.8,23.3,29.6,4.3,False,True,False,False,,,False,False,345,False,False,False,False,,,"['Zone', 'PassEndX', 'PassEndY', 'Length', 'Angle']",False,,,,-0.0042,sub_out
2947779109.0,FirstHalf,1h,0,36,345,430019.0,Jarell Quansah,Pass,Successful,29.6,4.3,11.7,15.9,False,True,False,False,,,False,False,345,False,False,False,False,,,"['Zone', 'PassEndX', 'PassEndY', 'Length', 'Angle']",False,,,,0.0001,sub_out
2947779137.0,FirstHalf,1h,0,38,345,301440.0,Ezri Konsa,Pass,Successful,11.7,15.9,3.9,40.1,False,True,False,False,,,False,False,345,False,False,False,False,,,"['Zone', 'PassEndX', 'PassEndY', 'Length', 'Angle']",False,,,,-0.0009,
2947779171.0,FirstHalf,1h,0,41,345,304008.0,Dean Henderson,Pass,Successful,5.0,43.1,24.1,72.9,False,True,False,False,,,False,False,345,False,False,False,False,,,"['Zone', 'PassEndX', 'PassEndY', 'Length', 'Angle']",False,,,,0.0052,
2947779195.0,FirstHalf,1h,0,48,345,362219.0,Djed Spence,Pass,Successful,46.3,81.2,60.4,96.3,False,True,False,False,,,False,False,345,False,False,False,False,,,"['Zone', 'PassEndX', 'PassEndY', 'Length', 'Angle']",False,,,,0.0139,
2947779199.0,FirstHalf,1h,0,52,345,300299.0,Marcus Rashford,TakeOn,Unsuccessful,69.0,82.0,,,False,False,False,False,,,False,False,345,False,False,False,False,,,"['Zone', 'OppositeRelatedEvent', 'Offensive']",False,,,,,sub_out
2947779201.0,FirstHalf,1h,0,52,341,371281.0,Michael Olise,Tackle,Unsuccessful,31.0,18.0,,,False,False,False,False,,,False,False,341,False,False,False,False,,,"['Zone', 'StandingSave', 'OppositeRelatedEvent', 'Defensive']",False,,,,,
2947779205.0,FirstHalf,1h,0,52,345,300299.0,Marcus Rashford,BallTouch,Successful,70.3,83.5,,,False,False,False,False,,,False,False,345,False,False,False,False,,,['Zone'],False,,,,,sub_out
2947779215.0,FirstHalf,1h,0,53,341,371281.0,Michael Olise,BallTouch,Successful,33.0,22.1,,,False,False,False,False,,,False,False,341,False,False,False,False,,,['Zone'],False,,,,,
2947779221.0,FirstHalf,1h,0,54,341,403850.0,Malo Gusto,BallTouch,Unsuccessful,33.0,23.2,,,False,False,False,False,,,False,False,341,False,False,False,False,,,['Zone'],False,,,,,sub_out
2947779261.0,FirstHalf,1h,0,56,345,300299.0,Marcus Rashford,Pass,Successful,70.4,86.5,65.7,96.2,False,True,False,False,,,False,False,345,False,False,False,False,,,"['Zone', 'PassEndX', 'PassEndY', 'Length', 'Angle']",False,,,,-0.0826,sub_out
2947779295.0,FirstHalf,1h,1,1,345,362219.0,Djed Spence,Pass,Successful,61.7,95.4,60.5,83.2,False,True,False,False,,,False,False,345,False,False,False,False,,,"['Zone', 'PassEndX', 'PassEndY', 'Length', 'Angle']",False,,,,0.0361,
2947779317.0,FirstHalf,1h,1,5,345,332325.0,Declan Rice,Pass,Successful,58.7,71.8,53.3,43.3,False,True,False,False,,,False,False,345,False,False,False,False,,,"['Zone', 'PassEndX', 'PassEndY', 'Length', 'Angle']",False,,,,-0.0185,
2947779355.0,FirstHalf,1h,1,7,345,301440.0,Ezri Konsa,Pass,Successful,53.2,40.0,54.0,22.2,False,True,False,False,,,False,False,345,False,False,False,False,,,"['Zone', 'PassEndX', 'PassEndY', 'Length', 'Angle']",False,,,,-0.1057,
2947779371.0,FirstHalf,1h,1,12,345,430019.0,Jarell Quansah,Pass,Successful,54.0,22.2,45.8,35.7,False,True,False,False,,,False,False,345,False,False,False,False,,,"['Zone', 'PassEndX', 'PassEndY', 'Length', 'Angle']",False,,,,-0.0012,sub_out
2947779383.0,FirstHalf,1h,1,16,345,301440.0,Ezri Konsa,Pass,Successful,53.7,34.2,66.4,43.6,False,True,False,False,,,False,False,345,False,False,False,False,,,"['Zone', 'PassEndX', 'PassEndY', 'Length', 'Angle']",False,,,,0.3245,
2947779425.0,FirstHalf,1h,1,18,345,362824.0,Morgan Rogers,Pass,Successful,65.6,43.1,66.4,62.6,False,True,False,False,,,False,False,345,False,False,False,False,,,"['Zone', 'PassEndX', 'PassEndY', 'Length', 'Angle']",False,,,,-0.2364,
2947779449.0,FirstHalf,1h,1,24,345,332403.0,Eberechi Eze,Pass,Successful,69.5,70.8,81.9,90.5,False,True,False,False,,,False,False,345,False,False,False,False,,,"['Zone', 'PassEndX', 'PassEndY', 'Length', 'Angle']",False,,,,-0.1699,sub_out
2947779479.0,FirstHalf,1h,1,29,345,300299.0,Marcus Rashford,Pass,Unsuccessful,78.0,82.1,90.7,53.9,False,True,False,True,,,False,False,345,False,False,False,False,RightFoot,,"['Cross', 'RightFoot', 'Zone', 'PassEndX', 'PassEndY', 'Chipped', 'Length', 'Angle']",False,Cross,,,0.5164,sub_out
2947779477.0,FirstHalf,1h,1,32,341,401130.0,Maxence Lacroix,Aerial,Successful,9.3,46.1,,,False,False,False,False,,,False,False,341,False,False,False,False,,,"['Zone', 'OppositeRelatedEvent', 'Defensive']",False,,,,,
2947779481.0,FirstHalf,1h,1,32,345,134240.0,Ivan Toney,Aerial,Unsuccessful,90.7,53.9,,,False,False,False,False,,,False,False,345,False,False,False,False,,,"['Zone', 'OppositeRelatedEvent', 'Offensive']",False,,,,,sub_out
2947779483.0,FirstHalf,1h,1,32,341,401130.0,Maxence Lacroix,Clearance,Successful,9.3,46.1,14.0,73.8,False,False,False,False,,,False,False,341,True,False,False,False,Head,,"['Head', 'Zone', 'PassEndX', 'PassEndY', 'Length', 'Angle']",False,,,,,
2947779509.0,FirstHalf,1h,1,35,341,303115.0,Théo Hernández,BallRecovery,Successful,13.3,80.0,,,False,False,False,False,,,False,False,341,False,False,False,False,,,[],False,,,,,sub_out
2947779517.0,FirstHalf,1h,1,37,341,303115.0,Théo Hernández,Pass,Successful,16.2,90.6,15.5,86.4,False,True,False,False,,,False,False,341,False,False,False,False,,,"['Zone', 'PassEndX', 'PassEndY', 'Length', 'Angle']",False,,,,0.0024,sub_out
2947779525.0,FirstHalf,1h,1,39,341,116609.0,Adrien Rabiot,Pass,Successful,15.8,87.8,14.9,93.0,False,True,False,False,,,False,False,341,False,False,False,False,,,"['Zone', 'PassEndX', 'PassEndY', 'Length', 'Angle']",False,,,,0.0,
2947779533.0,FirstHalf,1h,1,40,341,303115.0,Théo Hernández,Pass,Successful,14.7,93.3,23.4,93.9,False,True,False,False,,,False,False,341,False,False,False,False,,,"['Zone', 'PassEndX', 'PassEndY', 'Length', 'Angle']",False,,,,0.0012,sub_out
2947779553.0,FirstHalf,1h,1,43,341,433183.0,Désiré Doué,Pass,Successful,23.5,93.9,20.2,94.2,False,True,False,False,,,False,False,341,False,False,False,False,,,"['Zone', 'PassEndX', 'PassEndY', 'Length', 'Angle']",False,,,,0.0,sub_out
2947779557.0,FirstHalf,1h,1,45,341,303115.0,Théo Hernández,Pass,Unsuccessful,18.0,94.2,19.5,94.2,False,True,False,False,,,False,False,341,False,False,False,False,,,"['Longball', 'Zone', 'PassEndX', 'PassEndY', 'Length', 'Angle', 'OppositeRelatedEvent', 'Offensive']",False,,,,0.0,sub_out
2947779561.0,FirstHalf,1h,1,45,345,367185.0,Bukayo Saka,BlockedPass,Successful,80.5,5.8,,,False,False,False,False,,,False,False,345,False,False,False,False,,,"['Zone', 'OppositeRelatedEvent', 'Defensive']",False,,,,,
2947779695.0,FirstHalf,1h,2,3,341,303115.0,Théo Hernández,Pass,Successful,6.2,100.0,23.3,93.9,False,True,False,False,,,False,False,341,False,False,False,False,,,"['Zone', 'ThrowIn', 'PassEndX', 'PassEndY', 'Length', 'Angle']",False,,,,0.0026,sub_out
2947779707.0,FirstHalf,1h,2,6,341,116609.0,Adrien Rabiot,Pass,Successful,23.3,93.9,36.1,78.8,False,True,False,False,,,False,False,341,False,False,False,False,,,"['HeadPass', 'Zone', 'PassEndX', 'PassEndY', 'Length', 'Angle']",False,,,,0.0086,
2947779729.0,FirstHalf,1h,2,10,341,433183.0,Désiré Doué,Pass,Unsuccessful,36.1,74.2,43.3,34.0,False,True,False,False,,,False,False,341,False,False,False,False,,,"['Zone', 'PassEndX', 'PassEndY', 'Length', 'Angle']",False,,,,0.0129,sub_out
2947780561.0,FirstHalf,1h,2,11,341,433183.0,Désiré Doué,Error,Successful,35.7,71.7,,,False,False,False,False,,,False,False,341,False,False,False,False,,,['LeadingToGoal'],False,,,,,sub_out
2947779719.0,FirstHalf,1h,2,11,345,332325.0,Declan Rice,Interception,Successful,56.7,66.0,,,False,False,False,False,,,False,False,345,False,False,False,False,,,['Zone'],False,,,,,
2947779733.0,FirstHalf,1h,2,12,345,332325.0,Declan Rice,BallRecovery,Successful,60.0,73.6,,,False,False,False,False,,,False,False,345,False,False,False,False,,,[],False,,,,,
2947779755.0,FirstHalf,1h,2,14,345,332325.0,Declan Rice,Goal,Successful,78.3,64.4,,,True,False,False,False,On Target,Goal,True,False,345,False,False,False,False,RightFoot,,"['OutOfBoxCentre', 'RightFoot', 'RegularPlay', 'Zone', 'LowRight', 'GoalMouthY', 'GoalMouthZ', 'IndividualPlay']",False,,0.0398,xg_v3_submodel_calibrated_2025,,
2947779957.0,FirstHalf,1h,3,17,341,300713.0,Kylian Mbappé,Pass,Successful,50.4,50.0,39.8,57.0,False,True,False,False,,,False,False,341,False,False,False,False,,,"['Zone', 'PassEndX', 'PassEndY', 'Length', 'Angle']",False,,,,-0.109,
2947779975.0,FirstHalf,1h,3,21,341,116609.0,Adrien Rabiot,Pass,Successful,43.2,66.7,59.0,82.8,False,True,False,False,,,False,False,341,False,False,False,False,,,"['Zone', 'PassEndX', 'PassEndY', 'Length', 'Angle']",False,,,,0.0355,
2947779977.0,FirstHalf,1h,3,27,341,433183.0,Désiré Doué,Foul,Successful,59.8,82.9,,,False,False,False,False,,,False,False,341,False,False,False,False,,,"['Foul', 'Zone', 'OppositeRelatedEvent', 'Offensive']",False,,,,,sub_out
2947779985.0,FirstHalf,1h,3,27,345,430019.0,Jarell Quansah,Foul,Unsuccessful,40.2,17.1,,,False,False,False,False,,,False,False,345,False,False,False,False,,,"['Foul', 'Zone', 'OppositeRelatedEvent', 'Defensive']",False,,,,,sub_out
2947780005.0,FirstHalf,1h,3,37,341,300713.0,Kylian Mbappé,Pass,Successful,61.1,86.3,59.1,80.3,False,True,False,False,,,False,False,341,False,False,False,False,,,"['FreekickTaken', 'Zone', 'PassEndX', 'PassEndY', 'Length', 'Angle']",False,,,,0.0,
2947780007.0,FirstHalf,1h,3,38,341,386153.0,Rayan Cherki,Pass,Successful,64.2,75.3,65.3,79.7,False,True,False,False,,,False,False,341,False,False,False,False,,,"['Zone', 'PassEndX', 'PassEndY', 'Length', 'Angle']",False,,,,0.0,sub_out
2947780009.0,FirstHalf,1h,3,38,341,300713.0,Kylian Mbappé,Pass,Successful,65.3,79.7,57.7,68.3,False,True,False,False,,,False,False,341,False,False,False,False,,,"['Zone', 'PassEndX', 'PassEndY', 'Length', 'Angle']",False,,,,0.0017,
2947780021.0,FirstHalf,1h,3,40,341,386153.0,Rayan Cherki,Pass,Successful,55.1,61.9,44.8,40.9,False,True,False,False,,,False,False,341,False,False,False,False,,,"['Zone', 'PassEndX', 'PassEndY', 'Length', 'Angle']",False,,,,-0.0834,sub_out
2947780033.0,FirstHalf,1h,3,43,341,345957.0,Ibrahima Konaté,Pass,Successful,40.3,30.5,51.8,9.4,False,True,False,False,,,False,False,341,False,False,False,False,,,"['Zone', 'PassEndX', 'PassEndY', 'Length', 'Angle']",False,,,,-0.0018,sub_out
2947780039.0,FirstHalf,1h,3,45,341,403850.0,Malo Gusto,Pass,Successful,51.9,9.1,43.0,20.1,False,True,False,False,,,False,False,341,False,False,False,False,,,"['Zone', 'PassEndX', 'PassEndY', 'Length', 'Angle']",False,,,,0.0003,sub_out
2947780049.0,FirstHalf,1h,3,46,341,345957.0,Ibrahima Konaté,Pass,Successful,42.4,19.8,56.4,21.0,False,True,False,False,,,False,False,341,False,False,False,False,,,"['Zone', 'PassEndX', 'PassEndY', 'Length', 'Angle']",False,,,,0.0157,sub_out
2947780065.0,FirstHalf,1h,3,49,341,444679.0,Warren Zaïre-Emery,Pass,Successful,56.4,21.0,53.8,12.5,False,True,False,False,,,False,False,341,False,False,False,False,,,"['Zone', 'PassEndX', 'PassEndY', 'Length', 'Angle']",False,,,,0.0,
2947780075.0,FirstHalf,1h,3,51,341,403850.0,Malo Gusto,Pass,Successful,59.5,12.2,46.4,13.9,False,True,False,False,,,False,False,341,False,False,False,False,,,"['Zone', 'PassEndX', 'PassEndY', 'Length', 'Angle']",False,,,,-0.0139,sub_out
2947780083.0,FirstHalf,1h,3,56,341,444679.0,Warren Zaïre-Emery,Pass,Successful,46.3,13.7,40.7,28.3,False,True,False,False,,,False,False,341,False,False,False,False,,,"['Zone', 'PassEndX', 'PassEndY', 'Length', 'Angle']",False,,,,0.0016,
2947780093.0,FirstHalf,1h,3,58,341,345957.0,Ibrahima Konaté,Pass,Successful,39.8,28.8,54.2,41.5,False,True,False,False,,,False,False,341,False,False,False,False,,,"['Zone', 'PassEndX', 'PassEndY', 'Length', 'Angle']",False,,,,0.1198,sub_out
2947780107.0,FirstHalf,1h,4,0,341,386153.0,Rayan Cherki,Pass,Successful,54.2,41.9,42.6,37.8,False,True,False,False,,,False,False,341,False,False,False,False,,,"['Zone', 'PassEndX', 'PassEndY', 'Length', 'Angle']",False,,,,-0.0834,sub_out
2947780123.0,FirstHalf,1h,4,3,341,345957.0,Ibrahima Konaté,Pass,Successful,44.5,40.9,44.9,59.5,False,True,False,False,,,False,False,341,False,False,False,False,,,"['Zone', 'PassEndX', 'PassEndY', 'Length', 'Angle']",False,,,,0.0,sub_out
2947780133.0,FirstHalf,1h,4,7,341,116609.0,Adrien Rabiot,Pass,Successful,51.0,67.5,68.5,82.9,False,True,False,False,,,False,False,341,False,False,False,False,,,"['Zone', 'PassEndX', 'PassEndY', 'Chipped', 'Length', 'Angle']",False,Chipped,,,0.0448,
2947780137.0,FirstHalf,1h,4,8,341,433183.0,Désiré Doué,Pass,Successful,68.7,83.5,62.3,89.6,False,True,False,False,,,False,False,341,False,False,False,False,,,"['HeadPass', 'Zone', 'PassEndX', 'PassEndY', 'LayOff', 'Length', 'Angle']",False,,,,-0.0826,sub_out
2947780175.0,FirstHalf,1h,4,11,341,303115.0,Théo Hernández,Pass,Successful,60.3,92.1,44.0,71.3,False,True,False,False,,,False,False,341,False,False,False,False,,,"['Zone', 'PassEndX', 'PassEndY', 'Length', 'Angle']",False,,,,0.0006,sub_out
2947780195.0,FirstHalf,1h,4,18,341,401130.0,Maxence Lacroix,Pass,Successful,43.6,67.5,38.3,52.0,False,True,False,False,,,False,False,341,False,False,False,False,,,"['Zone', 'PassEndX', 'PassEndY', 'Length', 'Angle']",False,,,,-0.0022,
2947780205.0,FirstHalf,1h,4,21,341,345957.0,Ibrahima Konaté,Pass,Successful,39.3,58.1,54.3,75.8,False,True,False,False,,,False,False,341,False,False,False,False,,,"['Zone', 'PassEndX', 'PassEndY', 'Length', 'Angle']",False,,,,0.0033,sub_out
2947780213.0,FirstHalf,1h,4,23,341,116609.0,Adrien Rabiot,Pass,Successful,54.4,76.8,56.9,90.6,False,True,False,False,,,False,False,341,False,False,False,False,,,"['Zone', 'PassEndX', 'PassEndY', 'Length', 'Angle']",False,,,,-0.0159,
2947780241.0,FirstHalf,1h,4,25,341,433183.0,Désiré Doué,Pass,Successful,57.2,92.9,65.2,92.1,False,True,False,False,,,False,False,341,False,False,False,False,,,"['Zone', 'PassEndX', 'PassEndY', 'Length', 'Angle']",False,,,,0.0142,sub_out
2947780265.0,FirstHalf,1h,4,31,341,116609.0,Adrien Rabiot,Pass,Successful,79.8,95.1,79.4,89.6,False,True,True,False,,,False,False,341,False,False,False,False,,,"['Zone', 'PassEndX', 'PassEndY', 'ShotAssist', 'Length', 'Angle', 'KeyPass']",False,KeyPass,,,0.0,
2947780269.0,FirstHalf,1h,4,36,341,300713.0,Kylian Mbappé,SavedShot,Successful,88.0,73.2,,,True,False,False,False,Blocked,BlockedShot,False,False,341,False,False,False,False,RightFoot,,"['RightFoot', 'RegularPlay', 'Assisted', 'RelatedEventId', 'Zone', 'BoxLeft', 'LowCentre', 'Blocked', 'GoalMouthY', 'GoalMouthZ', 'BlockedX', 'BlockedY', 'IndividualPlay', 'OppositeRelatedEvent']",False,,0.0581,xg_v3_submodel_calibrated_2025,,
2947780271.0,FirstHalf,1h,4,36,345,332325.0,Declan Rice,Save,Successful,9.4,30.7,,,False,False,False,False,,,False,False,345,False,False,False,False,,,"['Zone', 'OutfielderBlock', 'OppositeRelatedEvent']",False,,,,,
2947780275.0,FirstHalf,1h,4,37,341,300713.0,Kylian Mbappé,BallTouch,Successful,87.8,74.2,,,False,False,False,False,,,False,False,341,False,False,False,False,,,['Zone'],False,,,,,
2947780281.0,FirstHalf,1h,4,38,345,430019.0,Jarell Quansah,BallRecovery,Successful,12.5,23.1,,,False,False,False,False,,,False,False,345,False,False,False,False,,,[],False,,,,,sub_out
2947780283.0,FirstHalf,1h,4,38,345,430019.0,Jarell Quansah,Pass,Unsuccessful,12.5,23.0,26.9,30.6,False,True,False,False,,,False,False,345,False,False,False,False,,,"['Zone', 'PassEndX', 'PassEndY', 'Length', 'Angle']",False,,,,0.0083,sub_out
2947780287.0,FirstHalf,1h,4,39,341,303115.0,Théo Hernández,Interception,Successful,73.1,69.4,,,False,False,False,False,,,False,False,341,False,False,False,False,,,['Zone'],False,,,,,sub_out
2947780293.0,FirstHalf,1h,4,40,341,401130.0,Maxence Lacroix,BallRecovery,Successful,69.1,81.9,,,False,False,False,False,,,False,False,341,False,False,False,False,,,[],False,,,,,
2947780297.0,FirstHalf,1h,4,41,341,401130.0,Maxence Lacroix,Pass,Successful,67.8,82.8,71.0,90.0,False,True,False,False,,,False,False,341,False,False,False,False,,,"['Zone', 'PassEndX', 'PassEndY', 'Length', 'Angle']",False,,,,-0.0609,
2947780305.0,FirstHalf,1h,4,42,341,116609.0,Adrien Rabiot,Pass,Successful,71.6,91.9,59.5,92.1,False,True,False,False,,,False,False,341,False,False,False,False,,,"['Zone', 'PassEndX', 'PassEndY', 'Length', 'Angle']",False,,,,-0.0218,
2947780313.0,FirstHalf,1h,4,44,341,401130.0,Maxence Lacroix,Pass,Successful,59.3,92.2,58.1,81.7,False,True,False,False,,,False,False,341,False,False,False,False,,,"['Zone', 'PassEndX', 'PassEndY', 'Length', 'Angle']",False,,,,0.0017,
2947780331.0,FirstHalf,1h,4,46,341,303115.0,Théo Hernández,Pass,Successful,59.8,76.5,55.9,68.9,False,True,False,False,,,False,False,341,False,False,False,False,,,"['Zone', 'PassEndX', 'PassEndY', 'Length', 'Angle']",False,,,,0.0017,sub_out
2947780337.0,FirstHalf,1h,4,50,341,444679.0,Warren Zaïre-Emery,Pass,Unsuccessful,60.3,62.0,95.7,59.6,False,True,False,False,,,False,False,341,False,False,False,False,,,"['Longball', 'Throughball', 'Zone', 'PassEndX', 'PassEndY', 'Length', 'Angle']",False,,,,0.36,
2947780349.0,FirstHalf,1h,4,55,345,304008.0,Dean Henderson,BallRecovery,Successful,9.3,40.4,,,False,False,False,False,,,False,False,345,False,False,False,False,,,[],False,,,,,
2947780367.0,FirstHalf,1h,4,58,345,304008.0,Dean Henderson,Pass,Successful,9.6,44.0,14.7,52.4,False,True,False,False,,,False,False,345,False,False,False,False,,,"['Zone', 'PassEndX', 'PassEndY', 'Length', 'Angle']",False,,,,0.0,
2947780391.0,FirstHalf,1h,4,58,345,332325.0,Declan Rice,Pass,Successful,14.3,52.7,14.1,25.6,False,True,False,False,,,False,False,345,False,False,False,False,,,"['Zone', 'PassEndX', 'PassEndY', 'Length', 'Angle']",False,,,,-0.0009,
2947780407.0,FirstHalf,1h,5,5,345,301440.0,Ezri Konsa,Pass,Successful,26.3,23.3,22.1,59.6,False,True,False,False,,,False,False,345,False,False,False,False,,,"['Zone', 'PassEndX', 'PassEndY', 'Length', 'Angle']",False,,,,0.0023,
2947780413.0,FirstHalf,1h,5,12,345,374631.0,Marc Guéhi,Pass,Successful,40.6,72.4,54.6,58.8,False,True,False,False,,,False,False,345,False,False,False,False,,,"['Zone', 'PassEndX', 'PassEndY', 'Length', 'Angle']",False,,,,0.1198,sub_out
2947780421.0,FirstHalf,1h,5,14,345,134240.0,Ivan Toney,Pass,Successful,54.5,58.8,46.7,43.6,False,True,False,False,,,False,False,345,False,False,False,False,,,"['Zone', 'PassEndX', 'PassEndY', 'Length', 'Angle']",False,,,,-0.0834,sub_out
2947780435.0,FirstHalf,1h,5,15,345,332325.0,Declan Rice,Pass,Successful,47.9,40.6,55.9,8.5,False,True,False,False,,,False,False,345,False,False,False,False,,,"['Zone', 'PassEndX', 'PassEndY', 'Length', 'Angle']",False,,,,-0.0382,
2947780445.0,FirstHalf,1h,5,18,345,430019.0,Jarell Quansah,Pass,Successful,55.6,6.8,53.3,26.8,False,True,False,False,,,False,False,345,False,False,False,False,,,"['Zone', 'PassEndX', 'PassEndY', 'Length', 'Angle']",False,,,,0.052,sub_out
2947780459.0,FirstHalf,1h,5,20,345,332325.0,Declan Rice,Pass,Successful,53.9,25.0,50.4,10.6,False,True,False,False,,,False,False,345,False,False,False,False,,,"['Zone', 'PassEndX', 'PassEndY', 'Length', 'Angle']",False,,,,-0.052,
2947780465.0,FirstHalf,1h,5,23,345,430019.0,Jarell Quansah,Pass,Successful,50.8,10.6,61.3,26.7,False,True,False,False,,,False,False,345,False,False,False,False,,,"['Zone', 'PassEndX', 'PassEndY', 'Length', 'Angle']",False,,,,0.1401,sub_out
2947780477.0,FirstHalf,1h,5,24,345,134240.0,Ivan Toney,Pass,Successful,60.8,26.4,62.7,5.2,False,True,False,False,,,False,False,345,False,False,False,False,,,"['Zone', 'PassEndX', 'PassEndY', 'Length', 'Angle']",False,,,,-0.1259,sub_out
2947780483.0,FirstHalf,1h,5,26,345,362824.0,Morgan Rogers,Pass,Successful,61.6,3.2,43.7,8.3,False,True,False,False,,,False,False,345,False,False,False,False,,,"['Zone', 'PassEndX', 'PassEndY', 'Length', 'Angle']",False,,,,-0.022,
2947780487.0,FirstHalf,1h,5,28,345,430019.0,Jarell Quansah,Pass,Successful,43.7,8.3,43.6,22.4,False,True,False,False,,,False,False,345,False,False,False,False,,,"['Zone', 'PassEndX', 'PassEndY', 'Length', 'Angle']",False,,,,0.0081,sub_out
2947780501.0,FirstHalf,1h,5,29,345,332325.0,Declan Rice,Pass,Successful,43.2,20.7,58.1,14.7,False,True,False,False,,,False,False,345,False,False,False,False,,,"['Zone', 'PassEndX', 'PassEndY', 'Length', 'Angle']",False,,,,0.0157,
2947780509.0,FirstHalf,1h,5,31,345,134240.0,Ivan Toney,Pass,Successful,61.1,19.7,59.2,31.8,False,True,False,False,,,False,False,345,False,False,False,False,,,"['Zone', 'PassEndX', 'PassEndY', 'Length', 'Angle']",False,,,,0.0898,sub_out
2947780515.0,FirstHalf,1h,5,33,345,362824.0,Morgan Rogers,Pass,Unsuccessful,61.9,32.2,75.1,31.9,False,True,False,False,,,False,False,345,False,False,False,False,,,"['Throughball', 'Zone', 'PassEndX', 'PassEndY', 'Length', 'Angle']",False,,,,0.2009,
2947780521.0,FirstHalf,1h,5,35,341,345957.0,Ibrahima Konaté,BallRecovery,Successful,25.5,69.2,,,False,False,False,False,,,False,False,341,False,False,False,False,,,[],False,,,,,sub_out
2947780529.0,FirstHalf,1h,5,36,341,345957.0,Ibrahima Konaté,Pass,Unsuccessful,19.5,69.9,24.8,71.4,False,True,False,False,,,False,False,341,False,False,False,False,,,"['Zone', 'PassEndX', 'PassEndY', 'Length', 'Angle']",False,,,,0.0,sub_out
2947780533.0,FirstHalf,1h,5,37,345,134240.0,Ivan Toney,BallTouch,Successful,70.2,29.4,,,False,False,False,False,,,False,False,345,False,False,False,False,,,['Zone'],False,,,,,sub_out
2947780537.0,FirstHalf,1h,5,37,341,116609.0,Adrien Rabiot,Pass,Successful,33.0,76.7,30.9,88.4,False,True,False,False,,,False,False,341,False,False,False,False,,,"['Zone', 'PassEndX', 'PassEndY', 'Length', 'Angle']",False,,,,-0.0042,
2947780541.0,FirstHalf,1h,5,41,341,303115.0,Théo Hernández,Pass,Successful,37.7,87.4,36.3,93.6,False,True,False,False,,,False,False,341,False,False,False,False,,,"['Zone', 'PassEndX', 'PassEndY', 'Length', 'Angle']",False,,,,-0.0056,sub_out
2947780569.0,FirstHalf,1h,5,42,341,433183.0,Désiré Doué,Pass,Successful,36.5,94.4,31.4,86.8,False,True,False,False,,,False,False,341,False,False,False,False,,,"['Zone', 'PassEndX', 'PassEndY', 'Length', 'Angle']",False,,,,0.0023,sub_out
2947780581.0,FirstHalf,1h,5,52,341,116609.0,Adrien Rabiot,Pass,Successful,36.0,62.0,37.0,78.1,False,True,False,False,,,False,False,341,False,False,False,False,,,"['Zone', 'PassEndX', 'PassEndY', 'Length', 'Angle']",False,,,,-0.0185,
2947780593.0,FirstHalf,1h,5,56,341,401130.0,Maxence Lacroix,Pass,Successful,38.6,83.9,59.1,67.1,False,True,False,False,,,False,False,341,False,False,False,False,,,"['Zone', 'PassEndX', 'PassEndY', 'Length', 'Angle']",False,,,,0.1459,
2947780595.0,FirstHalf,1h,5,58,341,300713.0,Kylian Mbappé,Pass,Unsuccessful,59.1,67.1,63.0,79.7,False,True,False,False,,,False,False,341,False,False,False,False,,,"['Zone', 'PassEndX', 'PassEndY', 'Length', 'Angle']",False,,,,-0.0898,
2947780597.0,FirstHalf,1h,5,59,345,301440.0,Ezri Konsa,Interception,Successful,37.0,20.3,,,False,False,False,False,,,False,False,345,False,False,False,False,,,['Zone'],False,,,,,
2947780605.0,FirstHalf,1h,6,0,345,301440.0,Ezri Konsa,BallRecovery,Successful,41.4,30.6,,,False,False,False,False,,,False,False,345,False,False,False,False,,,[],False,,,,,
2947780625.0,FirstHalf,1h,6,0,345,301440.0,Ezri Konsa,Pass,Successful,44.2,29.1,65.0,11.1,False,True,False,False,,,False,False,345,False,False,False,False,,,"['Zone', 'PassEndX', 'PassEndY', 'Length', 'Angle']",False,,,,-0.0006,
2947780631.0,FirstHalf,1h,6,6,345,367185.0,Bukayo Saka,Pass,Successful,85.7,22.4,87.0,50.4,False,True,True,True,,,False,False,345,False,False,False,False,RightFoot,,"['Cross', 'RightFoot', 'Zone', 'PassEndX', 'PassEndY', 'IntentionalAssist', 'Chipped', 'ShotAssist', 'Length', 'Angle', 'KeyPass']",False,Cross,,,0.4431,
2947780637.0,FirstHalf,1h,6,10,345,300299.0,Marcus Rashford,SavedShot,Successful,86.7,59.3,,,True,False,False,False,Blocked,BlockedShot,False,False,345,False,False,False,False,RightFoot,,"['BoxCentre', 'RightFoot', 'FastBreak', 'Assisted', 'RelatedEventId', 'Zone', 'LowLeft', 'Blocked', 'GoalMouthY', 'GoalMouthZ', 'Volley', 'BlockedX', 'BlockedY', 'IntentionalAssist', 'OppositeRelatedEvent']",False,FastBreak,0.0917,xg_v3_submodel_calibrated_2025,,sub_out
2947780643.0,FirstHalf,1h,6,10,341,403850.0,Malo Gusto,Save,Successful,9.2,43.0,,,False,False,False,False,,,False,False,341,False,False,False,False,,,"['Zone', 'OutfielderBlock', 'OppositeRelatedEvent']",False,,,,,sub_out
2947780641.0,FirstHalf,1h,6,11,345,300299.0,Marcus Rashford,CornerAwarded,Successful,89.4,56.8,,,False,False,False,False,,,False,False,345,False,False,False,False,,,"['Zone', 'MissLeft', 'OppositeRelatedEvent']",False,,,,,sub_out
2947780645.0,FirstHalf,1h,6,11,341,403850.0,Malo Gusto,CornerAwarded,Unsuccessful,10.6,43.2,,,False,False,False,False,,,False,False,341,False,False,False,False,,,"['Zone', 'MissLeft', 'OppositeRelatedEvent']",False,,,,,sub_out
2947780765.0,FirstHalf,1h,6,56,345,332325.0,Declan Rice,Pass,Successful,99.5,99.5,92.7,1.9,False,True,False,True,,,False,False,345,False,False,False,False,RightFoot,,"['Longball', 'Cross', 'CornerTaken', 'RightFoot', 'Zone', 'PassEndX', 'PassEndY', 'Chipped', 'Length', 'Angle']",False,Cross,,,0.0,
2947780771.0,FirstHalf,1h,7,4,345,301440.0,Ezri Konsa,Pass,Successful,92.7,1.9,77.0,4.0,False,True,False,False,,,False,False,345,False,False,False,False,,,"['Zone', 'PassEndX', 'PassEndY', 'Length', 'Angle']",False,,,,-0.084,
2947780787.0,FirstHalf,1h,7,7,345,332403.0,Eberechi Eze,Pass,Successful,75.0,2.6,85.2,2.8,False,True,False,False,,,False,False,345,False,False,False,False,,,"['Zone', 'PassEndX', 'PassEndY', 'Length', 'Angle']",False,,,,0.0383,sub_out
2947780797.0,FirstHalf,1h,7,9,345,301440.0,Ezri Konsa,Pass,Unsuccessful,84.9,2.8,91.5,18.3,False,True,False,False,,,False,False,345,False,False,False,False,,,"['Zone', 'PassEndX', 'PassEndY', 'Length', 'Angle']",False,,,,0.1282,
2947780795.0,FirstHalf,1h,7,12,341,116609.0,Adrien Rabiot,BallTouch,Unsuccessful,13.4,88.7,,,False,False,False,False,,,False,False,341,False,False,False,False,,,['Zone'],False,,,,,
2947780801.0,FirstHalf,1h,7,14,345,362824.0,Morgan Rogers,Pass,Successful,91.5,24.9,86.0,31.8,False,True,True,False,,,False,False,345,False,False,False,False,,,"['Zone', 'PassEndX', 'PassEndY', 'IntentionalAssist', 'ShotAssist', 'Length', 'Angle', 'KeyPass']",False,KeyPass,,,0.2087,
2947780803.0,FirstHalf,1h,7,16,345,332403.0,Eberechi Eze,SavedShot,Successful,87.7,35.4,,,True,False,False,False,Blocked,BlockedShot,False,False,345,False,False,False,False,LeftFoot,,"['FromCorner', 'Assisted', 'RelatedEventId', 'Zone', 'BoxRight', 'LeftFoot', 'LowCentre', 'Blocked', 'GoalMouthY', 'GoalMouthZ', 'BlockedX', 'BlockedY', 'IntentionalAssist', 'OppositeRelatedEvent']",False,,0.0651,xg_v3_submodel_calibrated_2025,,sub_out
2947780807.0,FirstHalf,1h,7,16,341,303115.0,Théo Hernández,Save,Successful,9.2,60.8,,,False,False,False,False,,,False,False,341,False,False,False,False,,,"['Zone', 'OutfielderBlock', 'OppositeRelatedEvent']",False,,,,,sub_out
2947780811.0,FirstHalf,1h,7,19,341,433183.0,Désiré Doué,BallRecovery,Successful,23.8,80.2,,,False,False,False,False,,,False,False,341,False,False,False,False,,,[],False,,,,,sub_out
2947780819.0,FirstHalf,1h,7,19,341,433183.0,Désiré Doué,Pass,Successful,24.1,80.0,27.9,70.4,False,True,False,False,,,False,False,341,False,False,False,False,,,"['Zone', 'PassEndX', 'PassEndY', 'Length', 'Angle']",False,,,,0.0068,sub_out
2947780829.0,FirstHalf,1h,7,20,341,386153.0,Rayan Cherki,Pass,Successful,27.9,70.3,64.3,64.5,False,True,False,False,,,False,False,341,False,False,False,False,,,"['Longball', 'Throughball', 'Zone', 'PassEndX', 'PassEndY', 'Length', 'Angle']",False,,,,0.145,sub_out
2947780833.0,FirstHalf,1h,7,23,341,300713.0,Kylian Mbappé,Dispossessed,Successful,66.2,60.8,,,False,False,False,False,,,False,False,341,False,False,False,False,,,"['Zone', 'OppositeRelatedEvent', 'Offensive']",False,,,,,
2947780843.0,FirstHalf,1h,7,23,345,362219.0,Djed Spence,Tackle,Unsuccessful,33.8,39.2,,,False,False,False,False,,,False,False,345,False,False,False,False,,,"['LastMan', 'Zone', 'StandingSave', 'OppositeRelatedEvent', 'Defensive']",False,,,,,
2947780837.0,FirstHalf,1h,7,24,341,300713.0,Kylian Mbappé,BallTouch,Successful,64.1,64.6,,,False,False,False,False,,,False,False,341,False,False,False,False,,,['Zone'],False,,,,,
2947780851.0,FirstHalf,1h,7,27,345,301440.0,Ezri Konsa,BallRecovery,Successful,31.7,44.2,,,False,False,False,False,,,False,False,345,False,False,False,False,,,[],False,,,,,
2947780865.0,FirstHalf,1h,7,30,345,301440.0,Ezri Konsa,Pass,Successful,32.6,44.5,37.8,32.5,False,True,False,False,,,False,False,345,False,False,False,False,,,"['Zone', 'PassEndX', 'PassEndY', 'Length', 'Angle']",False,,,,0.0014,
2947780875.0,FirstHalf,1h,7,32,345,332325.0,Declan Rice,Pass,Successful,37.8,32.5,53.3,35.4,False,True,False,False,,,False,False,345,False,False,False,False,,,"['Zone', 'PassEndX', 'PassEndY', 'Length', 'Angle']",False,,,,0.0502,
2947780879.0,FirstHalf,1h,7,36,345,362824.0,Morgan Rogers,Pass,Successful,51.5,31.0,43.3,30.7,False,True,False,False,,,False,False,345,False,False,False,False,,,"['Zone', 'PassEndX', 'PassEndY', 'Length', 'Angle']",False,,,,-0.0372,
2947780883.0,FirstHalf,1h,7,37,345,332325.0,Declan Rice,Pass,Successful,40.8,31.3,48.2,34.0,False,True,False,False,,,False,False,345,False,False,False,False,,,"['Zone', 'PassEndX', 'PassEndY', 'Length', 'Angle']",False,,,,0.0129,
2947780903.0,FirstHalf,1h,7,39,345,362824.0,Morgan Rogers,Pass,Successful,48.7,36.7,59.0,96.5,False,True,False,False,,,False,False,345,False,False,False,False,,,"['Longball', 'Zone', 'PassEndX', 'PassEndY', 'Chipped', 'Length', 'Angle']",False,Chipped,,,-0.0006,
2947780907.0,FirstHalf,1h,7,45,345,300299.0,Marcus Rashford,Pass,Successful,61.4,92.9,58.2,79.9,False,True,False,False,,,False,False,345,False,False,False,False,,,"['Zone', 'PassEndX', 'PassEndY', 'Length', 'Angle']",False,,,,0.0017,sub_out
2947780911.0,FirstHalf,1h,7,46,345,332403.0,Eberechi Eze,Pass,Successful,60.1,80.0,48.0,89.4,False,True,False,False,,,False,False,345,False,False,False,False,,,"['Zone', 'PassEndX', 'PassEndY', 'Length', 'Angle']",False,,,,-0.0581,sub_out
2947780923.0,FirstHalf,1h,7,48,345,362219.0,Djed Spence,Pass,Successful,48.0,88.1,52.6,54.0,False,True,False,False,,,False,False,345,False,False,False,False,,,"['Zone', 'PassEndX', 'PassEndY', 'Length', 'Angle']",False,,,,0.1294,
2947780933.0,FirstHalf,1h,7,53,345,332325.0,Declan Rice,Pass,Successful,56.3,44.2,65.1,65.2,False,True,False,False,,,False,False,345,False,False,False,False,,,"['Zone', 'PassEndX', 'PassEndY', 'Length', 'Angle']",False,,,,0.0185,
2947780945.0,FirstHalf,1h,7,56,345,332403.0,Eberechi Eze,Pass,Successful,65.6,69.4,74.8,91.1,False,True,False,False,,,False,False,345,False,False,False,False,,,"['Zone', 'PassEndX', 'PassEndY', 'Length', 'Angle']",False,,,,-0.1041,sub_out
2947780957.0,FirstHalf,1h,7,57,345,300299.0,Marcus Rashford,Pass,Successful,77.7,91.1,92.6,81.4,False,True,False,False,,,False,False,345,False,False,False,False,,,"['Zone', 'PassEndX', 'PassEndY', 'Length', 'Angle']",False,,,,0.2484,sub_out
2947780961.0,FirstHalf,1h,8,2,345,332403.0,Eberechi Eze,Foul,Successful,89.8,88.4,,,False,False,False,False,,,False,False,345,False,False,False,False,,,"['Foul', 'Zone', 'OppositeRelatedEvent', 'Offensive']",False,,,,,sub_out
2947780959.0,FirstHalf,1h,8,2,341,403850.0,Malo Gusto,Foul,Unsuccessful,10.2,11.6,,,False,False,False,False,,,False,False,341,False,False,False,False,,,"['Foul', 'Zone', 'OppositeRelatedEvent', 'Defensive']",False,,,,,sub_out
2947781101.0,FirstHalf,1h,8,54,345,332325.0,Declan Rice,Pass,Unsuccessful,95.9,88.9,96.7,52.1,False,True,False,True,,,False,False,345,False,False,False,False,RightFoot,,"['Cross', 'FreekickTaken', 'RightFoot', 'Zone', 'PassEndX', 'PassEndY', 'Chipped', 'Length', 'Angle']",False,Cross,,,0.5856,
2947781111.0,FirstHalf,1h,8,57,341,345957.0,Ibrahima Konaté,Clearance,Successful,4.4,42.7,11.1,34.3,False,False,False,False,,,False,False,341,True,False,False,False,Head,,"['Head', 'Zone', 'PassEndX', 'PassEndY', 'Length', 'Angle']",False,,,,,sub_out
2947781117.0,FirstHalf,1h,8,59,345,134240.0,Ivan Toney,BallTouch,Unsuccessful,90.8,69.7,,,False,False,False,False,,,False,False,345,False,False,False,False,,,['Zone'],False,,,,,sub_out
2947781119.0,FirstHalf,1h,9,1,341,386153.0,Rayan Cherki,BallRecovery,Successful,14.3,20.3,,,False,False,False,False,,,False,False,341,False,False,False,False,,,[],False,,,,,sub_out
2947781123.0,FirstHalf,1h,9,2,341,386153.0,Rayan Cherki,Pass,Unsuccessful,15.8,18.1,46.9,17.5,False,True,False,False,,,False,False,341,False,False,False,False,,,"['Longball', 'Zone', 'PassEndX', 'PassEndY', 'Length', 'Angle']",False,,,,0.0135,sub_out
2947781127.0,FirstHalf,1h,9,4,345,332325.0,Declan Rice,BallRecovery,Successful,54.0,86.2,,,False,False,False,False,,,False,False,345,False,False,False,False,,,[],False,,,,,
2947781141.0,FirstHalf,1h,9,10,345,332325.0,Declan Rice,Pass,Successful,38.8,82.7,40.9,68.2,False,True,False,False,,,False,False,345,False,False,False,False,,,"['Zone', 'PassEndX', 'PassEndY', 'Length', 'Angle']",False,,,,0.0077,
2947781147.0,FirstHalf,1h,9,12,345,362219.0,Djed Spence,Pass,Successful,41.8,69.0,39.1,51.5,False,True,False,False,,,False,False,345,False,False,False,False,,,"['Zone', 'PassEndX', 'PassEndY', 'Length', 'Angle']",False,,,,-0.0022,
2947781165.0,FirstHalf,1h,9,14,345,374631.0,Marc Guéhi,Pass,Successful,40.1,53.9,40.6,36.0,False,True,False,False,,,False,False,345,False,False,False,False,,,"['Zone', 'PassEndX', 'PassEndY', 'Length', 'Angle']",False,,,,-0.0108,sub_out
2947781171.0,FirstHalf,1h,9,18,345,301440.0,Ezri Konsa,Pass,Successful,39.7,36.9,38.1,49.4,False,True,False,False,,,False,False,345,False,False,False,False,,,"['Zone', 'PassEndX', 'PassEndY', 'Length', 'Angle']",False,,,,0.0108,
2947781181.0,FirstHalf,1h,9,22,345,374631.0,Marc Guéhi,Pass,Successful,40.6,54.6,37.3,71.2,False,True,False,False,,,False,False,345,False,False,False,False,,,"['Zone', 'PassEndX', 'PassEndY', 'Length', 'Angle']",False,,,,-0.0108,sub_out
2947781193.0,FirstHalf,1h,9,24,345,332325.0,Declan Rice,Pass,Successful,41.1,73.5,58.4,95.4,False,True,False,False,,,False,False,345,False,False,False,False,,,"['Zone', 'PassEndX', 'PassEndY', 'Length', 'Angle']",False,,,,0.0123,
2947781203.0,FirstHalf,1h,9,28,345,362219.0,Djed Spence,Pass,Successful,58.4,94.4,54.7,83.0,False,True,False,False,,,False,False,345,False,False,False,False,,,"['Zone', 'PassEndX', 'PassEndY', 'Length', 'Angle']",False,,,,0.0017,
2947781213.0,FirstHalf,1h,9,30,345,332403.0,Eberechi Eze,Pass,Successful,54.6,83.0,40.7,95.6,False,True,False,False,,,False,False,345,False,False,False,False,,,"['Zone', 'PassEndX', 'PassEndY', 'Length', 'Angle']",False,,,,-0.0274,sub_out
2947781223.0,FirstHalf,1h,9,33,345,362219.0,Djed Spence,Pass,Successful,37.5,93.0,15.0,65.2,False,True,False,False,,,False,False,345,False,False,False,False,,,"['Zone', 'PassEndX', 'PassEndY', 'Length', 'Angle']",False,,,,-0.0003,
2947781229.0,FirstHalf,1h,9,36,345,304008.0,Dean Henderson,Pass,Successful,14.3,65.4,20.8,65.4,False,True,False,False,,,False,False,345,False,False,False,False,,,"['Zone', 'PassEndX', 'PassEndY', 'Length', 'Angle']",False,,,,0.0028,
2947781247.0,FirstHalf,1h,9,40,345,374631.0,Marc Guéhi,Pass,Successful,27.3,58.7,29.7,35.1,False,True,False,False,,,False,False,345,False,False,False,False,,,"['Zone', 'PassEndX', 'PassEndY', 'Length', 'Angle']",False,,,,-0.0053,sub_out
2947781249.0,FirstHalf,1h,9,50,345,301440.0,Ezri Konsa,Pass,Unsuccessful,40.1,40.4,71.3,51.9,False,True,False,False,,,False,False,345,False,False,False,False,,,"['Longball', 'Throughball', 'Zone', 'PassEndX', 'PassEndY', 'Chipped', 'Length', 'Angle']",False,Chipped,,,0.5039,
2947826151.0,FirstHalf,1h,9,51,341,403850.0,Malo Gusto,Interception,Successful,28.7,48.1,,,False,False,False,False,,,False,False,341,False,False,False,False,,,"['LastMan', 'Zone']",False,,,,,sub_out
2947781253.0,FirstHalf,1h,9,53,341,403850.0,Malo Gusto,BallRecovery,Successful,30.3,38.4,,,False,False,False,False,,,False,False,341,False,False,False,False,,,[],False,,,,,sub_out
2947781261.0,FirstHalf,1h,9,53,341,403850.0,Malo Gusto,Pass,Successful,30.9,39.5,30.9,58.5,False,True,False,False,,,False,False,341,False,False,False,False,,,"['Zone', 'PassEndX', 'PassEndY', 'Length', 'Angle']",False,,,,0.0,sub_out
2947781283.0,FirstHalf,1h,9,56,341,401130.0,Maxence Lacroix,Pass,Successful,30.6,61.0,45.9,77.3,False,True,False,False,,,False,False,341,False,False,False,False,,,"['Zone', 'PassEndX', 'PassEndY', 'Length', 'Angle']",False,,,,-0.0002,
2947792511.0,FirstHalf,1h,10,0,345,367185.0,Bukayo Saka,OffsideGiven,Unsuccessful,70.7,15.0,,,False,False,False,False,,,False,False,345,False,False,False,False,,,[],False,,,,,
2947781291.0,FirstHalf,1h,10,1,341,300713.0,Kylian Mbappé,Pass,Successful,50.1,75.3,76.5,86.8,False,True,False,False,,,False,False,341,False,False,False,False,,,"['Zone', 'PassEndX', 'PassEndY', 'Length', 'Angle']",False,,,,0.1442,
2947781315.0,FirstHalf,1h,10,4,341,303115.0,Théo Hernández,Pass,Successful,85.2,81.4,84.5,53.8,False,True,False,False,,,False,False,341,False,False,False,False,,,"['Zone', 'PassEndX', 'PassEndY', 'Length', 'Angle']",False,,,,0.4431,sub_out
2947781319.0,FirstHalf,1h,10,6,341,433183.0,Désiré Doué,TakeOn,Unsuccessful,85.6,55.8,,,False,False,False,False,,,False,False,341,False,False,False,False,,,"['Zone', 'OppositeRelatedEvent', 'Offensive']",False,,,,,sub_out
2947781317.0,FirstHalf,1h,10,6,345,374631.0,Marc Guéhi,Tackle,Unsuccessful,14.4,44.2,,,False,False,False,False,,,False,False,345,False,False,False,False,,,"['LastMan', 'Zone', 'StandingSave', 'OppositeRelatedEvent', 'Defensive']",False,,,,,sub_out
2947781337.0,FirstHalf,1h,10,7,341,386153.0,Rayan Cherki,SavedShot,Successful,81.8,47.7,,,True,False,False,False,On Target,SavedShot,False,False,341,False,False,False,False,LeftFoot,,"['OutOfBoxCentre', 'RegularPlay', 'Zone', 'LeftFoot', 'LowRight', 'GoalMouthY', 'GoalMouthZ', 'BlockedX', 'BlockedY', 'IndividualPlay', 'OppositeRelatedEvent']",False,,0.0547,xg_v3_submodel_calibrated_2025,,sub_out
2947781349.0,FirstHalf,1h,10,7,345,304008.0,Dean Henderson,Save,Successful,4.0,51.0,,,False,False,False,False,,,False,False,345,False,False,False,False,,,"['Zone', 'ParriedDanger', 'DivingSave', 'Hands', 'OppositeRelatedEvent', 'KeeperSaveObox']",False,,,,,
2947781329.0,FirstHalf,1h,10,9,345,362219.0,Djed Spence,Clearance,Successful,8.1,53.4,29.8,53.6,False,False,False,False,,,False,False,345,False,False,False,False,,,"['Zone', 'PassEndX', 'PassEndY', 'Length', 'Angle']",False,,,,,
2947781345.0,FirstHalf,1h,10,12,341,444679.0,Warren Zaïre-Emery,SavedShot,Successful,75.0,55.4,,,True,False,False,False,Blocked,BlockedShot,False,False,341,False,False,False,False,LeftFoot,,"['OutOfBoxCentre', 'RegularPlay', 'Zone', 'LeftFoot', 'LowCentre', 'Blocked', 'GoalMouthY', 'GoalMouthZ', 'BlockedX', 'BlockedY', 'IndividualPlay', 'OppositeRelatedEvent']",False,,0.0491,xg_v3_submodel_calibrated_2025,,
2947781355.0,FirstHalf,1h,10,12,345,332325.0,Declan Rice,Save,Successful,21.9,46.8,,,False,False,False,False,,,False,False,345,False,False,False,False,,,"['Zone', 'OutfielderBlock', 'OppositeRelatedEvent']",False,,,,,
2947782247.0,FirstHalf,1h,10,13,345,332403.0,Eberechi Eze,BallTouch,Successful,23.0,52.6,,,False,False,False,False,,,False,False,345,False,False,False,False,,,['Zone'],False,,,,,sub_out
2947781387.0,FirstHalf,1h,10,15,345,304008.0,Dean Henderson,BallRecovery,Successful,4.2,43.0,,,False,False,False,False,,,False,False,345,False,False,False,False,,,[],False,,,,,
2947781419.0,FirstHalf,1h,10,28,345,304008.0,Dean Henderson,Pass,Successful,4.3,43.0,21.1,65.5,False,True,False,False,,,False,False,345,False,False,False,False,,,"['Zone', 'PassEndX', 'PassEndY', 'Length', 'Angle']",False,,,,0.0052,
2947781441.0,FirstHalf,1h,10,35,345,374631.0,Marc Guéhi,Pass,Successful,24.1,67.9,26.8,86.0,False,True,False,False,,,False,False,345,False,False,False,False,,,"['Zone', 'PassEndX', 'PassEndY', 'Length', 'Angle']",False,,,,-0.0003,sub_out
2947781459.0,FirstHalf,1h,10,40,345,332403.0,Eberechi Eze,Pass,Successful,22.4,80.9,9.9,46.4,False,True,False,False,,,False,False,345,False,False,False,False,,,"['Zone', 'PassEndX', 'PassEndY', 'Length', 'Angle']",False,,,,0.0009,sub_out
2947781467.0,FirstHalf,1h,10,44,345,304008.0,Dean Henderson,Pass,Successful,11.1,39.7,33.9,5.9,False,True,False,False,,,False,False,345,False,False,False,False,,,"['Longball', 'Zone', 'PassEndX', 'PassEndY', 'Chipped', 'Length', 'Angle']",False,Chipped,,,-0.0007,
2947781483.0,FirstHalf,1h,10,49,345,430019.0,Jarell Quansah,Pass,Successful,43.4,23.6,43.7,30.7,False,True,False,False,,,False,False,345,False,False,False,False,,,"['Zone', 'PassEndX', 'PassEndY', 'Length', 'Angle']",False,,,,0.0145,sub_out
2947781511.0,FirstHalf,1h,10,52,345,362824.0,Morgan Rogers,OffsidePass,Successful,55.7,13.1,70.7,15.0,False,False,False,False,,,False,False,345,False,False,False,False,,,"['PlayerCaughtOffside', 'GoalDisallowed', 'Zone', 'PassEndX', 'PassEndY']",False,,,,,
2947781537.0,FirstHalf,1h,10,52,341,303115.0,Théo Hernández,OffsideProvoked,Successful,32.8,84.0,,,False,False,False,False,,,False,False,341,False,False,False,False,,,[],False,,,,,sub_out
2947781617.0,FirstHalf,1h,11,18,341,116609.0,Adrien Rabiot,Pass,Successful,26.5,76.7,44.6,75.5,False,True,False,False,,,False,False,341,False,False,False,False,,,"['FreekickTaken', 'Zone', 'PassEndX', 'PassEndY', 'Length', 'Angle', 'IndirectFreekickTaken']",False,,,,0.0095,
2947781631.0,FirstHalf,1h,11,25,341,300713.0,Kylian Mbappé,Pass,Successful,79.3,65.6,87.7,50.3,False,True,False,False,,,False,False,341,False,False,False,False,,,"['Zone', 'PassEndX', 'PassEndY', 'Length', 'Angle']",False,,,,0.3355,
2947781635.0,FirstHalf,1h,11,28,341,371281.0,Michael Olise,BallTouch,Unsuccessful,89.9,50.8,,,False,False,False,False,,,False,False,341,False,False,False,False,,,['Zone'],False,,,,,
2947781645.0,FirstHalf,1h,11,29,345,301440.0,Ezri Konsa,BallTouch,Successful,13.6,52.5,,,False,False,False,False,,,False,False,345,False,False,False,False,,,['Zone'],False,,,,,
2947781649.0,FirstHalf,1h,11,30,345,374631.0,Marc Guéhi,BallRecovery,Successful,13.5,52.7,,,False,False,False,False,,,False,False,345,False,False,False,False,,,[],False,,,,,sub_out
2947781661.0,FirstHalf,1h,11,31,345,374631.0,Marc Guéhi,Pass,Successful,13.5,53.0,2.7,39.7,False,True,False,False,,,False,False,345,False,False,False,False,,,"['Zone', 'PassEndX', 'PassEndY', 'Length', 'Angle']",False,,,,-0.0033,sub_out
2947781671.0,FirstHalf,1h,11,33,345,362219.0,Djed Spence,Pass,Successful,4.1,40.1,11.5,20.3,False,True,False,False,,,False,False,345,False,False,False,False,,,"['Zone', 'PassEndX', 'PassEndY', 'Length', 'Angle']",False,,,,0.0009,
2947781675.0,FirstHalf,1h,11,35,345,430019.0,Jarell Quansah,Pass,Unsuccessful,11.4,5.8,31.7,6.2,False,True,False,False,,,False,False,345,False,False,False,False,,,"['Zone', 'PassEndX', 'PassEndY', 'Length', 'Angle']",False,,,,0.0023,sub_out
2947781679.0,FirstHalf,1h,11,37,341,303115.0,Théo Hernández,Pass,Unsuccessful,69.9,86.3,77.9,81.4,False,True,False,False,,,False,False,341,False,False,False,False,,,"['Zone', 'PassEndX', 'PassEndY', 'Length', 'Angle']",False,,,,0.0633,sub_out
2947781691.0,FirstHalf,1h,11,38,345,374631.0,Marc Guéhi,Clearance,Successful,14.5,18.8,18.8,11.1,False,False,False,False,,,False,False,345,False,False,False,False,,,"['Zone', 'PassEndX', 'PassEndY', 'Length', 'Angle']",False,,,,,sub_out
2947781697.0,FirstHalf,1h,11,40,345,367185.0,Bukayo Saka,Pass,Successful,9.9,17.7,10.8,3.1,False,True,False,False,,,False,False,345,False,False,False,False,,,"['Zone', 'PassEndX', 'PassEndY', 'Length', 'Angle']",False,,,,-0.0024,
2947781699.0,FirstHalf,1h,11,42,345,430019.0,Jarell Quansah,Pass,Unsuccessful,7.5,3.4,10.9,5.0,False,True,False,False,,,False,False,345,False,False,False,False,,,"['Longball', 'Zone', 'PassEndX', 'PassEndY', 'Length', 'Angle', 'OppositeRelatedEvent', 'Offensive']",False,,,,0.0014,sub_out
2947781705.0,FirstHalf,1h,11,42,341,433183.0,Désiré Doué,BlockedPass,Successful,89.1,95.0,,,False,False,False,False,,,False,False,341,False,False,False,False,,,"['Zone', 'OppositeRelatedEvent', 'Defensive']",False,,,,,sub_out
2947781739.0,FirstHalf,1h,11,48,345,430019.0,Jarell Quansah,Pass,Unsuccessful,10.6,0.0,29.7,27.1,False,True,False,False,,,False,False,345,False,False,False,False,,,"['Longball', 'Zone', 'ThrowIn', 'PassEndX', 'PassEndY', 'Length', 'Angle']",False,,,,0.0108,sub_out
2947781737.0,FirstHalf,1h,11,51,341,116609.0,Adrien Rabiot,Interception,Successful,70.3,72.9,,,False,False,False,False,,,False,False,341,True,False,False,False,Head,,"['Head', 'Zone']",False,,,,,
2947781747.0,FirstHalf,1h,11,53,341,444679.0,Warren Zaïre-Emery,BallRecovery,Successful,66.9,69.2,,,False,False,False,False,,,False,False,341,False,False,False,False,,,[],False,,,,,
2947781753.0,FirstHalf,1h,11,55,341,444679.0,Warren Zaïre-Emery,Pass,Successful,65.2,64.0,67.9,67.5,False,True,False,False,,,False,False,341,False,False,False,False,,,"['Zone', 'PassEndX', 'PassEndY', 'Length', 'Angle']",False,,,,0.0967,
2947781759.0,FirstHalf,1h,11,58,341,386153.0,Rayan Cherki,Pass,Successful,67.9,67.5,56.9,60.2,False,True,False,False,,,False,False,341,False,False,False,False,,,"['Zone', 'PassEndX', 'PassEndY', 'Length', 'Angle']",False,,,,-0.1152,sub_out
2947781777.0,FirstHalf,1h,12,1,341,345957.0,Ibrahima Konaté,Pass,Successful,55.6,53.5,55.1,46.2,False,True,False,False,,,False,False,341,False,False,False,False,,,"['Zone', 'PassEndX', 'PassEndY', 'Length', 'Angle']",False,,,,0.0,sub_out
2947781789.0,FirstHalf,1h,12,3,341,444679.0,Warren Zaïre-Emery,Pass,Successful,54.7,40.7,60.6,9.6,False,True,False,False,,,False,False,341,False,False,False,False,,,"['Zone', 'PassEndX', 'PassEndY', 'Length', 'Angle']",False,,,,-0.1074,
2947781823.0,FirstHalf,1h,12,6,341,403850.0,Malo Gusto,Pass,Successful,60.5,8.4,70.9,7.5,False,True,False,False,,,False,False,341,False,False,False,False,,,"['Zone', 'PassEndX', 'PassEndY', 'Length', 'Angle']",False,,,,0.0218,sub_out
2947781831.0,FirstHalf,1h,12,13,341,371281.0,Michael Olise,Pass,Successful,67.7,10.2,57.4,18.9,False,True,False,False,,,False,False,341,False,False,False,False,,,"['Zone', 'PassEndX', 'PassEndY', 'Length', 'Angle']",False,,,,-0.0201,
2947781853.0,FirstHalf,1h,12,15,341,444679.0,Warren Zaïre-Emery,Pass,Successful,56.2,19.8,47.3,40.2,False,True,False,False,,,False,False,341,False,False,False,False,,,"['Zone', 'PassEndX', 'PassEndY', 'Length', 'Angle']",False,,,,0.0223,
2947781863.0,FirstHalf,1h,12,19,341,345957.0,Ibrahima Konaté,Pass,Successful,54.6,47.0,55.5,78.7,False,True,False,False,,,False,False,341,False,False,False,False,,,"['Zone', 'PassEndX', 'PassEndY', 'Length', 'Angle']",False,,,,-0.1057,sub_out
2947781873.0,FirstHalf,1h,12,23,341,401130.0,Maxence Lacroix,Pass,Successful,55.6,80.3,64.8,95.0,False,True,False,False,,,False,False,341,False,False,False,False,,,"['Zone', 'PassEndX', 'PassEndY', 'Length', 'Angle']",False,,,,-0.0017,
2947781881.0,FirstHalf,1h,12,26,341,303115.0,Théo Hernández,Pass,Successful,64.8,95.0,63.3,90.9,False,True,False,False,,,False,False,341,False,False,False,False,,,"['Zone', 'PassEndX', 'PassEndY', 'Length', 'Angle']",False,,,,0.0,sub_out
2947781887.0,FirstHalf,1h,12,27,341,116609.0,Adrien Rabiot,Pass,Successful,62.9,90.3,64.0,95.3,False,True,False,False,,,False,False,341,False,False,False,False,,,"['Zone', 'PassEndX', 'PassEndY', 'Length', 'Angle']",False,,,,0.0,
2947781895.0,FirstHalf,1h,12,27,341,303115.0,Théo Hernández,Pass,Successful,64.0,95.3,47.6,72.9,False,True,False,False,,,False,False,341,False,False,False,False,,,"['Zone', 'PassEndX', 'PassEndY', 'Length', 'Angle']",False,,,,0.0006,sub_out
2947781903.0,FirstHalf,1h,12,30,341,401130.0,Maxence Lacroix,Pass,Successful,46.9,70.0,47.2,44.4,False,True,False,False,,,False,False,341,False,False,False,False,,,"['Zone', 'PassEndX', 'PassEndY', 'Length', 'Angle']",False,,,,0.0234,
2947781923.0,FirstHalf,1h,12,33,341,345957.0,Ibrahima Konaté,Pass,Successful,51.3,40.9,67.0,6.1,False,True,False,False,,,False,False,341,False,False,False,False,,,"['Zone', 'PassEndX', 'PassEndY', 'Length', 'Angle']",False,,,,-0.0856,sub_out
2947781941.0,FirstHalf,1h,12,38,341,371281.0,Michael Olise,Pass,Successful,71.7,7.9,65.1,9.3,False,True,False,False,,,False,False,341,False,False,False,False,,,"['Zone', 'PassEndX', 'PassEndY', 'Length', 'Angle']",False,,,,-0.0218,
2947781951.0,FirstHalf,1h,12,40,341,403850.0,Malo Gusto,Pass,Successful,70.0,12.8,65.8,23.6,False,True,False,False,,,False,False,341,False,False,False,False,,,"['Zone', 'PassEndX', 'PassEndY', 'Length', 'Angle']",False,,,,-0.0466,sub_out
2947781963.0,FirstHalf,1h,12,42,341,444679.0,Warren Zaïre-Emery,Pass,Successful,59.6,29.7,53.4,69.7,False,True,False,False,,,False,False,341,False,False,False,False,,,"['Zone', 'PassEndX', 'PassEndY', 'Length', 'Angle']",False,,,,-0.0881,
2947781975.0,FirstHalf,1h,12,45,341,401130.0,Maxence Lacroix,Pass,Successful,53.5,70.0,52.1,43.6,False,True,False,False,,,False,False,341,False,False,False,False,,,"['Zone', 'PassEndX', 'PassEndY', 'Length', 'Angle']",False,,,,0.0696,
2947781999.0,FirstHalf,1h,12,50,341,345957.0,Ibrahima Konaté,Pass,Successful,60.2,31.2,70.8,7.5,False,True,False,False,,,False,False,341,False,False,False,False,,,"['Zone', 'PassEndX', 'PassEndY', 'Length', 'Angle']",False,,,,-0.1041,sub_out
2947782009.0,FirstHalf,1h,12,56,345,332325.0,Declan Rice,Challenge,Unsuccessful,19.9,71.8,,,False,False,False,False,,,False,False,345,False,False,False,False,,,"['Zone', 'OppositeRelatedEvent', 'Defensive']",False,,,,,
2947782013.0,FirstHalf,1h,12,56,341,371281.0,Michael Olise,TakeOn,Successful,80.1,28.2,,,False,False,False,False,,,False,False,341,False,False,False,False,,,"['Zone', 'OppositeRelatedEvent', 'Offensive']",False,,,,,
2947782015.0,FirstHalf,1h,12,58,341,371281.0,Michael Olise,BallTouch,Unsuccessful,80.0,34.0,,,False,False,False,False,,,False,False,341,False,False,False,False,,,['Zone'],False,,,,,
2947782033.0,FirstHalf,1h,12,58,345,362219.0,Djed Spence,Clearance,Successful,20.8,62.7,33.4,62.6,False,False,False,False,,,False,False,345,False,False,False,False,,,"['Zone', 'PassEndX', 'PassEndY', 'Length', 'Angle']",False,,,,,
2947782037.0,FirstHalf,1h,13,0,345,134240.0,Ivan Toney,Foul,Successful,25.4,62.8,,,False,False,False,False,,,False,False,345,False,False,False,False,,,"['Foul', 'Zone', 'OppositeRelatedEvent', 'Defensive']",False,,,,,sub_out
2947782047.0,FirstHalf,1h,13,0,341,401130.0,Maxence Lacroix,Foul,Unsuccessful,74.6,37.2,,,False,False,False,False,,,False,False,341,False,False,False,False,,,"['Foul', 'Zone', 'OppositeRelatedEvent', 'Offensive']",False,,,,,
2947782121.0,FirstHalf,1h,13,12,345,332325.0,Declan Rice,Pass,Successful,31.4,59.4,40.0,9.5,False,True,False,False,,,False,False,345,False,False,False,False,,,"['Longball', 'FreekickTaken', 'Zone', 'PassEndX', 'PassEndY', 'Length', 'Angle']",False,,,,-0.0119,
2947782131.0,FirstHalf,1h,13,17,345,430019.0,Jarell Quansah,Pass,Successful,56.4,8.2,62.3,25.8,False,True,False,False,,,False,False,345,False,False,False,False,,,"['Zone', 'PassEndX', 'PassEndY', 'Length', 'Angle']",False,,,,0.1401,sub_out
2947782151.0,FirstHalf,1h,13,22,345,367185.0,Bukayo Saka,Pass,Successful,60.5,24.7,57.4,31.0,False,True,False,False,,,False,False,345,False,False,False,False,,,"['Zone', 'PassEndX', 'PassEndY', 'Length', 'Angle']",False,,,,0.0017,
2947783103.0,FirstHalf,1h,13,23,345,362824.0,Morgan Rogers,Pass,Successful,60.5,32.1,63.7,28.8,False,True,False,False,,,False,False,345,False,False,False,False,,,"['Zone', 'PassEndX', 'PassEndY', 'Length', 'Angle']",False,,,,0.0,
2947783241.0,FirstHalf,1h,13,24,345,367185.0,Bukayo Saka,Pass,Successful,60.7,25.9,53.6,28.6,False,True,False,False,,,False,False,345,False,False,False,False,,,"['Zone', 'PassEndX', 'PassEndY', 'Length', 'Angle']",False,,,,-0.0881,
2947782157.0,FirstHalf,1h,13,25,345,362824.0,Morgan Rogers,Pass,Successful,57.4,31.2,57.4,24.0,False,True,False,False,,,False,False,345,False,False,False,False,,,"['Zone', 'PassEndX', 'PassEndY', 'Length', 'Angle']",False,,,,-0.0361,
2947782163.0,FirstHalf,1h,13,26,345,367185.0,Bukayo Saka,Pass,Successful,57.9,23.6,52.5,27.9,False,True,False,False,,,False,False,345,False,False,False,False,,,"['Zone', 'PassEndX', 'PassEndY', 'Length', 'Angle']",False,,,,0.0361,
2947782167.0,FirstHalf,1h,13,27,345,332325.0,Declan Rice,Pass,Successful,52.5,28.2,47.3,54.3,False,True,False,False,,,False,False,345,False,False,False,False,,,"['Zone', 'PassEndX', 'PassEndY', 'Length', 'Angle']",False,,,,-0.0138,
2947782175.0,FirstHalf,1h,13,30,345,374631.0,Marc Guéhi,BallTouch,Successful,54.0,56.4,,,False,False,False,False,,,False,False,345,False,False,False,False,,,['Zone'],False,,,,,sub_out
2947782183.0,FirstHalf,1h,13,35,345,332403.0,Eberechi Eze,Pass,Successful,57.7,35.1,58.0,21.3,False,True,False,False,,,False,False,345,False,False,False,False,,,"['Zone', 'PassEndX', 'PassEndY', 'Length', 'Angle']",False,,,,-0.0361,sub_out
2947782189.0,FirstHalf,1h,13,36,345,430019.0,Jarell Quansah,Pass,Successful,58.5,21.5,68.6,36.7,False,True,False,False,,,False,False,345,False,False,False,False,,,"['Zone', 'PassEndX', 'PassEndY', 'Length', 'Angle']",False,,,,0.1866,sub_out
2947782203.0,FirstHalf,1h,13,40,345,362824.0,Morgan Rogers,Pass,Unsuccessful,65.7,35.8,69.0,35.4,False,True,False,False,,,False,False,345,False,False,False,False,,,"['Zone', 'PassEndX', 'PassEndY', 'Length', 'Angle', 'OppositeRelatedEvent', 'Offensive']",False,,,,0.0967,
2947782193.0,FirstHalf,1h,13,40,341,116609.0,Adrien Rabiot,BlockedPass,Successful,31.0,64.6,,,False,False,False,False,,,False,False,341,False,False,False,False,,,"['Zone', 'OppositeRelatedEvent', 'Defensive']",False,,,,,
2947782213.0,FirstHalf,1h,13,43,341,444679.0,Warren Zaïre-Emery,BallRecovery,Successful,31.4,70.3,,,False,False,False,False,,,False,False,341,False,False,False,False,,,[],False,,,,,
2947782219.0,FirstHalf,1h,13,43,341,444679.0,Warren Zaïre-Emery,Pass,Successful,31.5,70.6,35.4,69.8,False,True,False,False,,,False,False,341,False,False,False,False,,,"['Zone', 'PassEndX', 'PassEndY', 'Length', 'Angle']",False,,,,0.0067,
2947782243.0,FirstHalf,1h,13,44,341,300713.0,Kylian Mbappé,Pass,Successful,35.4,69.7,54.9,65.4,False,True,False,False,,,False,False,341,False,False,False,False,,,"['Zone', 'PassEndX', 'PassEndY', 'Length', 'Angle']",False,,,,0.0502,
2947782283.0,FirstHalf,1h,13,48,341,444679.0,Warren Zaïre-Emery,Pass,Successful,58.8,69.5,71.4,88.4,False,True,False,False,,,False,False,341,False,False,False,False,,,"['Zone', 'PassEndX', 'PassEndY', 'Length', 'Angle']",False,,,,-0.1041,
2947782303.0,FirstHalf,1h,13,56,341,433183.0,Désiré Doué,Pass,Successful,74.6,73.2,80.3,84.2,False,True,False,False,,,False,False,341,False,False,False,False,,,"['Zone', 'PassEndX', 'PassEndY', 'Length', 'Angle']",False,,,,-0.0767,sub_out
2947782309.0,FirstHalf,1h,14,1,345,430019.0,Jarell Quansah,Challenge,Unsuccessful,8.1,26.3,,,False,False,False,False,,,False,False,345,False,False,False,False,,,"['Zone', 'OppositeRelatedEvent', 'Defensive']",False,,,,,sub_out
2947782313.0,FirstHalf,1h,14,1,341,300713.0,Kylian Mbappé,TakeOn,Successful,91.9,73.7,,,False,False,False,False,,,False,False,341,False,False,False,False,,,"['Zone', 'OppositeRelatedEvent', 'Offensive']",False,,,,,
2947782315.0,FirstHalf,1h,14,3,341,300713.0,Kylian Mbappé,Pass,Unsuccessful,97.8,72.3,95.8,56.4,False,True,False,False,,,False,False,341,False,False,False,False,,,"['Zone', 'PassEndX', 'PassEndY', 'Length', 'Angle']",False,,,,0.1975,
2947782323.0,FirstHalf,1h,14,4,345,374631.0,Marc Guéhi,Clearance,Successful,4.3,49.7,0.0,30.7,False,False,False,False,,,False,False,345,False,False,False,False,,,"['Zone', 'PassEndX', 'PassEndY', 'Length', 'Angle']",False,,,,,sub_out
2947782325.0,FirstHalf,1h,14,5,345,374631.0,Marc Guéhi,CornerAwarded,Unsuccessful,1.4,37.2,,,False,False,False,False,,,False,False,345,False,False,False,False,,,"['Zone', 'MissLeft', 'OppositeRelatedEvent']",False,,,,,sub_out
2947782327.0,FirstHalf,1h,14,5,341,300713.0,Kylian Mbappé,CornerAwarded,Successful,98.6,62.8,,,False,False,False,False,,,False,False,341,False,False,False,False,,,"['Zone', 'MissLeft', 'OppositeRelatedEvent']",False,,,,,
2947782349.0,FirstHalf,1h,14,16,341,386153.0,Rayan Cherki,Pass,Successful,99.5,99.5,77.7,89.8,False,True,False,False,,,False,False,341,False,False,False,False,,,"['CornerTaken', 'Zone', 'PassEndX', 'PassEndY', 'Length', 'Angle']",False,,,,-0.084,sub_out
2947782355.0,FirstHalf,1h,14,18,341,303115.0,Théo Hernández,Pass,Successful,78.4,89.2,80.5,92.5,False,True,False,False,,,False,False,341,False,False,False,False,,,"['Zone', 'PassEndX', 'PassEndY', 'Length', 'Angle']",False,,,,0.0,sub_out
2947782357.0,FirstHalf,1h,14,20,341,386153.0,Rayan Cherki,Pass,Successful,80.2,90.1,91.1,86.8,False,True,False,False,,,False,False,341,False,False,False,False,,,"['Zone', 'PassEndX', 'PassEndY', 'Length', 'Angle']",False,,,,0.1665,sub_out
2947782365.0,FirstHalf,1h,14,22,341,303115.0,Théo Hernández,Pass,Unsuccessful,91.1,86.4,94.0,60.1,False,True,False,True,,,False,False,341,False,False,False,False,LeftFoot,,"['Cross', 'Zone', 'LeftFoot', 'PassEndX', 'PassEndY', 'Chipped', 'Length', 'Angle']",False,Cross,,,0.5031,sub_out
2947782387.0,FirstHalf,1h,14,24,345,134240.0,Ivan Toney,Clearance,Successful,4.5,41.6,38.8,10.3,False,False,False,False,,,False,False,345,True,False,False,False,Head,,"['Head', 'Zone', 'PassEndX', 'PassEndY', 'Length', 'Angle']",False,,,,,sub_out
2947782397.0,FirstHalf,1h,14,28,341,386153.0,Rayan Cherki,Pass,Successful,62.3,84.3,58.5,68.0,False,True,False,False,,,False,False,341,False,False,False,False,,,"['Zone', 'PassEndX', 'PassEndY', 'Length', 'Angle']",False,,,,0.0898,sub_out
2947782423.0,FirstHalf,1h,14,30,341,444679.0,Warren Zaïre-Emery,Pass,Successful,58.4,67.2,63.0,68.5,False,True,False,False,,,False,False,341,False,False,False,False,,,"['Zone', 'PassEndX', 'PassEndY', 'Length', 'Angle']",False,,,,0.0,
2947782433.0,FirstHalf,1h,14,37,341,371281.0,Michael Olise,Pass,Successful,56.5,54.9,54.8,42.1,False,True,False,False,,,False,False,341,False,False,False,False,,,"['Zone', 'PassEndX', 'PassEndY', 'Length', 'Angle']",False,,,,0.0,
2947782443.0,FirstHalf,1h,14,39,341,345957.0,Ibrahima Konaté,Pass,Successful,54.4,36.0,54.0,12.8,False,True,False,False,,,False,False,341,False,False,False,False,,,"['Zone', 'PassEndX', 'PassEndY', 'Length', 'Angle']",False,,,,-0.0361,sub_out
2947782453.0,FirstHalf,1h,14,41,341,403850.0,Malo Gusto,Pass,Successful,54.8,12.6,54.8,23.0,False,True,False,False,,,False,False,341,False,False,False,False,,,"['Zone', 'PassEndX', 'PassEndY', 'Length', 'Angle']",False,,,,0.0,sub_out
2947782471.0,FirstHalf,1h,14,43,341,371281.0,Michael Olise,Pass,Successful,56.4,22.9,65.8,7.8,False,True,False,False,,,False,False,341,False,False,False,False,,,"['Zone', 'PassEndX', 'PassEndY', 'Length', 'Angle']",False,,,,-0.0017,
2947782487.0,FirstHalf,1h,14,47,341,433183.0,Désiré Doué,Pass,Successful,65.4,11.9,33.8,59.8,False,True,False,False,,,False,False,341,False,False,False,False,,,"['Longball', 'Zone', 'PassEndX', 'PassEndY', 'Length', 'Angle']",False,,,,-0.0016,sub_out
2947782497.0,FirstHalf,1h,14,53,341,141646.0,Mike Maignan,Pass,Successful,33.7,60.5,39.4,68.0,False,True,False,False,,,False,False,341,False,False,False,False,,,"['Zone', 'PassEndX', 'PassEndY', 'Length', 'Angle']",False,,,,-0.0108,
2947782503.0,FirstHalf,1h,14,55,341,401130.0,Maxence Lacroix,Pass,Successful,40.9,67.5,40.3,41.8,False,True,False,False,,,False,False,341,False,False,False,False,,,"['Zone', 'PassEndX', 'PassEndY', 'Length', 'Angle']",False,,,,0.0108,
2947782511.0,FirstHalf,1h,14,57,341,345957.0,Ibrahima Konaté,Pass,Successful,43.0,46.6,46.1,50.9,False,True,False,False,,,False,False,341,False,False,False,False,,,"['Zone', 'PassEndX', 'PassEndY', 'Length', 'Angle']",False,,,,0.0,sub_out
2947782517.0,FirstHalf,1h,15,0,341,444679.0,Warren Zaïre-Emery,Pass,Successful,51.4,48.5,56.7,39.2,False,True,False,False,,,False,False,341,False,False,False,False,,,"['Zone', 'PassEndX', 'PassEndY', 'Length', 'Angle']",False,,,,0.0,
2947782529.0,FirstHalf,1h,15,1,341,386153.0,Rayan Cherki,Pass,Successful,56.8,38.9,54.9,48.3,False,True,False,False,,,False,False,341,False,False,False,False,,,"['Zone', 'PassEndX', 'PassEndY', 'Length', 'Angle']",False,,,,0.0,sub_out
2947782545.0,FirstHalf,1h,15,2,341,444679.0,Warren Zaïre-Emery,Pass,Successful,56.7,42.5,54.4,32.5,False,True,False,False,,,False,False,341,False,False,False,False,,,"['Zone', 'PassEndX', 'PassEndY', 'Length', 'Angle']",False,,,,-0.0696,
2947782551.0,FirstHalf,1h,15,6,341,116609.0,Adrien Rabiot,Pass,Successful,55.3,37.3,60.5,12.0,False,True,False,False,,,False,False,341,False,False,False,False,,,"['Zone', 'PassEndX', 'PassEndY', 'Length', 'Angle']",False,,,,-0.0378,
2947782567.0,FirstHalf,1h,15,8,341,403850.0,Malo Gusto,Pass,Successful,60.4,11.9,70.7,7.5,False,True,False,False,,,False,False,341,False,False,False,False,,,"['Zone', 'PassEndX', 'PassEndY', 'Length', 'Angle']",False,,,,0.0218,sub_out
2947782571.0,FirstHalf,1h,15,15,341,371281.0,Michael Olise,Pass,Successful,72.6,9.6,76.7,7.9,False,True,False,False,,,False,False,341,False,False,False,False,,,"['Zone', 'PassEndX', 'PassEndY', 'Length', 'Angle']",False,,,,0.031,
2947782583.0,FirstHalf,1h,15,18,341,403850.0,Malo Gusto,Pass,Successful,75.2,7.6,69.1,8.4,False,True,False,False,,,False,False,341,False,False,False,False,,,"['Zone', 'PassEndX', 'PassEndY', 'Length', 'Angle']",False,,,,-0.031,sub_out
2947782587.0,FirstHalf,1h,15,22,341,371281.0,Michael Olise,Pass,Unsuccessful,67.7,9.0,66.8,9.6,False,True,False,False,,,False,False,341,False,False,False,False,,,"['Zone', 'PassEndX', 'PassEndY', 'Length', 'Angle', 'OppositeRelatedEvent', 'Offensive']",False,,,,0.0,
2947782589.0,FirstHalf,1h,15,22,345,362219.0,Djed Spence,BlockedPass,Successful,33.2,90.4,,,False,False,False,False,,,False,False,345,False,False,False,False,,,"['Zone', 'OppositeRelatedEvent', 'Defensive']",False,,,,,
2947782593.0,FirstHalf,1h,15,22,341,371281.0,Michael Olise,BallTouch,Successful,68.7,8.7,,,False,False,False,False,,,False,False,341,False,False,False,False,,,['Zone'],False,,,,,
2947782601.0,FirstHalf,1h,15,23,341,345957.0,Ibrahima Konaté,Dispossessed,Successful,65.2,15.9,,,False,False,False,False,,,False,False,341,False,False,False,False,,,"['Zone', 'OppositeRelatedEvent', 'Offensive']",False,,,,,sub_out
2947782609.0,FirstHalf,1h,15,23,345,362219.0,Djed Spence,Tackle,Successful,34.8,84.1,,,False,False,False,False,,,False,False,345,False,False,False,False,,,"['Zone', 'OppositeRelatedEvent', 'Defensive']",False,,,,,
2947782613.0,FirstHalf,1h,15,31,345,300299.0,Marcus Rashford,BallRecovery,Successful,9.2,93.3,,,False,False,False,False,,,False,False,345,False,False,False,False,,,[],False,,,,,sub_out
2947782627.0,FirstHalf,1h,15,35,345,300299.0,Marcus Rashford,Pass,Successful,8.5,90.8,22.2,82.7,False,True,False,False,,,False,False,345,False,False,False,False,,,"['Zone', 'PassEndX', 'PassEndY', 'Length', 'Angle']",False,,,,0.004,sub_out
2947782641.0,FirstHalf,1h,15,38,345,332325.0,Declan Rice,Pass,Successful,22.5,82.4,15.4,67.3,False,True,False,False,,,False,False,345,False,False,False,False,,,"['Zone', 'PassEndX', 'PassEndY', 'Length', 'Angle']",False,,,,0.0,
2947782651.0,FirstHalf,1h,15,45,345,374631.0,Marc Guéhi,Pass,Successful,43.8,46.9,40.4,22.2,False,True,False,False,,,False,False,345,False,False,False,False,,,"['Zone', 'PassEndX', 'PassEndY', 'Length', 'Angle']",False,,,,-0.044,sub_out
2947782665.0,FirstHalf,1h,15,48,345,430019.0,Jarell Quansah,Pass,Successful,40.9,23.9,41.8,53.1,False,True,False,False,,,False,False,345,False,False,False,False,,,"['Zone', 'PassEndX', 'PassEndY', 'Length', 'Angle']",False,,,,0.044,sub_out
2947782673.0,FirstHalf,1h,15,56,345,332325.0,Declan Rice,Pass,Successful,47.0,58.4,52.2,68.8,False,True,False,False,,,False,False,345,False,False,False,False,,,"['Zone', 'PassEndX', 'PassEndY', 'Length', 'Angle']",False,,,,0.0138,
2947782675.0,FirstHalf,1h,15,57,345,332403.0,Eberechi Eze,Pass,Successful,52.2,68.8,38.3,60.5,False,True,False,False,,,False,False,345,False,False,False,False,,,"['Zone', 'PassEndX', 'PassEndY', 'LayOff', 'Length', 'Angle']",False,,,,-0.0394,sub_out
2947782691.0,FirstHalf,1h,15,59,345,374631.0,Marc Guéhi,Pass,Successful,36.4,63.4,43.1,54.9,False,True,False,False,,,False,False,345,False,False,False,False,,,"['Zone', 'PassEndX', 'PassEndY', 'Length', 'Angle']",False,,,,0.0364,sub_out
2947782693.0,FirstHalf,1h,16,4,345,332403.0,Eberechi Eze,Pass,Successful,44.4,48.8,42.6,23.0,False,True,False,False,,,False,False,345,False,False,False,False,,,"['Zone', 'PassEndX', 'PassEndY', 'Length', 'Angle']",False,,,,-0.0379,sub_out
2947782707.0,FirstHalf,1h,16,5,345,430019.0,Jarell Quansah,Pass,Successful,42.3,23.1,32.3,36.9,False,True,False,False,,,False,False,345,False,False,False,False,,,"['Zone', 'PassEndX', 'PassEndY', 'Length', 'Angle']",False,,,,-0.0052,sub_out
2947782709.0,FirstHalf,1h,16,10,345,301440.0,Ezri Konsa,Pass,Successful,32.0,36.4,34.1,61.1,False,True,False,False,,,False,False,345,False,False,False,False,,,"['Zone', 'PassEndX', 'PassEndY', 'Length', 'Angle']",False,,,,0.0175,
2947782721.0,FirstHalf,1h,16,12,345,374631.0,Marc Guéhi,Pass,Unsuccessful,44.7,66.0,90.4,74.4,False,True,False,False,,,False,False,345,False,False,False,False,,,"['Longball', 'Zone', 'PassEndX', 'PassEndY', 'Chipped', 'Length', 'Angle']",False,Chipped,,,0.4274,sub_out
2947782727.0,FirstHalf,1h,16,17,341,141646.0,Mike Maignan,KeeperPickup,Successful,12.4,26.7,,,False,False,False,False,,,False,False,341,False,False,False,False,,,[],False,,,,,
2947782739.0,FirstHalf,1h,16,18,341,141646.0,Mike Maignan,Pass,Successful,13.9,28.8,22.0,60.8,False,True,False,False,,,False,False,341,False,False,False,False,,,"['Zone', 'KeeperThrow', 'PassEndX', 'PassEndY', 'Length', 'Angle']",False,,,,0.0048,
2947782749.0,FirstHalf,1h,16,24,341,401130.0,Maxence Lacroix,Pass,Successful,32.1,66.2,30.5,40.5,False,True,False,False,,,False,False,341,False,False,False,False,,,"['Zone', 'PassEndX', 'PassEndY', 'Length', 'Angle']",False,,,,0.0053,
2947782763.0,FirstHalf,1h,16,26,341,345957.0,Ibrahima Konaté,Pass,Successful,29.5,35.2,31.1,9.3,False,True,False,False,,,False,False,341,False,False,False,False,,,"['Zone', 'PassEndX', 'PassEndY', 'Length', 'Angle']",False,,,,-0.0085,sub_out
2947782777.0,FirstHalf,1h,16,31,341,403850.0,Malo Gusto,Pass,Successful,33.8,14.8,37.6,29.4,False,True,False,False,,,False,False,341,False,False,False,False,,,"['Zone', 'PassEndX', 'PassEndY', 'Length', 'Angle']",False,,,,0.0077,sub_out
2947782779.0,FirstHalf,1h,16,35,341,444679.0,Warren Zaïre-Emery,Dispossessed,Successful,39.6,24.0,,,False,False,False,False,,,False,False,341,False,False,False,False,,,"['Zone', 'OppositeRelatedEvent', 'Offensive']",False,,,,,
2947782783.0,FirstHalf,1h,16,35,345,134240.0,Ivan Toney,Tackle,Unsuccessful,60.4,76.0,,,False,False,False,False,,,False,False,345,False,False,False,False,,,"['Zone', 'StandingSave', 'OppositeRelatedEvent', 'Defensive']",False,,,,,sub_out
2947782801.0,FirstHalf,1h,16,38,341,444679.0,Warren Zaïre-Emery,Pass,Successful,42.8,17.2,40.7,37.3,False,True,False,False,,,False,False,341,False,False,False,False,,,"['Zone', 'PassEndX', 'PassEndY', 'Length', 'Angle']",False,,,,0.0016,
2947782815.0,FirstHalf,1h,16,43,341,116609.0,Adrien Rabiot,Pass,Successful,39.8,37.8,51.0,31.4,False,True,False,False,,,False,False,341,False,False,False,False,,,"['Zone', 'PassEndX', 'PassEndY', 'Length', 'Angle']",False,,,,0.0394,
2947782829.0,FirstHalf,1h,16,49,341,444679.0,Warren Zaïre-Emery,Pass,Successful,65.9,19.0,68.9,6.4,False,True,False,False,,,False,False,341,False,False,False,False,,,"['Zone', 'PassEndX', 'PassEndY', 'Length', 'Angle']",False,,,,-0.0143,
2947782837.0,FirstHalf,1h,16,52,341,403850.0,Malo Gusto,Pass,Successful,66.0,7.6,57.3,19.2,False,True,False,False,,,False,False,341,False,False,False,False,,,"['Zone', 'PassEndX', 'PassEndY', 'Length', 'Angle']",False,,,,0.0017,sub_out
2947782847.0,FirstHalf,1h,16,55,341,116609.0,Adrien Rabiot,Pass,Unsuccessful,58.8,22.1,73.0,37.2,False,True,False,False,,,False,False,341,False,False,False,False,,,"['Zone', 'PassEndX', 'PassEndY', 'Length', 'Angle']",False,,,,0.1866,
2947782849.0,FirstHalf,1h,16,58,345,374631.0,Marc Guéhi,Interception,Successful,27.0,62.8,,,False,False,False,False,,,False,False,345,False,False,False,False,,,['Zone'],False,,,,,sub_out
2947782851.0,FirstHalf,1h,16,59,345,134240.0,Ivan Toney,BallRecovery,Successful,37.3,66.6,,,False,False,False,False,,,False,False,345,False,False,False,False,,,[],False,,,,,sub_out
2947782859.0,FirstHalf,1h,17,0,345,134240.0,Ivan Toney,Pass,Successful,39.4,66.7,34.0,59.4,False,True,False,False,,,False,False,345,False,False,False,False,,,"['Zone', 'PassEndX', 'PassEndY', 'Length', 'Angle']",False,,,,0.0108,sub_out
2947782863.0,FirstHalf,1h,17,1,345,362824.0,Morgan Rogers,Pass,Successful,34.7,59.6,45.1,48.4,False,True,False,False,,,False,False,345,False,False,False,False,,,"['Zone', 'PassEndX', 'PassEndY', 'Length', 'Angle']",False,,,,0.0256,
2947782867.0,FirstHalf,1h,17,1,345,332403.0,Eberechi Eze,Pass,Successful,44.9,47.2,71.4,33.1,False,True,True,False,,,False,False,345,False,False,False,False,,,"['Throughball', 'Zone', 'PassEndX', 'PassEndY', 'IntentionalAssist', 'ShotAssist', 'Length', 'Angle', 'KeyPass']",False,KeyPass,,,0.1986,sub_out
2947782883.0,FirstHalf,1h,17,8,345,367185.0,Bukayo Saka,SavedShot,Successful,87.7,37.1,,,True,False,False,False,Blocked,BlockedShot,False,False,345,False,False,False,False,LeftFoot,,"['BoxCentre', 'FastBreak', 'Assisted', 'RelatedEventId', 'Zone', 'LeftFoot', 'LowCentre', 'Blocked', 'GoalMouthY', 'GoalMouthZ', 'BlockedX', 'BlockedY', 'IntentionalAssist', 'IndividualPlay', 'OppositeRelatedEvent']",False,FastBreak,0.099,xg_v3_submodel_calibrated_2025,,
2947782879.0,FirstHalf,1h,17,8,341,401130.0,Maxence Lacroix,Save,Successful,10.8,61.4,,,False,False,False,False,,,False,False,341,False,False,False,False,,,"['Zone', 'OutfielderBlock', 'OppositeRelatedEvent']",False,,,,,
2947782881.0,FirstHalf,1h,17,9,341,401130.0,Maxence Lacroix,CornerAwarded,Unsuccessful,12.3,62.0,,,False,False,False,False,,,False,False,341,False,False,False,False,,,"['Zone', 'MissLeft', 'OppositeRelatedEvent']",False,,,,,
2947782891.0,FirstHalf,1h,17,9,345,367185.0,Bukayo Saka,CornerAwarded,Successful,87.7,38.0,,,False,False,False,False,,,False,False,345,False,False,False,False,,,"['Zone', 'MissLeft', 'OppositeRelatedEvent']",False,,,,,
2947783025.0,FirstHalf,1h,17,49,345,332325.0,Declan Rice,Pass,Successful,99.5,99.5,92.7,53.8,False,True,True,True,,,False,False,345,False,False,False,False,RightFoot,,"['Cross', 'CornerTaken', 'RightFoot', 'FromCorner', 'Zone', 'PassEndX', 'PassEndY', 'IntentionalAssist', 'Chipped', 'ShotAssist', 'Length', 'Angle', 'IntentionalGoalAssist', 'KeyPass']",False,Cross,,,0.5856,
2947783037.0,FirstHalf,1h,17,50,345,301440.0,Ezri Konsa,Aerial,Successful,92.7,53.8,,,False,False,False,False,,,False,False,345,False,False,False,False,,,"['Zone', 'OppositeRelatedEvent', 'Offensive']",False,,,,,
2947783029.0,FirstHalf,1h,17,50,341,116609.0,Adrien Rabiot,Aerial,Unsuccessful,7.3,46.2,,,False,False,False,False,,,False,False,341,False,False,False,False,,,"['Zone', 'OppositeRelatedEvent', 'Defensive']",False,,,,,
2947783039.0,FirstHalf,1h,17,52,345,301440.0,Ezri Konsa,Goal,Successful,92.7,53.8,,,True,False,False,False,On Target,Goal,True,False,345,True,False,False,False,Head,,"['Head', 'BoxCentre', 'FromCorner', 'Assisted', 'RelatedEventId', 'Zone', 'LowRight', 'GoalMouthY', 'GoalMouthZ', 'IntentionalAssist', 'FirstTouch']",False,,0.0634,xg_v3_submodel_calibrated_2025,,
2947783193.0,FirstHalf,1h,18,59,341,300713.0,Kylian Mbappé,Pass,Successful,50.2,50.0,51.9,47.9,False,True,False,False,,,False,False,341,False,False,False,False,,,"['Zone', 'PassEndX', 'PassEndY', 'Length', 'Angle']",False,,,,0.0,
2947783199.0,FirstHalf,1h,19,1,341,386153.0,Rayan Cherki,Pass,Successful,47.7,49.2,45.5,44.5,False,True,False,False,,,False,False,341,False,False,False,False,,,"['Zone', 'PassEndX', 'PassEndY', 'Length', 'Angle']",False,,,,0.0,sub_out
2947783207.0,FirstHalf,1h,19,3,341,444679.0,Warren Zaïre-Emery,Pass,Successful,45.3,42.5,37.8,19.3,False,True,False,False,,,False,False,341,False,False,False,False,,,"['Zone', 'PassEndX', 'PassEndY', 'Length', 'Angle']",False,,,,-0.044,
2947783219.0,FirstHalf,1h,19,5,341,403850.0,Malo Gusto,Pass,Successful,37.4,19.0,28.3,32.2,False,True,False,False,,,False,False,341,False,False,False,False,,,"['Zone', 'PassEndX', 'PassEndY', 'Length', 'Angle']",False,,,,0.001,sub_out
2947783227.0,FirstHalf,1h,19,9,341,345957.0,Ibrahima Konaté,Pass,Successful,25.8,38.5,33.8,47.2,False,True,False,False,,,False,False,341,False,False,False,False,,,"['Zone', 'PassEndX', 'PassEndY', 'Length', 'Angle']",False,,,,0.0122,sub_out
2947783233.0,FirstHalf,1h,19,10,341,116609.0,Adrien Rabiot,Pass,Successful,34.9,48.3,28.8,13.3,False,True,False,False,,,False,False,341,False,False,False,False,,,"['Zone', 'PassEndX', 'PassEndY', 'LayOff', 'Length', 'Angle']",False,,,,-0.0218,
2947783245.0,FirstHalf,1h,19,13,341,403850.0,Malo Gusto,Pass,Unsuccessful,28.8,13.4,33.8,13.7,False,True,False,False,,,False,False,341,False,False,False,False,,,"['Zone', 'PassEndX', 'PassEndY', 'Length', 'Angle']",False,,,,0.0033,sub_out
2947783253.0,FirstHalf,1h,19,14,345,332325.0,Declan Rice,Interception,Successful,66.2,86.3,,,False,False,False,False,,,False,False,345,False,False,False,False,,,['Zone'],False,,,,,
2947783259.0,FirstHalf,1h,19,15,341,444679.0,Warren Zaïre-Emery,BallTouch,Successful,33.8,13.7,,,False,False,False,False,,,False,False,341,False,False,False,False,,,['Zone'],False,,,,,
2947783257.0,FirstHalf,1h,19,16,345,332325.0,Declan Rice,Pass,Unsuccessful,61.3,87.5,64.4,88.5,False,True,False,False,,,False,False,345,False,False,False,False,,,"['Zone', 'PassEndX', 'PassEndY', 'Length', 'Angle']",False,,,,0.0,
2947783263.0,FirstHalf,1h,19,16,341,371281.0,Michael Olise,BallTouch,Successful,33.1,14.5,,,False,False,False,False,,,False,False,341,False,False,False,False,,,['Zone'],False,,,,,
2947784409.0,FirstHalf,1h,19,16,345,362824.0,Morgan Rogers,BallRecovery,Successful,68.8,63.4,,,False,False,False,False,,,False,False,345,False,False,False,False,,,[],False,,,,,
2947783265.0,FirstHalf,1h,19,17,345,362824.0,Morgan Rogers,Pass,Successful,64.6,83.2,66.0,89.4,False,True,False,False,,,False,False,345,False,False,False,False,,,"['Zone', 'PassEndX', 'PassEndY', 'Length', 'Angle']",False,,,,-0.0361,
2947783267.0,FirstHalf,1h,19,19,345,332403.0,Eberechi Eze,TakeOn,Unsuccessful,66.0,89.6,,,False,False,False,False,,,False,False,345,False,False,False,False,,,"['Zone', 'OverRun', 'Offensive']",False,,,,,sub_out
2947783273.0,FirstHalf,1h,19,20,341,403850.0,Malo Gusto,Foul,Successful,31.1,11.5,,,False,False,False,False,,,False,False,341,False,False,False,False,,,"['Foul', 'Zone', 'OppositeRelatedEvent', 'Defensive']",False,,,,,sub_out
2947783271.0,FirstHalf,1h,19,20,345,332403.0,Eberechi Eze,Foul,Unsuccessful,68.8,88.6,,,False,False,False,False,,,False,False,345,False,False,False,False,,,"['Foul', 'Zone', 'OppositeRelatedEvent', 'Offensive']",False,,,,,sub_out
2947783301.0,FirstHalf,1h,19,29,341,403850.0,Malo Gusto,Pass,Successful,33.3,11.7,24.0,32.0,False,True,False,False,,,False,False,341,False,False,False,False,,,"['FreekickTaken', 'Zone', 'PassEndX', 'PassEndY', 'Length', 'Angle']",False,,,,0.0045,sub_out
2947783311.0,FirstHalf,1h,19,31,341,345957.0,Ibrahima Konaté,Pass,Successful,23.9,31.1,23.2,65.1,False,True,False,False,,,False,False,341,False,False,False,False,,,"['Zone', 'PassEndX', 'PassEndY', 'Length', 'Angle']",False,,,,0.0,sub_out
2947783321.0,FirstHalf,1h,19,35,341,401130.0,Maxence Lacroix,Pass,Successful,24.7,67.5,35.3,88.1,False,True,False,False,,,False,False,341,False,False,False,False,,,"['Zone', 'PassEndX', 'PassEndY', 'Length', 'Angle']",False,,,,-0.0026,
2947783329.0,FirstHalf,1h,19,38,341,303115.0,Théo Hernández,Pass,Unsuccessful,34.6,89.2,83.8,73.9,False,True,False,False,,,False,False,341,False,False,False,False,,,"['Longball', 'Zone', 'PassEndX', 'PassEndY', 'Chipped', 'Length', 'Angle']",False,Chipped,,,0.4536,sub_out
2947783331.0,FirstHalf,1h,19,43,345,304008.0,Dean Henderson,KeeperSweeper,Successful,14.2,26.7,,,False,False,False,False,,,False,False,345,False,False,False,False,,,['Zone'],False,,,,,
2947783333.0,FirstHalf,1h,19,44,345,304008.0,Dean Henderson,KeeperPickup,Successful,14.2,26.7,,,False,False,False,False,,,False,False,345,False,False,False,False,,,[],False,,,,,
2947783359.0,FirstHalf,1h,19,47,345,304008.0,Dean Henderson,Pass,Successful,7.1,40.7,14.8,50.3,False,True,False,False,,,False,False,345,False,False,False,False,,,"['Zone', 'KeeperThrow', 'PassEndX', 'PassEndY', 'Length', 'Angle']",False,,,,0.0033,
2947783367.0,FirstHalf,1h,19,51,345,374631.0,Marc Guéhi,Pass,Successful,18.9,54.9,25.3,55.4,False,True,False,False,,,False,False,345,False,False,False,False,,,"['Zone', 'PassEndX', 'PassEndY', 'Length', 'Angle']",False,,,,0.0073,sub_out
2947783381.0,FirstHalf,1h,19,53,345,332325.0,Declan Rice,Pass,Successful,25.6,55.4,27.3,68.2,False,True,False,False,,,False,False,345,False,False,False,False,,,"['Zone', 'PassEndX', 'PassEndY', 'Length', 'Angle']",False,,,,-0.0053,
2947783405.0,FirstHalf,1h,19,57,345,374631.0,Marc Guéhi,Pass,Successful,30.8,70.9,46.1,54.6,False,True,False,False,,,False,False,345,False,False,False,False,,,"['Zone', 'PassEndX', 'PassEndY', 'Length', 'Angle']",False,,,,0.0431,sub_out
2947794579.0,FirstHalf,1h,20,0,345,134240.0,Ivan Toney,OffsideGiven,Unsuccessful,75.6,55.6,,,False,False,False,False,,,False,False,345,False,False,False,False,,,[],False,,,,,sub_out
2947783407.0,FirstHalf,1h,20,1,345,134240.0,Ivan Toney,Foul,Successful,43.3,61.2,,,False,False,False,False,,,False,False,345,False,False,False,False,,,"['Foul', 'Zone', 'OppositeRelatedEvent', 'Offensive']",False,,,,,sub_out
2947783419.0,FirstHalf,1h,20,1,341,345957.0,Ibrahima Konaté,Foul,Unsuccessful,56.7,38.8,,,False,False,False,False,,,False,False,341,False,False,False,False,,,"['Foul', 'Zone', 'OppositeRelatedEvent', 'Defensive']",False,,,,,sub_out
2947783489.0,FirstHalf,1h,20,22,345,374631.0,Marc Guéhi,Pass,Successful,45.3,64.9,45.6,85.9,False,True,False,False,,,False,False,345,False,False,False,False,,,"['FreekickTaken', 'Zone', 'PassEndX', 'PassEndY', 'Length', 'Angle']",False,,,,-0.0145,sub_out
2947783497.0,FirstHalf,1h,20,27,345,332403.0,Eberechi Eze,Pass,Successful,46.5,85.4,64.8,94.7,False,True,False,False,,,False,False,345,False,False,False,False,,,"['Zone', 'PassEndX', 'PassEndY', 'Length', 'Angle']",False,,,,0.0139,sub_out
2947783511.0,FirstHalf,1h,20,30,345,362219.0,Djed Spence,Pass,Successful,68.1,95.9,69.6,84.2,False,True,False,False,,,False,False,345,False,False,False,False,,,"['Zone', 'PassEndX', 'PassEndY', 'Length', 'Angle']",False,,,,0.0609,
2947783515.0,FirstHalf,1h,20,31,345,300299.0,Marcus Rashford,Pass,Successful,69.6,84.2,62.0,89.7,False,True,False,False,,,False,False,345,False,False,False,False,,,"['Zone', 'PassEndX', 'PassEndY', 'Length', 'Angle']",False,,,,-0.0826,sub_out
2947783525.0,FirstHalf,1h,20,32,345,332403.0,Eberechi Eze,Pass,Successful,62.0,89.7,51.5,70.6,False,True,False,False,,,False,False,345,False,False,False,False,,,"['Zone', 'PassEndX', 'PassEndY', 'Length', 'Angle']",False,,,,0.0378,sub_out
2947783537.0,FirstHalf,1h,20,35,345,374631.0,Marc Guéhi,Pass,Successful,51.5,71.1,63.5,90.9,False,True,False,False,,,False,False,345,False,False,False,False,,,"['Zone', 'PassEndX', 'PassEndY', 'Length', 'Angle']",False,,,,-0.0378,sub_out
2947783579.0,FirstHalf,1h,20,38,345,332403.0,Eberechi Eze,OffsidePass,Successful,63.8,91.0,75.6,55.6,False,False,False,False,,,False,False,345,False,False,False,False,,,"['PlayerCaughtOffside', 'Zone', 'PassEndX', 'PassEndY']",False,,,,,sub_out
2947783583.0,FirstHalf,1h,20,38,341,345957.0,Ibrahima Konaté,OffsideProvoked,Successful,26.6,38.7,,,False,False,False,False,,,False,False,341,False,False,False,False,,,[],False,,,,,sub_out
2947783599.0,FirstHalf,1h,20,48,341,141646.0,Mike Maignan,Pass,Successful,11.2,43.0,22.4,71.6,False,True,False,False,,,False,False,341,False,False,False,False,,,"['FreekickTaken', 'Zone', 'PassEndX', 'PassEndY', 'Length', 'Angle', 'IndirectFreekickTaken']",False,,,,0.0019,
2947783615.0,FirstHalf,1h,20,55,341,303115.0,Théo Hernández,Pass,Successful,51.9,74.9,55.3,88.6,False,True,False,False,,,False,False,341,False,False,False,False,,,"['Zone', 'PassEndX', 'PassEndY', 'Length', 'Angle']",False,,,,-0.052,sub_out
2947783641.0,FirstHalf,1h,20,58,341,433183.0,Désiré Doué,Pass,Successful,61.1,92.8,56.0,81.8,False,True,False,False,,,False,False,341,False,False,False,False,,,"['Zone', 'PassEndX', 'PassEndY', 'Length', 'Angle']",False,,,,0.0017,sub_out
2947783661.0,FirstHalf,1h,21,3,341,300713.0,Kylian Mbappé,Pass,Successful,63.3,89.5,63.3,77.9,False,True,False,False,,,False,False,341,False,False,False,False,,,"['Zone', 'PassEndX', 'PassEndY', 'Length', 'Angle']",False,,,,0.0361,
2947783677.0,FirstHalf,1h,21,8,341,433183.0,Désiré Doué,Pass,Successful,60.3,64.0,69.1,9.0,False,True,False,False,,,False,False,341,False,False,False,False,,,"['Longball', 'Zone', 'PassEndX', 'PassEndY', 'Chipped', 'Length', 'Angle']",False,Chipped,,,-0.1041,sub_out
2947783683.0,FirstHalf,1h,21,14,341,386153.0,Rayan Cherki,Pass,Successful,69.1,12.0,77.1,6.5,False,True,False,False,,,False,False,341,False,False,False,False,,,"['Zone', 'PassEndX', 'PassEndY', 'Length', 'Angle']",False,,,,0.031,sub_out
2947783687.0,FirstHalf,1h,21,17,341,403850.0,Malo Gusto,Pass,Successful,79.1,7.3,77.1,16.8,False,True,False,False,,,False,False,341,False,False,False,False,,,"['Zone', 'PassEndX', 'PassEndY', 'Length', 'Angle']",False,,,,0.0932,sub_out
2947783689.0,FirstHalf,1h,21,19,341,371281.0,Michael Olise,Pass,Successful,77.1,16.8,77.5,9.3,False,True,False,False,,,False,False,341,False,False,False,False,,,"['Zone', 'PassEndX', 'PassEndY', 'Length', 'Angle']",False,,,,-0.0932,
2947783691.0,FirstHalf,1h,21,20,341,403850.0,Malo Gusto,Pass,Successful,77.5,8.8,68.0,9.7,False,True,False,False,,,False,False,341,False,False,False,False,,,"['Zone', 'PassEndX', 'PassEndY', 'Length', 'Angle']",False,,,,-0.031,sub_out
2947783695.0,FirstHalf,1h,21,22,341,386153.0,Rayan Cherki,Pass,Successful,66.4,10.4,60.2,33.5,False,True,False,False,,,False,False,341,False,False,False,False,,,"['Zone', 'PassEndX', 'PassEndY', 'Length', 'Angle']",False,,,,0.1259,sub_out
2947783699.0,FirstHalf,1h,21,25,341,345957.0,Ibrahima Konaté,Pass,Successful,59.6,36.1,62.7,62.7,False,True,False,False,,,False,False,341,False,False,False,False,,,"['Zone', 'PassEndX', 'PassEndY', 'Length', 'Angle']",False,,,,0.0,sub_out
2947783707.0,FirstHalf,1h,21,27,341,116609.0,Adrien Rabiot,Pass,Successful,62.9,63.7,74.4,93.8,False,True,False,False,,,False,False,341,False,False,False,False,,,"['Zone', 'PassEndX', 'PassEndY', 'Length', 'Angle']",False,,,,-0.1041,
2947783713.0,FirstHalf,1h,21,32,341,303115.0,Théo Hernández,Pass,Successful,67.7,86.3,58.8,68.8,False,True,False,False,,,False,False,341,False,False,False,False,,,"['Zone', 'PassEndX', 'PassEndY', 'Length', 'Angle']",False,,,,0.0433,sub_out
2947783717.0,FirstHalf,1h,21,34,341,401130.0,Maxence Lacroix,Pass,Successful,57.4,67.1,63.4,17.4,False,True,False,False,,,False,False,341,False,False,False,False,,,"['Longball', 'Zone', 'PassEndX', 'PassEndY', 'Length', 'Angle']",False,,,,-0.0017,
2947783727.0,FirstHalf,1h,21,38,341,403850.0,Malo Gusto,Pass,Successful,65.0,13.1,74.2,6.7,False,True,False,False,,,False,False,341,False,False,False,False,,,"['Zone', 'PassEndX', 'PassEndY', 'Length', 'Angle']",False,,,,-0.0143,sub_out
2947783735.0,FirstHalf,1h,21,43,341,371281.0,Michael Olise,Pass,Successful,85.8,17.5,81.2,25.9,False,True,False,False,,,False,False,341,False,False,False,False,,,"['Zone', 'PassEndX', 'PassEndY', 'Length', 'Angle']",False,,,,0.1076,
2947783749.0,FirstHalf,1h,21,46,341,386153.0,Rayan Cherki,Pass,Successful,80.6,25.4,76.8,26.4,False,True,False,False,,,False,False,341,False,False,False,False,,,"['Zone', 'PassEndX', 'PassEndY', 'Length', 'Angle']",False,,,,0.0,sub_out
2947783761.0,FirstHalf,1h,21,50,341,371281.0,Michael Olise,Pass,Successful,74.9,30.2,76.1,78.7,False,True,True,False,,,False,False,341,False,False,False,False,,,"['Longball', 'Zone', 'PassEndX', 'PassEndY', 'Chipped', 'ShotAssist', 'Length', 'Angle', 'KeyPass']",False,Chipped,,,-0.0767,
2947783771.0,FirstHalf,1h,21,55,341,300713.0,Kylian Mbappé,MissedShots,Successful,76.6,73.6,,,True,False,False,False,Off Target,MissedShots,False,False,341,False,False,False,False,RightFoot,,"['OutOfBoxCentre', 'RightFoot', 'RegularPlay', 'Assisted', 'RelatedEventId', 'Zone', 'MissRight', 'GoalMouthY', 'GoalMouthZ', 'IndividualPlay']",False,,0.0354,xg_v3_submodel_calibrated_2025,,
2947784469.0,FirstHalf,1h,25,9,345,301440.0,Ezri Konsa,Pass,Successful,5.4,38.5,3.3,49.0,False,True,False,False,,,False,False,345,False,False,False,False,,,"['Zone', 'GoalKick', 'PassEndX', 'PassEndY', 'Length', 'Angle']",False,,,,0.0,
2947784487.0,FirstHalf,1h,25,15,345,304008.0,Dean Henderson,Pass,Successful,7.1,48.5,12.9,26.1,False,True,False,False,,,False,False,345,False,False,False,False,,,"['Zone', 'PassEndX', 'PassEndY', 'Length', 'Angle']",False,,,,0.0024,
2947784493.0,FirstHalf,1h,25,19,345,301440.0,Ezri Konsa,Pass,Successful,13.2,25.5,28.6,9.2,False,True,False,False,,,False,False,345,False,False,False,False,,,"['Zone', 'PassEndX', 'PassEndY', 'Length', 'Angle']",False,,,,-0.0016,
2947784505.0,FirstHalf,1h,25,21,345,332325.0,Declan Rice,Pass,Successful,31.7,12.8,27.6,34.0,False,True,False,False,,,False,False,345,False,False,False,False,,,"['Zone', 'PassEndX', 'PassEndY', 'Length', 'Angle']",False,,,,0.0043,
2947784517.0,FirstHalf,1h,25,25,345,301440.0,Ezri Konsa,Pass,Successful,29.6,40.1,30.2,53.0,False,True,False,False,,,False,False,345,False,False,False,False,,,"['Zone', 'PassEndX', 'PassEndY', 'Length', 'Angle']",False,,,,0.0,
2947784523.0,FirstHalf,1h,25,28,345,332403.0,Eberechi Eze,Pass,Successful,32.8,60.6,27.9,64.9,False,True,False,False,,,False,False,345,False,False,False,False,,,"['Zone', 'PassEndX', 'PassEndY', 'Length', 'Angle']",False,,,,-0.0053,sub_out
2947784539.0,FirstHalf,1h,25,30,345,374631.0,Marc Guéhi,Pass,Successful,26.5,64.6,36.4,49.9,False,True,False,False,,,False,False,345,False,False,False,False,,,"['Zone', 'PassEndX', 'PassEndY', 'Length', 'Angle']",False,,,,0.0175,sub_out
2947784543.0,FirstHalf,1h,25,34,345,332325.0,Declan Rice,Pass,Successful,36.2,52.8,34.9,73.8,False,True,False,False,,,False,False,345,False,False,False,False,,,"['Zone', 'PassEndX', 'PassEndY', 'Length', 'Angle']",False,,,,-0.0108,
2947784557.0,FirstHalf,1h,25,35,345,332403.0,Eberechi Eze,Pass,Successful,34.4,74.2,44.3,97.1,False,True,False,False,,,False,False,345,False,False,False,False,,,"['Zone', 'PassEndX', 'PassEndY', 'Length', 'Angle']",False,,,,-0.0096,sub_out
2947784563.0,FirstHalf,1h,25,38,345,362219.0,Djed Spence,Pass,Successful,44.1,97.1,52.5,84.1,False,True,False,False,,,False,False,345,False,False,False,False,,,"['Zone', 'PassEndX', 'PassEndY', 'Length', 'Angle']",False,,,,0.0237,
2947784567.0,FirstHalf,1h,25,40,345,300299.0,Marcus Rashford,Pass,Successful,52.5,84.1,30.5,73.5,False,True,False,False,,,False,False,345,False,False,False,False,,,"['Zone', 'PassEndX', 'PassEndY', 'LayOff', 'Length', 'Angle']",False,,,,-0.0208,sub_out
2947784581.0,FirstHalf,1h,25,44,345,374631.0,Marc Guéhi,Pass,Successful,29.2,67.9,38.1,51.5,False,True,False,False,,,False,False,345,False,False,False,False,,,"['Zone', 'PassEndX', 'PassEndY', 'Length', 'Angle']",False,,,,0.0175,sub_out
2947784619.0,FirstHalf,1h,25,46,345,332325.0,Declan Rice,Pass,Successful,39.0,50.4,86.6,3.5,False,True,False,False,,,False,False,345,False,False,False,False,,,"['Longball', 'Zone', 'PassEndX', 'PassEndY', 'Chipped', 'Length', 'Angle']",False,Chipped,,,0.0927,
2947784623.0,FirstHalf,1h,25,51,345,430019.0,Jarell Quansah,BallTouch,Unsuccessful,86.6,3.5,,,False,False,False,False,,,False,False,345,False,False,False,False,,,['Zone'],False,,,,,sub_out
2947784629.0,FirstHalf,1h,25,53,341,303115.0,Théo Hernández,BallRecovery,Successful,10.3,93.2,,,False,False,False,False,,,False,False,341,False,False,False,False,,,[],False,,,,,sub_out
2947784649.0,FirstHalf,1h,25,54,341,303115.0,Théo Hernández,Pass,Unsuccessful,6.4,95.9,35.7,100.0,False,True,False,False,,,False,False,341,False,False,False,False,,,"['Longball', 'Zone', 'PassEndX', 'PassEndY', 'Length', 'Angle']",False,,,,0.0056,sub_out
2947784703.0,FirstHalf,1h,26,1,345,430019.0,Jarell Quansah,Pass,Successful,67.1,0.0,56.1,5.3,False,True,False,False,,,False,False,345,False,False,False,False,,,"['Zone', 'ThrowIn', 'PassEndX', 'PassEndY', 'Length', 'Angle']",False,,,,-0.036,sub_out
2947784731.0,FirstHalf,1h,26,6,345,332325.0,Declan Rice,Pass,Successful,56.7,7.3,43.3,8.9,False,True,False,False,,,False,False,345,False,False,False,False,,,"['Zone', 'PassEndX', 'PassEndY', 'Length', 'Angle']",False,,,,-0.0078,
2947784739.0,FirstHalf,1h,26,13,345,301440.0,Ezri Konsa,Pass,Successful,46.9,10.6,63.6,2.6,False,True,False,False,,,False,False,345,False,False,False,False,,,"['Zone', 'PassEndX', 'PassEndY', 'Length', 'Angle']",False,,,,0.022,
2947784759.0,FirstHalf,1h,26,15,345,430019.0,Jarell Quansah,Pass,Successful,63.6,2.6,51.7,24.0,False,True,False,False,,,False,False,345,False,False,False,False,,,"['Zone', 'PassEndX', 'PassEndY', 'Length', 'Angle']",False,,,,0.0017,sub_out
2947784773.0,FirstHalf,1h,26,19,345,332325.0,Declan Rice,Pass,Successful,52.5,25.9,54.6,40.4,False,True,False,False,,,False,False,345,False,False,False,False,,,"['Zone', 'PassEndX', 'PassEndY', 'Length', 'Angle']",False,,,,0.0696,
2947784779.0,FirstHalf,1h,26,23,345,332403.0,Eberechi Eze,Pass,Successful,53.5,29.8,45.8,15.3,False,True,False,False,,,False,False,345,False,False,False,False,,,"['Zone', 'PassEndX', 'PassEndY', 'Length', 'Angle']",False,,,,-0.0517,sub_out
2947784789.0,FirstHalf,1h,26,25,345,332325.0,Declan Rice,Pass,Successful,42.0,24.3,32.6,35.8,False,True,False,False,,,False,False,345,False,False,False,False,,,"['Zone', 'PassEndX', 'PassEndY', 'Length', 'Angle']",False,,,,-0.0052,
2947784803.0,FirstHalf,1h,26,29,345,301440.0,Ezri Konsa,Pass,Successful,33.9,39.1,33.7,62.7,False,True,False,False,,,False,False,345,False,False,False,False,,,"['Zone', 'PassEndX', 'PassEndY', 'Length', 'Angle']",False,,,,-0.0108,
2947784807.0,FirstHalf,1h,26,32,345,374631.0,Marc Guéhi,Pass,Successful,28.8,65.8,36.5,64.9,False,True,False,False,,,False,False,345,False,False,False,False,,,"['Zone', 'PassEndX', 'PassEndY', 'Length', 'Angle']",False,,,,0.0067,sub_out
2947784811.0,FirstHalf,1h,26,34,345,362824.0,Morgan Rogers,Pass,Successful,36.0,64.6,27.8,38.9,False,True,False,False,,,False,False,345,False,False,False,False,,,"['Zone', 'PassEndX', 'PassEndY', 'Length', 'Angle']",False,,,,-0.0014,
2947784839.0,FirstHalf,1h,26,36,345,301440.0,Ezri Konsa,Pass,Successful,25.2,38.6,14.2,52.2,False,True,False,False,,,False,False,345,False,False,False,False,,,"['Zone', 'PassEndX', 'PassEndY', 'Length', 'Angle']",False,,,,-0.0112,
2947784859.0,FirstHalf,1h,26,40,345,304008.0,Dean Henderson,Pass,Successful,14.5,50.3,19.3,63.3,False,True,False,False,,,False,False,345,False,False,False,False,,,"['Zone', 'PassEndX', 'PassEndY', 'Length', 'Angle']",False,,,,0.0019,
2947784901.0,FirstHalf,1h,26,45,345,374631.0,Marc Guéhi,Pass,Successful,20.5,60.2,22.5,20.4,False,True,False,False,,,False,False,345,False,False,False,False,,,"['Zone', 'PassEndX', 'PassEndY', 'Length', 'Angle']",False,,,,-0.0048,sub_out
2947784909.0,FirstHalf,1h,26,54,345,301440.0,Ezri Konsa,Pass,Successful,25.9,28.2,13.2,50.0,False,True,False,False,,,False,False,345,False,False,False,False,,,"['Zone', 'PassEndX', 'PassEndY', 'Length', 'Angle']",False,,,,-0.0059,
2947784915.0,FirstHalf,1h,26,57,345,304008.0,Dean Henderson,Pass,Successful,14.0,51.9,16.4,68.8,False,True,False,False,,,False,False,345,False,False,False,False,,,"['Zone', 'PassEndX', 'PassEndY', 'Length', 'Angle']",False,,,,-0.0009,
2947795963.0,FirstHalf,1h,27,0,341,300713.0,Kylian Mbappé,OffsideGiven,Unsuccessful,81.5,54.2,,,False,False,False,False,,,False,False,341,False,False,False,False,,,[],False,,,,,
2947784919.0,FirstHalf,1h,27,0,345,374631.0,Marc Guéhi,Pass,Successful,16.5,67.5,12.9,46.0,False,True,False,False,,,False,False,345,False,False,False,False,,,"['Zone', 'PassEndX', 'PassEndY', 'Length', 'Angle']",False,,,,0.0009,sub_out
2947784927.0,FirstHalf,1h,27,2,345,304008.0,Dean Henderson,Pass,Successful,12.9,46.0,22.8,54.0,False,True,False,False,,,False,False,345,False,False,False,False,,,"['Zone', 'PassEndX', 'PassEndY', 'Length', 'Angle']",False,,,,0.0039,
2947784935.0,FirstHalf,1h,27,4,345,332325.0,Declan Rice,Pass,Successful,25.2,65.1,38.0,78.1,False,True,False,False,,,False,False,345,False,False,False,False,,,"['Zone', 'PassEndX', 'PassEndY', 'Length', 'Angle']",False,,,,-0.001,
2947784939.0,FirstHalf,1h,27,7,345,362824.0,Morgan Rogers,TakeOn,Unsuccessful,41.4,76.6,,,False,False,False,False,,,False,False,345,False,False,False,False,,,"['Zone', 'OppositeRelatedEvent', 'Offensive']",False,,,,,
2947784945.0,FirstHalf,1h,27,7,341,116609.0,Adrien Rabiot,Tackle,Successful,58.6,23.4,,,False,False,False,False,,,False,False,341,False,False,False,False,,,"['Zone', 'StandingSave', 'OppositeRelatedEvent', 'Defensive']",False,,,,,
2947784947.0,FirstHalf,1h,27,9,341,116609.0,Adrien Rabiot,BallRecovery,Successful,55.4,25.1,,,False,False,False,False,,,False,False,341,False,False,False,False,,,[],False,,,,,
2947784951.0,FirstHalf,1h,27,9,341,116609.0,Adrien Rabiot,Pass,Successful,54.6,26.7,58.5,46.8,False,True,False,False,,,False,False,341,False,False,False,False,,,"['Zone', 'PassEndX', 'PassEndY', 'Length', 'Angle']",False,,,,0.3245,
2947784955.0,FirstHalf,1h,27,12,341,444679.0,Warren Zaïre-Emery,Pass,Successful,58.6,47.0,67.3,57.3,False,True,False,False,,,False,False,341,False,False,False,False,,,"['Zone', 'PassEndX', 'PassEndY', 'Length', 'Angle']",False,,,,0.14,
2947784963.0,FirstHalf,1h,27,13,341,433183.0,Désiré Doué,OffsidePass,Successful,72.8,59.3,81.5,54.2,False,False,False,False,,,False,False,341,False,False,False,False,,,"['PlayerCaughtOffside', 'Zone', 'PassEndX', 'PassEndY']",False,,,,,sub_out
2947784975.0,FirstHalf,1h,27,13,345,301440.0,Ezri Konsa,OffsideProvoked,Successful,19.4,45.8,,,False,False,False,False,,,False,False,345,False,False,False,False,,,[],False,,,,,
2947785053.0,FirstHalf,1h,27,45,345,304008.0,Dean Henderson,Pass,Successful,11.7,48.8,21.2,82.1,False,True,False,False,,,False,False,345,False,False,False,False,,,"['FreekickTaken', 'Zone', 'PassEndX', 'PassEndY', 'Length', 'Angle', 'IndirectFreekickTaken']",False,,,,-0.0009,
2947785063.0,FirstHalf,1h,27,48,345,374631.0,Marc Guéhi,Pass,Successful,21.4,81.7,30.3,95.9,False,True,False,False,,,False,False,345,False,False,False,False,,,"['Zone', 'PassEndX', 'PassEndY', 'Length', 'Angle']",False,,,,-0.0016,sub_out
2947785069.0,FirstHalf,1h,27,49,345,362219.0,Djed Spence,Pass,Successful,30.4,95.7,24.2,74.8,False,True,False,False,,,False,False,345,False,False,False,False,,,"['Zone', 'PassEndX', 'PassEndY', 'Length', 'Angle']",False,,,,0.0045,
2947785073.0,FirstHalf,1h,27,52,345,374631.0,Marc Guéhi,Pass,Unsuccessful,33.9,72.7,78.7,58.4,False,True,False,False,,,False,False,345,False,False,False,False,,,"['Longball', 'Zone', 'PassEndX', 'PassEndY', 'Chipped', 'Length', 'Angle']",False,Chipped,,,0.5947,sub_out
2947785081.0,FirstHalf,1h,27,57,341,141646.0,Mike Maignan,BallRecovery,Successful,22.7,38.6,,,False,False,False,False,,,False,False,341,False,False,False,False,,,[],False,,,,,
2947785097.0,FirstHalf,1h,27,57,341,141646.0,Mike Maignan,Pass,Successful,22.6,37.8,28.3,63.9,False,True,False,False,,,False,False,341,False,False,False,False,,,"['Zone', 'PassEndX', 'PassEndY', 'Length', 'Angle']",False,,,,0.002,
2947785103.0,FirstHalf,1h,28,3,341,401130.0,Maxence Lacroix,Pass,Successful,36.6,65.7,42.9,70.4,False,True,False,False,,,False,False,341,False,False,False,False,,,"['Zone', 'PassEndX', 'PassEndY', 'Length', 'Angle']",False,,,,0.0129,
2947785119.0,FirstHalf,1h,28,5,341,433183.0,Désiré Doué,Pass,Successful,43.8,72.1,52.1,89.6,False,True,False,False,,,False,False,341,False,False,False,False,,,"['Zone', 'PassEndX', 'PassEndY', 'Length', 'Angle']",False,,,,-0.0148,sub_out
2947785137.0,FirstHalf,1h,28,8,341,303115.0,Théo Hernández,Pass,Successful,50.3,92.7,53.1,88.1,False,True,False,False,,,False,False,341,False,False,False,False,,,"['Zone', 'PassEndX', 'PassEndY', 'Length', 'Angle']",False,,,,0.0,sub_out
2947785143.0,FirstHalf,1h,28,13,341,444679.0,Warren Zaïre-Emery,Pass,Unsuccessful,56.9,93.5,54.6,94.8,False,True,False,False,,,False,False,341,False,False,False,False,,,"['Zone', 'PassEndX', 'PassEndY', 'Length', 'Angle']",False,,,,0.0,
2947785151.0,FirstHalf,1h,28,15,345,367185.0,Bukayo Saka,BallTouch,Successful,39.5,5.6,,,False,False,False,False,,,False,False,345,False,False,False,False,,,['Zone'],False,,,,,
2947785167.0,FirstHalf,1h,28,16,341,303115.0,Théo Hernández,Pass,Successful,54.2,90.3,44.3,86.1,False,True,False,False,,,False,False,341,False,False,False,False,,,"['Zone', 'PassEndX', 'PassEndY', 'Length', 'Angle']",False,,,,0.0003,sub_out
2947785183.0,FirstHalf,1h,28,18,341,433183.0,Désiré Doué,Pass,Successful,43.9,84.5,38.9,50.9,False,True,False,False,,,False,False,341,False,False,False,False,,,"['Zone', 'PassEndX', 'PassEndY', 'Length', 'Angle']",False,,,,0.0123,sub_out
2947785189.0,FirstHalf,1h,28,23,341,401130.0,Maxence Lacroix,Pass,Successful,37.8,46.8,42.9,25.1,False,True,False,False,,,False,False,341,False,False,False,False,,,"['Zone', 'PassEndX', 'PassEndY', 'Length', 'Angle']",False,,,,0.0022,
2947785191.0,FirstHalf,1h,28,24,341,345957.0,Ibrahima Konaté,Pass,Successful,42.9,24.8,45.6,9.1,False,True,False,False,,,False,False,341,False,False,False,False,,,"['Zone', 'PassEndX', 'PassEndY', 'Length', 'Angle']",False,,,,-0.0081,sub_out
2947785201.0,FirstHalf,1h,28,25,341,403850.0,Malo Gusto,Pass,Unsuccessful,45.6,9.1,55.5,10.5,False,True,False,False,,,False,False,341,False,False,False,False,,,"['Zone', 'PassEndX', 'PassEndY', 'Length', 'Angle']",False,,,,0.0078,sub_out
2947785213.0,FirstHalf,1h,28,30,345,362219.0,Djed Spence,BallRecovery,Successful,44.5,93.9,,,False,False,False,False,,,False,False,345,False,False,False,False,,,[],False,,,,,
2947785223.0,FirstHalf,1h,28,30,345,362219.0,Djed Spence,Dispossessed,Successful,46.0,92.9,,,False,False,False,False,,,False,False,345,False,False,False,False,,,"['Zone', 'OppositeRelatedEvent', 'Offensive']",False,,,,,
2947785215.0,FirstHalf,1h,28,30,341,371281.0,Michael Olise,Tackle,Successful,54.0,7.0,,,False,False,False,False,,,False,False,341,False,False,False,False,,,"['Zone', 'StandingSave', 'OppositeRelatedEvent', 'Defensive']",False,,,,,
2947785225.0,FirstHalf,1h,28,33,341,386153.0,Rayan Cherki,BallRecovery,Successful,43.9,26.8,,,False,False,False,False,,,False,False,341,False,False,False,False,,,[],False,,,,,sub_out
2947785231.0,FirstHalf,1h,28,35,341,386153.0,Rayan Cherki,Pass,Successful,50.7,40.2,47.8,52.3,False,True,False,False,,,False,False,341,False,False,False,False,,,"['Zone', 'PassEndX', 'PassEndY', 'Length', 'Angle']",False,,,,-0.0834,sub_out
2947785239.0,FirstHalf,1h,28,37,341,444679.0,Warren Zaïre-Emery,Pass,Successful,54.6,61.9,67.7,92.5,False,True,False,False,,,False,False,341,False,False,False,False,,,"['Zone', 'PassEndX', 'PassEndY', 'Length', 'Angle']",False,,,,-0.0856,
2947785241.0,FirstHalf,1h,28,45,341,433183.0,Désiré Doué,BallTouch,Successful,75.0,66.2,,,False,False,False,False,,,False,False,341,False,False,False,False,,,['Zone'],False,,,,,sub_out
2947785259.0,FirstHalf,1h,28,47,341,116609.0,Adrien Rabiot,Pass,Successful,71.8,67.2,76.2,76.5,False,True,False,False,,,False,False,341,False,False,False,False,,,"['Zone', 'PassEndX', 'PassEndY', 'Length', 'Angle']",False,,,,-0.0767,
2947785273.0,FirstHalf,1h,28,52,341,300713.0,Kylian Mbappé,Pass,Successful,77.0,65.2,99.1,7.9,False,True,False,False,,,False,False,341,False,False,False,False,,,"['Longball', 'Zone', 'PassEndX', 'PassEndY', 'Chipped', 'Length', 'Angle']",False,Chipped,,,-0.1901,
2947785287.0,FirstHalf,1h,28,57,341,403850.0,Malo Gusto,Pass,Successful,98.0,7.6,88.4,9.1,False,True,False,False,,,False,False,341,False,False,False,False,,,"['Zone', 'PassEndX', 'PassEndY', 'Length', 'Angle']",False,,,,-0.0456,sub_out
2947785297.0,FirstHalf,1h,29,4,341,371281.0,Michael Olise,Pass,Successful,74.9,26.4,73.6,73.2,False,True,False,False,,,False,False,341,False,False,False,False,,,"['Zone', 'PassEndX', 'PassEndY', 'Length', 'Angle']",False,,,,0.0,
2947785313.0,FirstHalf,1h,29,7,341,303115.0,Théo Hernández,Pass,Successful,73.7,73.6,79.8,86.1,False,True,False,False,,,False,False,341,False,False,False,False,,,"['Zone', 'PassEndX', 'PassEndY', 'Length', 'Angle']",False,,,,-0.0767,sub_out
2947785317.0,FirstHalf,1h,29,11,341,433183.0,Désiré Doué,Pass,Successful,81.7,85.4,80.5,75.3,False,True,False,False,,,False,False,341,False,False,False,False,,,"['Zone', 'PassEndX', 'PassEndY', 'Length', 'Angle']",False,,,,0.0,sub_out
2947785323.0,FirstHalf,1h,29,13,341,371281.0,Michael Olise,Pass,Unsuccessful,80.7,75.5,93.1,61.4,False,True,False,False,,,False,False,341,False,False,False,False,,,"['Throughball', 'Zone', 'PassEndX', 'PassEndY', 'Chipped', 'Length', 'Angle']",False,Chipped,,,0.5764,
2947785333.0,FirstHalf,1h,29,15,345,374631.0,Marc Guéhi,Clearance,Successful,7.2,49.0,6.4,13.8,False,False,False,False,,,False,False,345,True,False,False,False,Head,,"['Head', 'Zone', 'PassEndX', 'PassEndY', 'Length', 'Angle']",False,,,,,sub_out
2947785339.0,FirstHalf,1h,29,18,345,430019.0,Jarell Quansah,BallRecovery,Successful,6.7,12.5,,,False,False,False,False,,,False,False,345,False,False,False,False,,,[],False,,,,,sub_out
2947785371.0,FirstHalf,1h,29,23,345,430019.0,Jarell Quansah,Pass,Successful,15.2,4.3,3.4,25.8,False,True,False,False,,,False,False,345,False,False,False,False,,,"['Zone', 'PassEndX', 'PassEndY', 'Length', 'Angle']",False,,,,0.0012,sub_out
2947785381.0,FirstHalf,1h,29,35,345,301440.0,Ezri Konsa,Pass,Successful,21.3,34.3,30.2,42.4,False,True,False,False,,,False,False,345,False,False,False,False,,,"['Zone', 'PassEndX', 'PassEndY', 'Length', 'Angle']",False,,,,0.0093,
2947785407.0,FirstHalf,1h,29,39,345,134240.0,Ivan Toney,Pass,Successful,34.2,43.3,38.1,86.8,False,True,False,False,,,False,False,345,False,False,False,False,,,"['Zone', 'PassEndX', 'PassEndY', 'Length', 'Angle']",False,,,,-0.0185,sub_out
2947785421.0,FirstHalf,1h,29,47,345,332403.0,Eberechi Eze,Pass,Successful,37.0,82.0,42.2,65.2,False,True,False,False,,,False,False,345,False,False,False,False,,,"['Zone', 'PassEndX', 'PassEndY', 'Length', 'Angle']",False,,,,0.0206,sub_out
2947785427.0,FirstHalf,1h,29,50,345,134240.0,Ivan Toney,Pass,Successful,43.1,64.9,48.7,77.0,False,True,False,False,,,False,False,345,False,False,False,False,,,"['Zone', 'PassEndX', 'PassEndY', 'Length', 'Angle']",False,,,,-0.0145,sub_out
2947785429.0,FirstHalf,1h,29,51,345,332403.0,Eberechi Eze,BallTouch,Unsuccessful,48.7,77.0,,,False,False,False,False,,,False,False,345,False,False,False,False,,,['Zone'],False,,,,,sub_out
2947785431.0,FirstHalf,1h,29,52,341,371281.0,Michael Olise,BallRecovery,Successful,58.8,19.7,,,False,False,False,False,,,False,False,341,False,False,False,False,,,[],False,,,,,
2947785447.0,FirstHalf,1h,29,53,341,371281.0,Michael Olise,Pass,Successful,60.6,20.9,75.1,29.4,False,True,False,False,,,False,False,341,False,False,False,False,,,"['Zone', 'PassEndX', 'PassEndY', 'Length', 'Angle']",False,,,,0.2908,
2947785453.0,FirstHalf,1h,29,59,341,300713.0,Kylian Mbappé,TakeOn,Unsuccessful,88.9,29.6,,,False,False,False,False,,,False,False,341,False,False,False,False,,,"['Zone', 'OppositeRelatedEvent', 'Offensive']",False,,,,,
2947785457.0,FirstHalf,1h,29,59,345,332325.0,Declan Rice,Tackle,Unsuccessful,11.0,70.3,,,False,False,False,False,,,False,False,345,False,False,False,False,,,"['Zone', 'StandingSave', 'OppositeRelatedEvent', 'Defensive']",False,,,,,
2947785455.0,FirstHalf,1h,30,0,341,300713.0,Kylian Mbappé,BallTouch,Successful,88.4,27.9,,,False,False,False,False,,,False,False,341,False,False,False,False,,,['Zone'],False,,,,,
2947785689.0,FirstHalf,1h,30,1,345,362219.0,Djed Spence,BallTouch,Successful,11.3,70.6,,,False,False,False,False,,,False,False,345,False,False,False,False,,,['Zone'],False,,,,,
2947785459.0,FirstHalf,1h,30,2,345,332325.0,Declan Rice,BallRecovery,Successful,8.8,75.3,,,False,False,False,False,,,False,False,345,False,False,False,False,,,[],False,,,,,
2947785461.0,FirstHalf,1h,30,2,345,332325.0,Declan Rice,Pass,Successful,8.3,75.3,23.1,94.7,False,True,False,False,,,False,False,345,False,False,False,False,,,"['Zone', 'PassEndX', 'PassEndY', 'Length', 'Angle']",False,,,,0.0012,
2947785463.0,FirstHalf,1h,30,6,345,300299.0,Marcus Rashford,Dispossessed,Successful,24.9,93.2,,,False,False,False,False,,,False,False,345,False,False,False,False,,,"['Zone', 'OppositeRelatedEvent', 'Defensive']",False,,,,,sub_out
2947785465.0,FirstHalf,1h,30,6,341,403850.0,Malo Gusto,Tackle,Successful,75.1,6.8,,,False,False,False,False,,,False,False,341,False,False,False,False,,,"['Zone', 'StandingSave', 'OppositeRelatedEvent', 'Offensive']",False,,,,,sub_out
2947785491.0,FirstHalf,1h,30,16,345,300299.0,Marcus Rashford,Pass,Successful,25.2,100.0,10.0,86.0,False,True,False,False,,,False,False,345,False,False,False,False,,,"['Zone', 'ThrowIn', 'PassEndX', 'PassEndY', 'Length', 'Angle']",False,,,,0.0001,sub_out
2947785493.0,FirstHalf,1h,30,21,345,374631.0,Marc Guéhi,Pass,Successful,12.7,79.7,20.7,66.7,False,True,False,False,,,False,False,345,False,False,False,False,,,"['Zone', 'PassEndX', 'PassEndY', 'Length', 'Angle']",False,,,,0.0044,sub_out
2947785499.0,FirstHalf,1h,30,22,345,332325.0,Declan Rice,Pass,Successful,21.5,66.3,13.1,80.6,False,True,False,False,,,False,False,345,False,False,False,False,,,"['Zone', 'PassEndX', 'PassEndY', 'Length', 'Angle']",False,,,,-0.0044,
2947785511.0,FirstHalf,1h,30,26,345,374631.0,Marc Guéhi,Pass,Successful,22.4,77.2,31.5,63.6,False,True,False,False,,,False,False,345,False,False,False,False,,,"['Zone', 'PassEndX', 'PassEndY', 'Length', 'Angle']",False,,,,0.0068,sub_out
2947785529.0,FirstHalf,1h,30,28,345,332403.0,Eberechi Eze,Pass,Successful,31.5,63.6,24.3,76.4,False,True,False,False,,,False,False,345,False,False,False,False,,,"['Zone', 'PassEndX', 'PassEndY', 'Length', 'Angle']",False,,,,-0.0068,sub_out
2947785539.0,FirstHalf,1h,30,31,345,374631.0,Marc Guéhi,Pass,Successful,25.5,76.9,36.2,70.9,False,True,False,False,,,False,False,345,False,False,False,False,,,"['Zone', 'PassEndX', 'PassEndY', 'Length', 'Angle']",False,,,,0.011,sub_out
2947785549.0,FirstHalf,1h,30,33,345,300299.0,Marcus Rashford,Pass,Successful,37.1,70.0,36.2,57.3,False,True,False,False,,,False,False,345,False,False,False,False,,,"['Zone', 'PassEndX', 'PassEndY', 'Length', 'Angle']",False,,,,0.0108,sub_out
2947785561.0,FirstHalf,1h,30,34,345,332403.0,Eberechi Eze,Pass,Successful,36.2,57.5,33.9,46.4,False,True,False,False,,,False,False,345,False,False,False,False,,,"['Zone', 'PassEndX', 'PassEndY', 'Length', 'Angle']",False,,,,0.0,sub_out
2947785577.0,FirstHalf,1h,30,36,345,332325.0,Declan Rice,Pass,Successful,34.2,45.4,36.3,25.3,False,True,False,False,,,False,False,345,False,False,False,False,,,"['Zone', 'PassEndX', 'PassEndY', 'Length', 'Angle']",False,,,,-0.0108,
2947785591.0,FirstHalf,1h,30,38,345,430019.0,Jarell Quansah,Pass,Successful,34.9,28.2,32.7,34.5,False,True,False,False,,,False,False,345,False,False,False,False,,,"['Zone', 'PassEndX', 'PassEndY', 'Length', 'Angle']",False,,,,-0.0067,sub_out
2947785597.0,FirstHalf,1h,30,42,345,332325.0,Declan Rice,Pass,Successful,31.6,38.0,36.4,52.2,False,True,False,False,,,False,False,345,False,False,False,False,,,"['Zone', 'PassEndX', 'PassEndY', 'Length', 'Angle']",False,,,,0.0122,
2947785603.0,FirstHalf,1h,30,45,345,374631.0,Marc Guéhi,Pass,Unsuccessful,39.5,42.8,47.4,27.0,False,True,False,False,,,False,False,345,False,False,False,False,,,"['Zone', 'PassEndX', 'PassEndY', 'Length', 'Angle']",False,,,,0.0022,sub_out
2947785609.0,FirstHalf,1h,30,47,341,116609.0,Adrien Rabiot,Interception,Successful,52.6,73.0,,,False,False,False,False,,,False,False,341,False,False,False,False,,,['Zone'],False,,,,,
2947785625.0,FirstHalf,1h,30,50,345,367185.0,Bukayo Saka,Pass,Successful,55.1,4.4,37.2,25.0,False,True,False,False,,,False,False,345,False,False,False,False,,,"['Zone', 'PassEndX', 'PassEndY', 'Length', 'Angle']",False,,,,0.0018,
2947785629.0,FirstHalf,1h,30,52,345,430019.0,Jarell Quansah,Pass,Successful,35.6,21.3,36.5,25.2,False,True,False,False,,,False,False,345,False,False,False,False,,,"['Zone', 'PassEndX', 'PassEndY', 'Length', 'Angle']",False,,,,0.0077,sub_out
2947785645.0,FirstHalf,1h,30,53,345,332325.0,Declan Rice,Pass,Successful,39.3,37.4,32.3,48.8,False,True,False,False,,,False,False,345,False,False,False,False,,,"['Zone', 'PassEndX', 'PassEndY', 'Length', 'Angle']",False,,,,-0.0014,
2947785661.0,FirstHalf,1h,30,55,345,301440.0,Ezri Konsa,Pass,Successful,34.2,51.2,36.0,92.3,False,True,False,False,,,False,False,345,False,False,False,False,,,"['Zone', 'PassEndX', 'PassEndY', 'Length', 'Angle']",False,,,,-0.0241,
2947785671.0,FirstHalf,1h,31,0,345,362219.0,Djed Spence,Pass,Successful,40.9,96.3,54.0,96.5,False,True,False,False,,,False,False,345,False,False,False,False,,,"['Zone', 'PassEndX', 'PassEndY', 'Length', 'Angle']",False,,,,0.0115,
2947785679.0,FirstHalf,1h,31,2,345,300299.0,Marcus Rashford,Pass,Successful,54.5,96.5,54.6,81.4,False,True,False,False,,,False,False,345,False,False,False,False,,,"['Zone', 'PassEndX', 'PassEndY', 'Length', 'Angle']",False,,,,0.0159,sub_out
2947785703.0,FirstHalf,1h,31,5,345,332403.0,Eberechi Eze,Pass,Successful,46.7,87.5,35.0,80.9,False,True,False,False,,,False,False,345,False,False,False,False,,,"['Zone', 'PassEndX', 'PassEndY', 'Length', 'Angle']",False,,,,0.002,sub_out
2947785707.0,FirstHalf,1h,31,10,345,374631.0,Marc Guéhi,Pass,Successful,33.0,81.1,23.6,56.4,False,True,False,False,,,False,False,345,False,False,False,False,,,"['Zone', 'PassEndX', 'PassEndY', 'Length', 'Angle']",False,,,,0.0023,sub_out
2947785721.0,FirstHalf,1h,31,13,345,304008.0,Dean Henderson,Pass,Successful,25.3,53.1,30.5,41.2,False,True,False,False,,,False,False,345,False,False,False,False,,,"['Zone', 'PassEndX', 'PassEndY', 'Length', 'Angle']",False,,,,0.0,
2947785729.0,FirstHalf,1h,31,18,345,301440.0,Ezri Konsa,Pass,Successful,38.2,30.1,38.2,20.1,False,True,False,False,,,False,False,345,False,False,False,False,,,"['Zone', 'PassEndX', 'PassEndY', 'Length', 'Angle']",False,,,,-0.0077,
2947785733.0,FirstHalf,1h,31,20,345,430019.0,Jarell Quansah,Pass,Successful,37.5,19.7,43.6,27.4,False,True,False,False,,,False,False,345,False,False,False,False,,,"['Zone', 'PassEndX', 'PassEndY', 'Length', 'Angle']",False,,,,0.0206,sub_out
2947785739.0,FirstHalf,1h,31,21,345,362824.0,Morgan Rogers,Pass,Successful,43.6,27.4,40.5,37.6,False,True,False,False,,,False,False,345,False,False,False,False,,,"['Zone', 'PassEndX', 'PassEndY', 'LayOff', 'Length', 'Angle']",False,,,,-0.0022,
2947785747.0,FirstHalf,1h,31,22,345,332325.0,Declan Rice,Pass,Successful,40.2,38.2,25.9,32.1,False,True,False,False,,,False,False,345,False,False,False,False,,,"['Zone', 'PassEndX', 'PassEndY', 'Length', 'Angle']",False,,,,-0.0175,
2947785755.0,FirstHalf,1h,31,25,345,301440.0,Ezri Konsa,Pass,Successful,20.9,27.9,27.3,3.7,False,True,False,False,,,False,False,345,False,False,False,False,,,"['Zone', 'PassEndX', 'PassEndY', 'Length', 'Angle']",False,,,,-0.0045,
2947785783.0,FirstHalf,1h,31,28,345,430019.0,Jarell Quansah,Foul,Successful,28.8,6.2,,,False,False,False,False,,,False,False,345,False,False,False,False,,,"['Foul', 'Zone', 'OppositeRelatedEvent', 'Defensive']",False,,,,,sub_out
2947785765.0,FirstHalf,1h,31,28,341,433183.0,Désiré Doué,Foul,Unsuccessful,71.2,93.8,,,False,False,False,False,,,False,False,341,False,False,False,False,,,"['Foul', 'Zone', 'OppositeRelatedEvent', 'Offensive']",False,,,,,sub_out
2947785905.0,FirstHalf,1h,31,52,345,430019.0,Jarell Quansah,Pass,Successful,33.8,1.6,23.1,19.2,False,True,False,False,,,False,False,345,False,False,False,False,,,"['FreekickTaken', 'Zone', 'PassEndX', 'PassEndY', 'Length', 'Angle']",False,,,,-0.0003,sub_out
2947797137.0,FirstHalf,1h,32,0,345,134240.0,Ivan Toney,OffsideGiven,Unsuccessful,80.1,66.0,,,False,False,False,False,,,False,False,345,False,False,False,False,,,[],False,,,,,sub_out
2947785911.0,FirstHalf,1h,32,4,345,301440.0,Ezri Konsa,Pass,Successful,28.6,32.2,33.7,66.6,False,True,False,False,,,False,False,345,False,False,False,False,,,"['Zone', 'PassEndX', 'PassEndY', 'Length', 'Angle']",False,,,,0.0067,
2947785919.0,FirstHalf,1h,32,6,345,332403.0,Eberechi Eze,Pass,Successful,38.5,75.3,45.0,94.8,False,True,False,False,,,False,False,345,False,False,False,False,,,"['Zone', 'PassEndX', 'PassEndY', 'Length', 'Angle']",False,,,,-0.002,sub_out
2947785925.0,FirstHalf,1h,32,8,345,362219.0,Djed Spence,Pass,Successful,46.0,94.5,56.5,96.9,False,True,False,False,,,False,False,345,False,False,False,False,,,"['Zone', 'PassEndX', 'PassEndY', 'Length', 'Angle']",False,,,,0.0078,
2947785937.0,FirstHalf,1h,32,10,345,300299.0,Marcus Rashford,Pass,Successful,56.5,96.9,61.5,84.7,False,True,False,False,,,False,False,345,False,False,False,False,,,"['Zone', 'PassEndX', 'PassEndY', 'Length', 'Angle']",False,,,,0.0502,sub_out
2947785939.0,FirstHalf,1h,32,11,345,332403.0,Eberechi Eze,Pass,Successful,61.7,81.6,70.5,82.2,False,True,False,False,,,False,False,345,False,False,False,False,,,"['Zone', 'PassEndX', 'PassEndY', 'Length', 'Angle']",False,,,,0.0466,sub_out
2947785941.0,FirstHalf,1h,32,12,345,362219.0,Djed Spence,BallTouch,Unsuccessful,67.8,82.0,,,False,False,False,False,,,False,False,345,False,False,False,False,,,['Zone'],False,,,,,
2947785947.0,FirstHalf,1h,32,13,341,371281.0,Michael Olise,BallRecovery,Successful,26.7,14.9,,,False,False,False,False,,,False,False,341,False,False,False,False,,,[],False,,,,,
2947785961.0,FirstHalf,1h,32,15,341,371281.0,Michael Olise,Pass,Successful,26.5,31.2,18.0,51.4,False,True,False,False,,,False,False,341,False,False,False,False,,,"['Zone', 'PassEndX', 'PassEndY', 'Length', 'Angle']",False,,,,-0.002,
2947785979.0,FirstHalf,1h,32,19,341,401130.0,Maxence Lacroix,Pass,Successful,15.2,65.7,27.1,91.2,False,True,False,False,,,False,False,341,False,False,False,False,,,"['Zone', 'PassEndX', 'PassEndY', 'Length', 'Angle']",False,,,,-0.0016,
2947785991.0,FirstHalf,1h,32,23,341,433183.0,Désiré Doué,Pass,Successful,27.9,92.5,13.6,76.4,False,True,False,False,,,False,False,341,False,False,False,False,,,"['Zone', 'PassEndX', 'PassEndY', 'Length', 'Angle']",False,,,,0.0001,sub_out
2947786023.0,FirstHalf,1h,32,25,341,401130.0,Maxence Lacroix,Pass,Successful,12.8,74.0,19.8,53.4,False,True,False,False,,,False,False,341,False,False,False,False,,,"['Zone', 'PassEndX', 'PassEndY', 'Length', 'Angle']",False,,,,0.0048,
2947786033.0,FirstHalf,1h,32,32,341,371281.0,Michael Olise,Pass,Successful,32.9,48.0,45.3,43.4,False,True,False,False,,,False,False,341,False,False,False,False,,,"['Zone', 'PassEndX', 'PassEndY', 'Length', 'Angle']",False,,,,0.0378,
2947786037.0,FirstHalf,1h,32,34,341,444679.0,Warren Zaïre-Emery,Pass,Successful,45.3,43.4,55.8,31.9,False,True,False,False,,,False,False,341,False,False,False,False,,,"['Zone', 'PassEndX', 'PassEndY', 'Length', 'Angle']",False,,,,0.0138,
2947786045.0,FirstHalf,1h,32,36,341,386153.0,Rayan Cherki,Pass,Successful,55.9,32.2,62.4,39.6,False,True,False,False,,,False,False,341,False,False,False,False,,,"['Zone', 'PassEndX', 'PassEndY', 'Length', 'Angle']",False,,,,0.3245,sub_out
2947786047.0,FirstHalf,1h,32,37,341,300713.0,Kylian Mbappé,Dispossessed,Successful,65.5,44.6,,,False,False,False,False,,,False,False,341,False,False,False,False,,,"['Zone', 'OppositeRelatedEvent', 'Offensive']",False,,,,,
2947786057.0,FirstHalf,1h,32,37,345,301440.0,Ezri Konsa,Tackle,Successful,34.5,55.4,,,False,False,False,False,,,False,False,345,False,False,False,False,,,"['Zone', 'StandingSave', 'OppositeRelatedEvent', 'Defensive']",False,,,,,
2947786063.0,FirstHalf,1h,32,40,345,332403.0,Eberechi Eze,Pass,Successful,37.6,62.3,40.8,54.2,False,True,False,False,,,False,False,345,False,False,False,False,,,"['Zone', 'PassEndX', 'PassEndY', 'Length', 'Angle']",False,,,,0.0,sub_out
2947786065.0,FirstHalf,1h,32,41,345,362824.0,Morgan Rogers,BallRecovery,Successful,43.9,51.6,,,False,False,False,False,,,False,False,345,False,False,False,False,,,[],False,,,,,
2947786087.0,FirstHalf,1h,32,43,345,362824.0,Morgan Rogers,Pass,Successful,56.7,35.8,66.0,58.5,False,True,True,False,,,False,False,345,False,False,False,False,,,"['Zone', 'PassEndX', 'PassEndY', 'ShotAssist', 'Length', 'Angle', 'KeyPass']",False,KeyPass,,,0.3245,
2947786091.0,FirstHalf,1h,32,48,345,300299.0,Marcus Rashford,TakeOn,Successful,68.6,59.0,,,False,False,False,False,,,False,False,345,False,False,False,False,,,"['Zone', 'OppositeRelatedEvent', 'Offensive']",False,,,,,sub_out
2947786095.0,FirstHalf,1h,32,48,341,444679.0,Warren Zaïre-Emery,Challenge,Unsuccessful,31.4,41.0,,,False,False,False,False,,,False,False,341,False,False,False,False,,,"['Zone', 'OppositeRelatedEvent', 'Defensive']",False,,,,,
2947786093.0,FirstHalf,1h,32,49,345,300299.0,Marcus Rashford,GoodSkill,Successful,65.4,55.1,,,False,False,False,False,,,False,False,345,False,False,False,False,,,[],False,,,,,sub_out
2947786107.0,FirstHalf,1h,32,50,345,300299.0,Marcus Rashford,SavedShot,Successful,71.1,50.6,,,True,False,False,False,On Target,SavedShot,False,False,345,False,False,False,False,RightFoot,,"['OutOfBoxCentre', 'RightFoot', 'RegularPlay', 'Assisted', 'RelatedEventId', 'Zone', 'HighCentre', 'GoalMouthY', 'GoalMouthZ', 'BlockedX', 'BlockedY', 'IndividualPlay', 'OppositeRelatedEvent']",False,,0.0417,xg_v3_submodel_calibrated_2025,,sub_out
2947786111.0,FirstHalf,1h,32,50,341,141646.0,Mike Maignan,Save,Successful,1.7,47.8,,,False,False,False,False,,,False,False,341,False,False,False,False,,,"['Zone', 'ParriedSafe', 'DivingSave', 'Hands', 'OppositeRelatedEvent', 'KeeperSaveObox']",False,,,,,
2947786137.0,FirstHalf,1h,32,51,345,300299.0,Marcus Rashford,OffsidePass,Successful,66.8,53.4,80.1,66.0,False,False,False,False,,,False,False,345,False,False,False,False,,,"['PlayerCaughtOffside', 'Zone', 'PassEndX', 'PassEndY']",False,,,,,sub_out
2947786127.0,FirstHalf,1h,32,51,341,401130.0,Maxence Lacroix,OffsideProvoked,Successful,20.9,49.1,,,False,False,False,False,,,False,False,341,False,False,False,False,,,[],False,,,,,
2947786175.0,FirstHalf,1h,33,16,341,345957.0,Ibrahima Konaté,Pass,Successful,20.2,30.9,24.3,46.2,False,True,False,False,,,False,False,341,False,False,False,False,,,"['FreekickTaken', 'Zone', 'PassEndX', 'PassEndY', 'Length', 'Angle', 'IndirectFreekickTaken']",False,,,,0.002,sub_out
2947786189.0,FirstHalf,1h,33,18,341,116609.0,Adrien Rabiot,Pass,Successful,24.7,47.0,29.8,37.5,False,True,False,False,,,False,False,341,False,False,False,False,,,"['Zone', 'PassEndX', 'PassEndY', 'Length', 'Angle']",False,,,,0.0073,
2947786197.0,FirstHalf,1h,33,21,341,444679.0,Warren Zaïre-Emery,Pass,Successful,31.7,38.9,32.5,59.3,False,True,False,False,,,False,False,341,False,False,False,False,,,"['Zone', 'PassEndX', 'PassEndY', 'Length', 'Angle']",False,,,,0.0,
2947786203.0,FirstHalf,1h,33,23,341,116609.0,Adrien Rabiot,Pass,Successful,35.5,61.9,41.4,65.7,False,True,False,False,,,False,False,341,False,False,False,False,,,"['Zone', 'PassEndX', 'PassEndY', 'Length', 'Angle']",False,,,,-0.0108,
2947786213.0,FirstHalf,1h,33,25,341,300713.0,Kylian Mbappé,Pass,Successful,41.4,66.0,53.2,58.8,False,True,False,False,,,False,False,341,False,False,False,False,,,"['Zone', 'PassEndX', 'PassEndY', 'Length', 'Angle']",False,,,,0.1198,
2947786215.0,FirstHalf,1h,33,26,341,386153.0,Rayan Cherki,Dispossessed,Successful,57.4,61.8,,,False,False,False,False,,,False,False,341,False,False,False,False,,,"['Zone', 'OppositeRelatedEvent', 'Offensive']",False,,,,,sub_out
2947786217.0,FirstHalf,1h,33,26,345,332325.0,Declan Rice,Tackle,Unsuccessful,42.6,38.2,,,False,False,False,False,,,False,False,345,False,False,False,False,,,"['Zone', 'StandingSave', 'OppositeRelatedEvent', 'Defensive']",False,,,,,
2947786223.0,FirstHalf,1h,33,28,341,386153.0,Rayan Cherki,BallTouch,Unsuccessful,54.8,62.7,,,False,False,False,False,,,False,False,341,False,False,False,False,,,['Zone'],False,,,,,sub_out
2947786235.0,FirstHalf,1h,33,30,345,362824.0,Morgan Rogers,BallRecovery,Successful,56.9,41.0,,,False,False,False,False,,,False,False,345,False,False,False,False,,,[],False,,,,,
2947786245.0,FirstHalf,1h,33,30,345,362824.0,Morgan Rogers,Pass,Successful,59.0,38.3,60.4,22.4,False,True,False,False,,,False,False,345,False,False,False,False,,,"['Zone', 'PassEndX', 'PassEndY', 'Length', 'Angle']",False,,,,-0.3263,
2947786253.0,FirstHalf,1h,33,32,345,367185.0,Bukayo Saka,Pass,Successful,60.7,26.1,46.1,43.0,False,True,False,False,,,False,False,345,False,False,False,False,,,"['Zone', 'PassEndX', 'PassEndY', 'Length', 'Angle']",False,,,,-0.1019,
2947786257.0,FirstHalf,1h,33,34,345,332325.0,Declan Rice,Pass,Successful,46.1,43.0,55.0,56.7,False,True,False,False,,,False,False,345,False,False,False,False,,,"['Zone', 'PassEndX', 'PassEndY', 'Length', 'Angle']",False,,,,0.0834,
2947786265.0,FirstHalf,1h,33,35,345,300299.0,Marcus Rashford,Pass,Successful,55.1,56.7,43.5,63.7,False,True,False,False,,,False,False,345,False,False,False,False,,,"['Zone', 'PassEndX', 'PassEndY', 'Length', 'Angle']",False,,,,-0.1068,sub_out
2947786285.0,FirstHalf,1h,33,39,345,374631.0,Marc Guéhi,Pass,Successful,60.2,76.9,66.0,94.7,False,True,False,False,,,False,False,345,False,False,False,False,,,"['Zone', 'PassEndX', 'PassEndY', 'Length', 'Angle']",False,,,,-0.0361,sub_out
2947786293.0,FirstHalf,1h,33,42,345,362219.0,Djed Spence,Pass,Unsuccessful,66.2,95.6,66.2,92.0,False,True,False,False,,,False,False,345,False,False,False,False,,,"['Zone', 'PassEndX', 'PassEndY', 'Length', 'Angle', 'OppositeRelatedEvent', 'Offensive']",False,,,,0.0,
2947786313.0,FirstHalf,1h,33,42,341,386153.0,Rayan Cherki,BlockedPass,Successful,33.8,8.0,,,False,False,False,False,,,False,False,341,False,False,False,False,,,"['Zone', 'OppositeRelatedEvent', 'Defensive']",False,,,,,sub_out
2947786317.0,FirstHalf,1h,33,45,341,386153.0,Rayan Cherki,Foul,Successful,33.4,5.4,,,False,False,False,False,,,False,False,341,False,False,False,False,,,"['Foul', 'Zone', 'OppositeRelatedEvent', 'Offensive']",False,,,,,sub_out
2947786311.0,FirstHalf,1h,33,45,345,362219.0,Djed Spence,Foul,Unsuccessful,66.6,94.4,,,False,False,False,False,,,False,False,345,False,False,False,False,,,"['Foul', 'Zone', 'OppositeRelatedEvent', 'Defensive']",False,,,,,
2947852731.0,FirstHalf,1h,33,51,341,371281.0,Michael Olise,Pass,Successful,32.7,4.3,30.1,9.5,False,True,False,False,,,False,False,341,False,False,False,False,,,"['FreekickTaken', 'Zone', 'PassEndX', 'PassEndY', 'Length', 'Angle']",False,,,,0.0,
2947786339.0,FirstHalf,1h,33,52,341,403850.0,Malo Gusto,Pass,Successful,32.3,10.9,34.5,7.0,False,True,False,False,,,False,False,341,False,False,False,False,,,"['Zone', 'PassEndX', 'PassEndY', 'Length', 'Angle']",False,,,,0.0019,sub_out
2947786365.0,FirstHalf,1h,33,53,341,371281.0,Michael Olise,Pass,Successful,37.4,13.2,30.3,58.4,False,True,False,False,,,False,False,341,False,False,False,False,,,"['Zone', 'PassEndX', 'PassEndY', 'Length', 'Angle']",False,,,,0.0063,
2947786383.0,FirstHalf,1h,33,56,341,401130.0,Maxence Lacroix,Pass,Successful,31.4,64.8,44.4,93.3,False,True,False,False,,,False,False,341,False,False,False,False,,,"['Zone', 'PassEndX', 'PassEndY', 'Length', 'Angle']",False,,,,-0.0029,
2947786397.0,FirstHalf,1h,34,0,341,433183.0,Désiré Doué,Pass,Successful,44.2,93.0,45.3,84.2,False,True,False,False,,,False,False,341,False,False,False,False,,,"['Zone', 'PassEndX', 'PassEndY', 'Length', 'Angle']",False,,,,0.0081,sub_out
2947786421.0,FirstHalf,1h,34,3,341,116609.0,Adrien Rabiot,Pass,Successful,45.6,82.9,79.9,82.9,False,True,True,False,,,False,False,341,False,False,False,False,,,"['Longball', 'Zone', 'PassEndX', 'PassEndY', 'IntentionalAssist', 'Chipped', 'ShotAssist', 'Length', 'Angle', 'BigChanceCreated', 'KeyPass']",False,Chipped,,,0.1599,
2947786427.0,FirstHalf,1h,34,11,341,300713.0,Kylian Mbappé,SavedShot,Successful,89.6,56.2,,,True,False,False,False,On Target,SavedShot,False,False,341,False,False,False,True,RightFoot,,"['BoxCentre', 'RightFoot', 'RegularPlay', 'Assisted', 'RelatedEventId', 'Zone', 'LowRight', 'GoalMouthY', 'GoalMouthZ', 'BlockedX', 'BlockedY', 'IntentionalAssist', 'BigChance', 'IndividualPlay', 'OppositeRelatedEvent']",False,,0.2134,xg_v3_submodel_calibrated_2025,,
2947786431.0,FirstHalf,1h,34,11,345,304008.0,Dean Henderson,Save,Successful,2.4,51.5,,,False,False,False,False,,,False,False,345,False,False,False,False,,,"['Zone', 'ParriedSafe', 'DivingSave', 'Hands', 'OppositeRelatedEvent', 'KeeperSaveInTheBox']",False,,,,,
2947786437.0,FirstHalf,1h,34,12,345,304008.0,Dean Henderson,CornerAwarded,Unsuccessful,5.2,47.5,,,False,False,False,False,,,False,False,345,False,False,False,False,,,"['Zone', 'MissLeft', 'OppositeRelatedEvent']",False,,,,,
2947786459.0,FirstHalf,1h,34,12,341,300713.0,Kylian Mbappé,CornerAwarded,Successful,94.8,52.5,,,False,False,False,False,,,False,False,341,False,False,False,False,,,"['Zone', 'MissRight', 'OppositeRelatedEvent']",False,,,,,
2947786529.0,FirstHalf,1h,34,35,341,371281.0,Michael Olise,Pass,Successful,99.5,0.5,89.3,5.8,False,True,False,False,,,False,False,341,False,False,False,False,,,"['CornerTaken', 'Zone', 'PassEndX', 'PassEndY', 'Length', 'Angle']",False,,,,-0.0456,
2947786537.0,FirstHalf,1h,34,36,341,300713.0,Kylian Mbappé,Pass,Successful,89.0,6.1,84.6,8.4,False,True,False,False,,,False,False,341,False,False,False,False,,,"['Zone', 'PassEndX', 'PassEndY', 'Length', 'Angle']",False,,,,0.0,
2947786539.0,FirstHalf,1h,34,37,341,371281.0,Michael Olise,Dispossessed,Successful,85.0,11.0,,,False,False,False,False,,,False,False,341,False,False,False,False,,,"['Zone', 'OppositeRelatedEvent', 'Offensive']",False,,,,,
2947786535.0,FirstHalf,1h,34,37,345,367185.0,Bukayo Saka,Tackle,Unsuccessful,15.0,89.0,,,False,False,False,False,,,False,False,345,False,False,False,False,,,"['Zone', 'StandingSave', 'OppositeRelatedEvent', 'Defensive']",False,,,,,
2947786547.0,FirstHalf,1h,34,38,341,371281.0,Michael Olise,BallTouch,Successful,83.4,9.1,,,False,False,False,False,,,False,False,341,False,False,False,False,,,['Zone'],False,,,,,
2947786553.0,FirstHalf,1h,34,38,345,367185.0,Bukayo Saka,Dispossessed,Successful,18.6,87.5,,,False,False,False,False,,,False,False,345,False,False,False,False,,,"['Zone', 'OppositeRelatedEvent', 'Defensive']",False,,,,,
2947786555.0,FirstHalf,1h,34,38,341,371281.0,Michael Olise,Tackle,Unsuccessful,81.4,12.4,,,False,False,False,False,,,False,False,341,False,False,False,False,,,"['Zone', 'StandingSave', 'OppositeRelatedEvent', 'Offensive']",False,,,,,
2947786557.0,FirstHalf,1h,34,39,345,367185.0,Bukayo Saka,BallRecovery,Successful,25.9,77.9,,,False,False,False,False,,,False,False,345,False,False,False,False,,,[],False,,,,,
2947786575.0,FirstHalf,1h,34,45,345,367185.0,Bukayo Saka,Pass,Successful,42.3,70.5,45.6,84.7,False,True,False,False,,,False,False,345,False,False,False,False,,,"['Zone', 'PassEndX', 'PassEndY', 'Length', 'Angle']",False,,,,-0.0145,
2947786585.0,FirstHalf,1h,34,46,345,362824.0,Morgan Rogers,Pass,Successful,47.5,82.9,67.3,27.7,False,True,False,False,,,False,False,345,False,False,False,False,,,"['Longball', 'Zone', 'PassEndX', 'PassEndY', 'Chipped', 'Length', 'Angle']",False,Chipped,,,0.2366,
2947786593.0,FirstHalf,1h,34,49,345,300299.0,Marcus Rashford,Pass,Successful,68.8,31.0,85.7,65.8,False,True,False,False,,,False,False,345,False,False,False,False,,,"['Zone', 'PassEndX', 'PassEndY', 'Length', 'Angle']",False,,,,0.2053,sub_out
2947786599.0,FirstHalf,1h,34,52,341,141646.0,Mike Maignan,Challenge,Unsuccessful,8.5,30.0,,,False,False,False,False,,,False,False,341,False,False,False,False,,,"['Zone', 'OppositeRelatedEvent', 'Defensive']",False,,,,,
2947786611.0,FirstHalf,1h,34,52,345,367185.0,Bukayo Saka,TakeOn,Successful,91.5,70.0,,,False,False,False,False,,,False,False,345,False,False,False,False,,,"['Zone', 'OppositeRelatedEvent', 'Offensive']",False,,,,,
2947786617.0,FirstHalf,1h,34,56,345,367185.0,Bukayo Saka,Pass,Unsuccessful,92.7,77.3,69.8,67.9,False,True,False,False,,,False,False,345,False,False,False,False,,,"['Zone', 'PassEndX', 'PassEndY', 'Length', 'Angle']",False,,,,-0.0785,
2947786621.0,FirstHalf,1h,34,59,341,386153.0,Rayan Cherki,BallRecovery,Successful,24.4,31.7,,,False,False,False,False,,,False,False,341,False,False,False,False,,,[],False,,,,,sub_out
2947786641.0,FirstHalf,1h,34,59,341,386153.0,Rayan Cherki,Pass,Successful,24.4,31.7,28.9,18.3,False,True,False,False,,,False,False,341,False,False,False,False,,,"['Zone', 'PassEndX', 'PassEndY', 'Length', 'Angle']",False,,,,-0.0003,sub_out
2947786651.0,FirstHalf,1h,35,8,341,371281.0,Michael Olise,Pass,Successful,57.2,22.9,64.8,9.1,False,True,False,False,,,False,False,341,False,False,False,False,,,"['Zone', 'PassEndX', 'PassEndY', 'Length', 'Angle']",False,,,,-0.0017,
2947786653.0,FirstHalf,1h,35,11,341,300713.0,Kylian Mbappé,Dispossessed,Successful,72.0,17.2,,,False,False,False,False,,,False,False,341,False,False,False,False,,,"['Zone', 'OppositeRelatedEvent', 'Offensive']",False,,,,,
2947786657.0,FirstHalf,1h,35,11,345,332325.0,Declan Rice,Tackle,Successful,28.0,82.8,,,False,False,False,False,,,False,False,345,False,False,False,False,,,"['Zone', 'StandingSave', 'OppositeRelatedEvent', 'Defensive']",False,,,,,
2947787205.0,FirstHalf,1h,35,12,345,362824.0,Morgan Rogers,BallTouch,Successful,13.1,74.7,,,False,False,False,False,,,False,False,345,False,False,False,False,,,['Zone'],False,,,,,
2947786661.0,FirstHalf,1h,35,14,341,371281.0,Michael Olise,Pass,Successful,77.1,27.0,80.9,30.1,False,True,False,False,,,False,False,341,False,False,False,False,,,"['Zone', 'PassEndX', 'PassEndY', 'Length', 'Angle']",False,,,,0.0,
2947786665.0,FirstHalf,1h,35,15,341,300713.0,Kylian Mbappé,Dispossessed,Successful,78.4,38.0,,,False,False,False,False,,,False,False,341,False,False,False,False,,,"['Zone', 'OppositeRelatedEvent', 'Offensive']",False,,,,,
2947786675.0,FirstHalf,1h,35,15,345,332325.0,Declan Rice,Tackle,Unsuccessful,21.6,62.0,,,False,False,False,False,,,False,False,345,False,False,False,False,,,"['Zone', 'OppositeRelatedEvent', 'Defensive']",False,,,,,
2947786667.0,FirstHalf,1h,35,17,341,300713.0,Kylian Mbappé,BallTouch,Successful,78.6,38.0,,,False,False,False,False,,,False,False,341,False,False,False,False,,,['Zone'],False,,,,,
2947786679.0,FirstHalf,1h,35,19,345,430019.0,Jarell Quansah,BallRecovery,Successful,21.7,34.9,,,False,False,False,False,,,False,False,345,False,False,False,False,,,[],False,,,,,sub_out
2947786687.0,FirstHalf,1h,35,21,345,430019.0,Jarell Quansah,Pass,Successful,23.0,35.4,15.9,53.3,False,True,False,False,,,False,False,345,False,False,False,False,,,"['Zone', 'PassEndX', 'PassEndY', 'Length', 'Angle']",False,,,,-0.0019,sub_out
2947786693.0,FirstHalf,1h,35,23,345,332325.0,Declan Rice,Pass,Successful,15.6,54.5,20.1,71.7,False,True,False,False,,,False,False,345,False,False,False,False,,,"['Zone', 'PassEndX', 'PassEndY', 'Length', 'Angle']",False,,,,0.0019,
2947786695.0,FirstHalf,1h,35,25,345,374631.0,Marc Guéhi,Pass,Successful,21.7,72.7,31.2,93.8,False,True,False,False,,,False,False,345,False,False,False,False,,,"['Zone', 'PassEndX', 'PassEndY', 'Length', 'Angle']",False,,,,-0.0045,sub_out
2947786697.0,FirstHalf,1h,35,29,345,362219.0,Djed Spence,Dispossessed,Successful,38.4,92.2,,,False,False,False,False,,,False,False,345,False,False,False,False,,,"['Zone', 'OppositeRelatedEvent', 'Offensive']",False,,,,,
2947786705.0,FirstHalf,1h,35,29,341,371281.0,Michael Olise,Tackle,Successful,61.6,7.8,,,False,False,False,False,,,False,False,341,False,False,False,False,,,"['Zone', 'StandingSave', 'OppositeRelatedEvent', 'Defensive']",False,,,,,
2947786707.0,FirstHalf,1h,35,32,341,403850.0,Malo Gusto,BallRecovery,Successful,56.4,15.2,,,False,False,False,False,,,False,False,341,False,False,False,False,,,[],False,,,,,sub_out
2947786721.0,FirstHalf,1h,35,32,341,403850.0,Malo Gusto,Pass,Successful,56.5,16.9,60.1,29.6,False,True,False,False,,,False,False,341,False,False,False,False,,,"['Zone', 'PassEndX', 'PassEndY', 'Length', 'Angle']",False,,,,0.1242,sub_out
2947786723.0,FirstHalf,1h,35,35,341,386153.0,Rayan Cherki,Pass,Unsuccessful,64.8,31.1,82.2,28.2,False,True,False,False,,,False,False,341,False,False,False,False,,,"['Zone', 'PassEndX', 'PassEndY', 'Length', 'Angle']",False,,,,0.2009,sub_out
2947786725.0,FirstHalf,1h,35,36,345,362219.0,Djed Spence,Interception,Successful,17.8,71.8,,,False,False,False,False,,,False,False,345,False,False,False,False,,,['Zone'],False,,,,,
2947786737.0,FirstHalf,1h,35,40,341,386153.0,Rayan Cherki,Pass,Successful,85.2,24.8,90.1,17.7,False,True,False,False,,,False,False,341,False,False,False,False,,,"['Zone', 'PassEndX', 'PassEndY', 'Length', 'Angle']",False,,,,0.0,sub_out
2947786755.0,FirstHalf,1h,35,42,341,403850.0,Malo Gusto,Pass,Successful,91.2,17.4,88.3,21.3,False,True,False,False,,,False,False,341,False,False,False,False,,,"['Zone', 'PassEndX', 'PassEndY', 'Length', 'Angle']",False,,,,0.0,sub_out
2947786759.0,FirstHalf,1h,35,45,341,386153.0,Rayan Cherki,Pass,Successful,88.5,21.5,76.1,23.3,False,True,False,False,,,False,False,341,False,False,False,False,,,"['Zone', 'PassEndX', 'PassEndY', 'Length', 'Angle']",False,,,,-0.0733,sub_out
2947786765.0,FirstHalf,1h,35,47,341,444679.0,Warren Zaïre-Emery,Pass,Successful,74.7,23.9,77.7,22.1,False,True,False,False,,,False,False,341,False,False,False,False,,,"['Zone', 'PassEndX', 'PassEndY', 'Length', 'Angle']",False,,,,0.0633,
2947786779.0,FirstHalf,1h,35,48,341,371281.0,Michael Olise,Pass,Successful,77.7,22.2,83.8,27.0,False,True,False,False,,,False,False,341,False,False,False,False,,,"['Zone', 'PassEndX', 'PassEndY', 'Length', 'Angle']",False,,,,0.282,
2947786783.0,FirstHalf,1h,35,49,341,433183.0,Désiré Doué,Pass,Successful,83.8,27.0,87.0,24.5,False,True,False,False,,,False,False,341,False,False,False,False,,,"['Zone', 'PassEndX', 'PassEndY', 'Length', 'Angle']",False,,,,-0.2087,sub_out
2947786791.0,FirstHalf,1h,35,51,341,386153.0,Rayan Cherki,Pass,Unsuccessful,91.6,28.4,92.9,49.5,False,True,False,False,,,False,False,341,False,False,False,False,,,"['Zone', 'PassEndX', 'PassEndY', 'Chipped', 'Length', 'Angle']",False,Chipped,,,0.2944,sub_out
2947786801.0,FirstHalf,1h,35,52,345,304008.0,Dean Henderson,Interception,Successful,7.1,50.5,,,False,False,False,False,,,False,False,345,False,False,False,False,,,"['LastMan', 'Zone']",False,,,,,
2947786809.0,FirstHalf,1h,35,56,345,134240.0,Ivan Toney,Dispossessed,Successful,20.2,57.8,,,False,False,False,False,,,False,False,345,False,False,False,False,,,"['Zone', 'OppositeRelatedEvent', 'Defensive']",False,,,,,sub_out
2947786805.0,FirstHalf,1h,35,56,341,433183.0,Désiré Doué,Tackle,Unsuccessful,79.8,42.2,,,False,False,False,False,,,False,False,341,False,False,False,False,,,"['Zone', 'OppositeRelatedEvent', 'Offensive']",False,,,,,sub_out
2947786817.0,FirstHalf,1h,35,58,345,367185.0,Bukayo Saka,BallRecovery,Successful,37.3,47.0,,,False,False,False,False,,,False,False,345,False,False,False,False,,,[],False,,,,,
2947786839.0,FirstHalf,1h,35,59,345,367185.0,Bukayo Saka,Pass,Successful,38.1,47.8,60.8,69.1,False,True,True,False,,,False,False,345,False,False,False,False,,,"['Zone', 'PassEndX', 'PassEndY', 'IntentionalAssist', 'ShotAssist', 'Length', 'Angle', 'BigChanceCreated', 'KeyPass']",False,KeyPass,,,0.1275,
2947786841.0,FirstHalf,1h,36,3,345,300299.0,Marcus Rashford,SavedShot,Successful,86.9,66.5,,,True,False,False,False,On Target,SavedShot,False,False,345,False,False,False,True,RightFoot,,"['RightFoot', 'FastBreak', 'Assisted', 'RelatedEventId', 'Zone', 'BoxLeft', 'LowCentre', 'OneOnOne', 'GoalMouthY', 'GoalMouthZ', 'BlockedX', 'BlockedY', 'IntentionalAssist', 'BigChance', 'IndividualPlay', 'OppositeRelatedEvent']",False,FastBreak,0.1822,xg_v3_submodel_calibrated_2025,,sub_out
2947786843.0,FirstHalf,1h,36,3,341,141646.0,Mike Maignan,Save,Successful,9.7,38.0,,,False,False,False,False,,,False,False,341,False,False,False,False,,,"['Zone', 'ParriedDanger', 'Feet', 'OppositeRelatedEvent', 'KeeperSaveInTheBox']",False,,,,,
2947786847.0,FirstHalf,1h,36,4,345,300299.0,Marcus Rashford,BallTouch,Successful,84.8,68.2,,,False,False,True,False,,,False,False,345,False,False,False,False,,,"['Zone', 'BigChanceCreated', 'KeyPass']",False,KeyPass,,,,sub_out
2947786855.0,FirstHalf,1h,36,6,345,367185.0,Bukayo Saka,SavedShot,Successful,88.3,64.4,,,True,False,False,False,Blocked,BlockedShot,False,False,345,False,False,False,True,LeftFoot,,"['FastBreak', 'Assisted', 'RelatedEventId', 'Zone', 'BoxLeft', 'LeftFoot', 'LowRight', 'Blocked', 'SavedOffline', 'GoalMouthY', 'GoalMouthZ', 'BlockedX', 'BlockedY', 'BigChance', 'OppositeRelatedEvent']",False,FastBreak,0.1678,xg_v3_submodel_calibrated_2025,,
2947786861.0,FirstHalf,1h,36,6,341,401130.0,Maxence Lacroix,Save,Successful,6.7,42.6,,,False,False,False,False,,,False,False,341,False,False,False,False,,,"['LastMan', 'Zone', 'OutfielderBlock', 'OppositeRelatedEvent']",False,,,,,
2947786885.0,FirstHalf,1h,36,9,345,300299.0,Marcus Rashford,Pass,Successful,97.7,72.3,91.6,65.7,False,True,True,False,,,False,False,345,False,False,False,False,,,"['FastBreak', 'Zone', 'PassEndX', 'PassEndY', 'IntentionalAssist', 'ShotAssist', 'Length', 'Angle', 'BigChanceCreated', 'IntentionalGoalAssist', 'KeyPass']",False,FastBreak,,,-0.0969,sub_out
2947786887.0,FirstHalf,1h,36,10,345,367185.0,Bukayo Saka,Goal,Successful,91.6,65.7,,,True,False,False,False,On Target,Goal,True,False,345,False,False,False,True,LeftFoot,,"['FastBreak', 'Assisted', 'RelatedEventId', 'Zone', 'BoxLeft', 'LeftFoot', 'HighCentre', 'GoalMouthY', 'GoalMouthZ', 'IntentionalAssist', 'BigChance', 'FirstTouch']",False,FastBreak,0.1527,xg_v3_submodel_calibrated_2025,,
2947787187.0,FirstHalf,1h,37,45,341,386153.0,Rayan Cherki,Pass,Successful,50.6,50.3,47.0,50.9,False,True,False,False,,,False,False,341,False,False,False,False,,,"['Zone', 'PassEndX', 'PassEndY', 'Length', 'Angle']",False,,,,-0.0834,sub_out
2947787193.0,FirstHalf,1h,37,47,341,116609.0,Adrien Rabiot,Pass,Successful,47.0,50.9,51.2,45.3,False,True,False,False,,,False,False,341,False,False,False,False,,,"['Zone', 'PassEndX', 'PassEndY', 'Length', 'Angle']",False,,,,0.0834,
2947787199.0,FirstHalf,1h,37,48,341,386153.0,Rayan Cherki,Pass,Successful,51.3,45.3,45.6,49.8,False,True,False,False,,,False,False,341,False,False,False,False,,,"['Zone', 'PassEndX', 'PassEndY', 'Length', 'Angle']",False,,,,-0.0834,sub_out
2947787203.0,FirstHalf,1h,37,51,341,444679.0,Warren Zaïre-Emery,Pass,Successful,45.4,49.8,40.6,57.8,False,True,False,False,,,False,False,341,False,False,False,False,,,"['Zone', 'PassEndX', 'PassEndY', 'Length', 'Angle']",False,,,,-0.0256,
2947787215.0,FirstHalf,1h,37,52,341,401130.0,Maxence Lacroix,Pass,Successful,40.5,58.1,55.3,68.5,False,True,False,False,,,False,False,341,False,False,False,False,,,"['Zone', 'PassEndX', 'PassEndY', 'Length', 'Angle']",False,,,,0.0394,
2947787219.0,FirstHalf,1h,37,56,341,300713.0,Kylian Mbappé,BallTouch,Unsuccessful,54.9,68.5,,,False,False,False,False,,,False,False,341,False,False,False,False,,,['Zone'],False,,,,,
2947787225.0,FirstHalf,1h,37,56,345,301440.0,Ezri Konsa,BallRecovery,Successful,35.9,27.6,,,False,False,False,False,,,False,False,345,False,False,False,False,,,[],False,,,,,
2947787231.0,FirstHalf,1h,37,59,345,301440.0,Ezri Konsa,Pass,Successful,33.4,26.1,32.1,37.4,False,True,False,False,,,False,False,345,False,False,False,False,,,"['Zone', 'PassEndX', 'PassEndY', 'Length', 'Angle']",False,,,,-0.0067,
2947787239.0,FirstHalf,1h,38,1,345,332325.0,Declan Rice,Pass,Successful,31.5,37.1,37.8,32.2,False,True,False,False,,,False,False,345,False,False,False,False,,,"['Zone', 'PassEndX', 'PassEndY', 'Length', 'Angle']",False,,,,0.0067,
2947787241.0,FirstHalf,1h,38,1,345,362824.0,Morgan Rogers,Pass,Successful,37.7,32.4,32.0,46.4,False,True,False,False,,,False,False,345,False,False,False,False,,,"['Zone', 'PassEndX', 'PassEndY', 'LayOff', 'Length', 'Angle']",False,,,,-0.0014,
2947787245.0,FirstHalf,1h,38,3,345,332325.0,Declan Rice,Pass,Successful,32.3,47.3,33.7,62.7,False,True,False,False,,,False,False,345,False,False,False,False,,,"['Zone', 'PassEndX', 'PassEndY', 'Length', 'Angle']",False,,,,0.0014,
2947787259.0,FirstHalf,1h,38,5,345,332403.0,Eberechi Eze,Pass,Successful,34.5,63.3,25.3,53.1,False,True,False,False,,,False,False,345,False,False,False,False,,,"['Zone', 'PassEndX', 'PassEndY', 'Length', 'Angle']",False,,,,-0.0014,sub_out
2947787273.0,FirstHalf,1h,38,7,345,374631.0,Marc Guéhi,Pass,Successful,25.2,53.1,31.9,45.1,False,True,False,False,,,False,False,345,False,False,False,False,,,"['Zone', 'PassEndX', 'PassEndY', 'Length', 'Angle']",False,,,,0.0,sub_out
2947787293.0,FirstHalf,1h,38,9,345,332325.0,Declan Rice,Pass,Successful,33.3,40.7,37.8,8.3,False,True,False,False,,,False,False,345,False,False,False,False,,,"['Zone', 'PassEndX', 'PassEndY', 'Length', 'Angle']",False,,,,-0.0119,
2947787323.0,FirstHalf,1h,38,13,345,430019.0,Jarell Quansah,Pass,Successful,38.0,8.2,55.8,3.2,False,True,False,False,,,False,False,345,False,False,False,False,,,"['Zone', 'PassEndX', 'PassEndY', 'Length', 'Angle']",False,,,,0.0115,sub_out
2947787329.0,FirstHalf,1h,38,19,345,367185.0,Bukayo Saka,Pass,Unsuccessful,85.2,9.8,87.0,34.8,False,True,False,True,,,False,False,345,False,False,False,False,RightFoot,,"['Cross', 'RightFoot', 'Zone', 'PassEndX', 'PassEndY', 'Length', 'Angle']",False,Cross,,,0.3368,
2947787381.0,FirstHalf,1h,38,24,341,401130.0,Maxence Lacroix,Clearance,Successful,6.0,76.7,38.7,97.4,False,False,False,False,,,False,False,341,False,False,False,False,,,"['Zone', 'PassEndX', 'PassEndY', 'Length', 'Angle']",False,,,,,
2947787371.0,FirstHalf,1h,38,28,345,430019.0,Jarell Quansah,Pass,Successful,62.7,4.3,61.5,9.0,False,True,False,False,,,False,False,345,False,False,False,False,,,"['Zone', 'PassEndX', 'PassEndY', 'Length', 'Angle']",False,,,,0.0,sub_out
2947787379.0,FirstHalf,1h,38,31,345,332325.0,Declan Rice,Pass,Successful,58.1,19.7,61.1,4.9,False,True,False,False,,,False,False,345,False,False,False,False,,,"['Zone', 'PassEndX', 'PassEndY', 'Length', 'Angle']",False,,,,-0.0017,
2947787383.0,FirstHalf,1h,38,33,345,430019.0,Jarell Quansah,Pass,Successful,63.2,4.9,55.4,9.2,False,True,False,False,,,False,False,345,False,False,False,False,,,"['Zone', 'PassEndX', 'PassEndY', 'Length', 'Angle']",False,,,,-0.0142,sub_out
2947787393.0,FirstHalf,1h,38,35,345,332325.0,Declan Rice,Pass,Successful,54.5,7.4,54.5,26.7,False,True,False,False,,,False,False,345,False,False,False,False,,,"['Zone', 'PassEndX', 'PassEndY', 'Length', 'Angle']",False,,,,0.052,
2947787403.0,FirstHalf,1h,38,38,345,332403.0,Eberechi Eze,Pass,Successful,52.0,26.4,33.5,25.8,False,True,False,False,,,False,False,345,False,False,False,False,,,"['Zone', 'PassEndX', 'PassEndY', 'Length', 'Angle']",False,,,,-0.0502,sub_out
2947787419.0,FirstHalf,1h,38,43,345,301440.0,Ezri Konsa,Pass,Successful,31.5,27.9,32.7,54.0,False,True,False,False,,,False,False,345,False,False,False,False,,,"['Zone', 'PassEndX', 'PassEndY', 'Length', 'Angle']",False,,,,0.0053,
2947787441.0,FirstHalf,1h,38,45,345,332403.0,Eberechi Eze,Pass,Successful,34.2,56.9,37.2,81.8,False,True,False,False,,,False,False,345,False,False,False,False,,,"['Zone', 'PassEndX', 'PassEndY', 'Length', 'Angle']",False,,,,-0.0185,sub_out
2947787447.0,FirstHalf,1h,38,51,345,374631.0,Marc Guéhi,Pass,Successful,45.4,78.4,41.3,68.1,False,True,False,False,,,False,False,345,False,False,False,False,,,"['Zone', 'PassEndX', 'PassEndY', 'Length', 'Angle']",False,,,,0.0016,sub_out
2947787457.0,FirstHalf,1h,38,52,345,332403.0,Eberechi Eze,Pass,Successful,42.2,68.8,36.5,79.1,False,True,False,False,,,False,False,345,False,False,False,False,,,"['Zone', 'PassEndX', 'PassEndY', 'Length', 'Angle']",False,,,,-0.0206,sub_out
2947787471.0,FirstHalf,1h,38,54,345,374631.0,Marc Guéhi,Pass,Successful,36.6,78.5,54.6,77.6,False,True,False,False,,,False,False,345,False,False,False,False,,,"['Zone', 'PassEndX', 'PassEndY', 'Length', 'Angle']",False,,,,0.0218,sub_out
2947787485.0,FirstHalf,1h,38,57,345,362219.0,Djed Spence,Pass,Successful,59.1,82.9,56.1,96.3,False,True,False,False,,,False,False,345,False,False,False,False,,,"['Zone', 'PassEndX', 'PassEndY', 'Length', 'Angle']",False,,,,-0.0502,
2947787487.0,FirstHalf,1h,39,3,341,403850.0,Malo Gusto,Challenge,Unsuccessful,26.6,10.9,,,False,False,False,False,,,False,False,341,False,False,False,False,,,"['Zone', 'OppositeRelatedEvent', 'Defensive']",False,,,,,sub_out
2947787499.0,FirstHalf,1h,39,3,345,300299.0,Marcus Rashford,TakeOn,Successful,73.4,89.1,,,False,False,False,False,,,False,False,345,False,False,False,False,,,"['Zone', 'OppositeRelatedEvent', 'Offensive']",False,,,,,sub_out
2947787503.0,FirstHalf,1h,39,6,345,300299.0,Marcus Rashford,Pass,Unsuccessful,94.4,85.9,95.1,54.3,False,True,False,True,,,False,False,345,False,False,False,False,LeftFoot,,"['Cross', 'Zone', 'LeftFoot', 'PassEndX', 'PassEndY', 'Chipped', 'Length', 'Angle']",False,Cross,,,0.4212,sub_out
2947787507.0,FirstHalf,1h,39,7,341,141646.0,Mike Maignan,KeeperPickup,Successful,4.6,41.9,,,False,False,False,False,,,False,False,341,False,False,False,False,,,[],False,,,,,
2947787543.0,FirstHalf,1h,39,14,341,141646.0,Mike Maignan,Pass,Successful,15.1,49.4,16.8,65.9,False,True,False,False,,,False,False,341,False,False,False,False,,,"['Zone', 'KeeperThrow', 'PassEndX', 'PassEndY', 'Length', 'Angle']",False,,,,0.0019,
2947787547.0,FirstHalf,1h,39,19,341,401130.0,Maxence Lacroix,Pass,Successful,16.5,65.4,21.3,47.4,False,True,False,False,,,False,False,341,False,False,False,False,,,"['Zone', 'PassEndX', 'PassEndY', 'Length', 'Angle']",False,,,,0.0048,
2947787557.0,FirstHalf,1h,39,21,341,444679.0,Warren Zaïre-Emery,Pass,Successful,22.6,46.0,32.8,44.2,False,True,False,False,,,False,False,341,False,False,False,False,,,"['Zone', 'PassEndX', 'PassEndY', 'Length', 'Angle']",False,,,,0.0073,
2947787559.0,FirstHalf,1h,39,24,341,433183.0,Désiré Doué,Pass,Successful,32.8,44.2,21.8,30.9,False,True,False,False,,,False,False,341,False,False,False,False,,,"['Zone', 'PassEndX', 'PassEndY', 'Length', 'Angle']",False,,,,-0.0093,sub_out
2947787583.0,FirstHalf,1h,39,27,341,345957.0,Ibrahima Konaté,Pass,Successful,22.9,28.7,34.0,9.7,False,True,False,False,,,False,False,341,False,False,False,False,,,"['Zone', 'PassEndX', 'PassEndY', 'Length', 'Angle']",False,,,,-0.0026,sub_out
2947787597.0,FirstHalf,1h,39,30,341,403850.0,Malo Gusto,Pass,Successful,36.1,10.7,66.4,21.3,False,True,False,False,,,False,False,341,False,False,False,False,,,"['Longball', 'Zone', 'PassEndX', 'PassEndY', 'Length', 'Angle']",False,,,,0.0617,sub_out
2947787615.0,FirstHalf,1h,39,35,341,433183.0,Désiré Doué,Foul,Successful,69.2,19.2,,,False,False,False,False,,,False,False,341,False,False,False,False,,,"['Foul', 'Zone', 'OppositeRelatedEvent', 'Offensive']",False,,,,,sub_out
2947787609.0,FirstHalf,1h,39,35,345,301440.0,Ezri Konsa,Foul,Unsuccessful,30.8,80.8,,,False,False,False,False,,,False,False,345,False,False,False,False,,,"['Foul', 'Zone', 'OppositeRelatedEvent', 'Defensive']",False,,,,,
2947787659.0,FirstHalf,1h,39,46,341,371281.0,Michael Olise,Pass,Unsuccessful,69.4,15.5,100.0,38.9,False,True,False,False,,,False,False,341,False,False,False,False,,,"['Longball', 'Throughball', 'FreekickTaken', 'Zone', 'PassEndX', 'PassEndY', 'Chipped', 'Length', 'Angle']",False,Chipped,,,0.6397,
2947787695.0,FirstHalf,1h,39,56,345,304008.0,Dean Henderson,Pass,Successful,3.1,56.3,24.7,25.6,False,True,False,False,,,False,False,345,False,False,False,False,,,"['Zone', 'GoalKick', 'PassEndX', 'PassEndY', 'Length', 'Angle']",False,,,,0.0052,
2947787703.0,FirstHalf,1h,39,59,345,430019.0,Jarell Quansah,Pass,Successful,28.5,26.1,33.0,34.9,False,True,False,False,,,False,False,345,False,False,False,False,,,"['Zone', 'PassEndX', 'PassEndY', 'Length', 'Angle']",False,,,,0.0,sub_out
2947787715.0,FirstHalf,1h,40,2,345,362824.0,Morgan Rogers,Pass,Successful,33.0,34.9,27.3,51.2,False,True,False,False,,,False,False,345,False,False,False,False,,,"['Zone', 'PassEndX', 'PassEndY', 'Length', 'Angle']",False,,,,0.0053,
2947787721.0,FirstHalf,1h,40,8,345,332325.0,Declan Rice,Pass,Successful,27.3,50.1,28.1,34.9,False,True,False,False,,,False,False,345,False,False,False,False,,,"['Zone', 'PassEndX', 'PassEndY', 'Length', 'Angle']",False,,,,-0.0053,
2947787731.0,FirstHalf,1h,40,10,345,301440.0,Ezri Konsa,Pass,Successful,28.7,35.4,34.9,58.2,False,True,False,False,,,False,False,345,False,False,False,False,,,"['Zone', 'PassEndX', 'PassEndY', 'Length', 'Angle']",False,,,,0.0175,
2947787737.0,FirstHalf,1h,40,12,345,332403.0,Eberechi Eze,Pass,Successful,34.9,58.2,28.7,51.8,False,True,False,False,,,False,False,345,False,False,False,False,,,"['Zone', 'PassEndX', 'PassEndY', 'LayOff', 'Length', 'Angle']",False,,,,-0.0122,sub_out
2947787747.0,FirstHalf,1h,40,14,345,332325.0,Declan Rice,Pass,Successful,31.1,46.1,51.6,48.1,False,True,False,False,,,False,False,345,False,False,False,False,,,"['Zone', 'PassEndX', 'PassEndY', 'Length', 'Angle']",False,,,,0.1212,
2947787761.0,FirstHalf,1h,40,17,345,362824.0,Morgan Rogers,Pass,Unsuccessful,52.6,45.6,51.0,41.1,False,True,False,False,,,False,False,345,False,False,False,False,,,"['Zone', 'PassEndX', 'PassEndY', 'Length', 'Angle']",False,,,,0.0,
2947790731.0,FirstHalf,1h,40,18,341,345957.0,Ibrahima Konaté,BallTouch,Unsuccessful,47.0,54.8,,,False,False,False,False,,,False,False,341,False,False,False,False,,,['Zone'],False,,,,,sub_out
2947787775.0,FirstHalf,1h,40,20,345,332403.0,Eberechi Eze,Pass,Successful,61.9,34.8,79.4,15.8,False,True,False,False,,,False,False,345,False,False,False,False,,,"['Zone', 'PassEndX', 'PassEndY', 'Length', 'Angle']",False,,,,0.02,sub_out
2947787779.0,FirstHalf,1h,40,25,345,367185.0,Bukayo Saka,Pass,Unsuccessful,84.6,25.3,100.0,63.6,False,True,False,True,,,False,False,345,False,False,False,False,LeftFoot,,"['Cross', 'Zone', 'LeftFoot', 'PassEndX', 'PassEndY', 'Chipped', 'Length', 'Angle']",False,Cross,,,0.0969,
2947787853.0,FirstHalf,1h,40,46,341,401130.0,Maxence Lacroix,Pass,Successful,4.3,58.4,4.5,50.3,False,True,False,False,,,False,False,341,False,False,False,False,,,"['Zone', 'GoalKick', 'PassEndX', 'PassEndY', 'Length', 'Angle']",False,,,,0.0,
2947787859.0,FirstHalf,1h,40,47,341,141646.0,Mike Maignan,Pass,Successful,4.5,49.5,9.4,34.6,False,True,False,False,,,False,False,341,False,False,False,False,,,"['Zone', 'PassEndX', 'PassEndY', 'Length', 'Angle']",False,,,,0.0024,
2947787871.0,FirstHalf,1h,40,48,341,345957.0,Ibrahima Konaté,Pass,Successful,9.9,31.9,14.1,15.4,False,True,False,False,,,False,False,341,False,False,False,False,,,"['Zone', 'PassEndX', 'PassEndY', 'Length', 'Angle']",False,,,,-0.0015,sub_out
2947787877.0,FirstHalf,1h,40,51,341,403850.0,Malo Gusto,Pass,Successful,15.6,11.6,32.6,10.2,False,True,False,False,,,False,False,341,False,False,False,False,,,"['Zone', 'PassEndX', 'PassEndY', 'Length', 'Angle']",False,,,,0.0023,sub_out
2947787901.0,FirstHalf,1h,40,53,341,371281.0,Michael Olise,Pass,Successful,32.6,10.2,31.3,7.9,False,True,False,False,,,False,False,341,False,False,False,False,,,"['Zone', 'PassEndX', 'PassEndY', 'Length', 'Angle']",False,,,,0.0,
2947787903.0,FirstHalf,1h,40,58,341,403850.0,Malo Gusto,Pass,Unsuccessful,67.4,14.9,68.0,19.8,False,True,False,False,,,False,False,341,False,False,False,False,,,"['Zone', 'PassEndX', 'PassEndY', 'Length', 'Angle', 'OppositeRelatedEvent', 'Offensive']",False,,,,0.0,sub_out
2947787909.0,FirstHalf,1h,40,58,345,332325.0,Declan Rice,BlockedPass,Successful,32.0,80.2,,,False,False,False,False,,,False,False,345,False,False,False,False,,,"['Zone', 'OppositeRelatedEvent', 'Defensive']",False,,,,,
2947787915.0,FirstHalf,1h,41,2,345,430019.0,Jarell Quansah,BallRecovery,Successful,22.5,31.2,,,False,False,False,False,,,False,False,345,False,False,False,False,,,[],False,,,,,sub_out
2947787927.0,FirstHalf,1h,41,2,345,430019.0,Jarell Quansah,Pass,Successful,22.1,30.9,41.5,28.0,False,True,False,False,,,False,False,345,False,False,False,False,,,"['Zone', 'PassEndX', 'PassEndY', 'Length', 'Angle']",False,,,,0.0107,sub_out
2947787951.0,FirstHalf,1h,41,6,345,367185.0,Bukayo Saka,Pass,Successful,41.8,35.4,84.0,86.6,False,True,False,False,,,False,False,345,False,False,False,False,,,"['Longball', 'Zone', 'PassEndX', 'PassEndY', 'Chipped', 'Length', 'Angle']",False,Chipped,,,0.2187,
2947787959.0,FirstHalf,1h,41,11,345,300299.0,Marcus Rashford,Pass,Unsuccessful,91.5,74.5,85.2,15.6,False,True,True,False,,,False,False,345,False,False,False,False,,,"['Longball', 'Zone', 'PassEndX', 'PassEndY', 'IntentionalAssist', 'ShotAssist', 'Length', 'Angle', 'BigChanceCreated', 'KeyPass']",False,KeyPass,,,-0.2087,sub_out
2947787987.0,FirstHalf,1h,41,12,345,134240.0,Ivan Toney,ChanceMissed,Unsuccessful,91.2,52.5,,,False,False,False,False,,,False,False,345,False,False,False,False,,,"['Assisted', 'RelatedEventId', 'Zone', 'IntentionalAssist']",False,,,,,sub_out
2947787961.0,FirstHalf,1h,41,17,341,303115.0,Théo Hernández,BallRecovery,Successful,15.1,82.0,,,False,False,False,False,,,False,False,341,False,False,False,False,,,[],False,,,,,sub_out
2947787983.0,FirstHalf,1h,41,22,341,303115.0,Théo Hernández,Pass,Successful,45.6,68.9,41.2,58.7,False,True,False,False,,,False,False,341,False,False,False,False,,,"['Zone', 'PassEndX', 'PassEndY', 'Length', 'Angle']",False,,,,-0.0022,sub_out
2947788001.0,FirstHalf,1h,41,27,341,386153.0,Rayan Cherki,Pass,Successful,46.6,64.3,86.6,76.7,False,True,False,False,,,False,False,341,False,False,False,False,,,"['Longball', 'Zone', 'PassEndX', 'PassEndY', 'Chipped', 'Length', 'Angle']",False,Chipped,,,0.2187,sub_out
2947857527.0,FirstHalf,1h,41,37,341,300713.0,Kylian Mbappé,TakeOn,Unsuccessful,94.8,77.8,,,False,False,False,False,,,False,False,341,False,False,False,False,,,"['Zone', 'Offensive']",False,,,,,
2947788015.0,FirstHalf,1h,41,38,341,300713.0,Kylian Mbappé,Pass,Successful,93.6,76.3,86.6,77.5,False,True,False,False,,,False,False,341,False,False,False,False,,,"['Zone', 'PassEndX', 'PassEndY', 'Length', 'Angle']",False,,,,-0.0819,
2947788021.0,FirstHalf,1h,41,40,341,433183.0,Désiré Doué,Pass,Successful,84.9,78.5,80.2,68.3,False,True,False,False,,,False,False,341,False,False,False,False,,,"['Zone', 'PassEndX', 'PassEndY', 'Length', 'Angle']",False,,,,0.1076,sub_out
2947788023.0,FirstHalf,1h,41,41,341,386153.0,Rayan Cherki,BallTouch,Unsuccessful,80.4,70.6,,,False,False,False,False,,,False,False,341,False,False,False,False,,,['Zone'],False,,,,,sub_out
2947788031.0,FirstHalf,1h,41,43,345,332325.0,Declan Rice,Pass,Successful,20.6,39.2,11.2,44.5,False,True,False,False,,,False,False,345,False,False,False,False,,,"['Zone', 'PassEndX', 'PassEndY', 'Length', 'Angle']",False,,,,-0.0039,
2947788035.0,FirstHalf,1h,41,44,345,301440.0,Ezri Konsa,BallRecovery,Successful,11.2,44.5,,,False,False,False,False,,,False,False,345,False,False,False,False,,,[],False,,,,,
2947788039.0,FirstHalf,1h,41,44,345,301440.0,Ezri Konsa,Pass,Successful,11.2,44.5,19.3,59.6,False,True,False,False,,,False,False,345,False,False,False,False,,,"['Zone', 'PassEndX', 'PassEndY', 'Length', 'Angle']",False,,,,0.0039,
2947788047.0,FirstHalf,1h,41,45,345,332403.0,Eberechi Eze,Pass,Successful,19.3,59.4,18.3,43.9,False,True,False,False,,,False,False,345,False,False,False,False,,,"['Zone', 'PassEndX', 'PassEndY', 'Length', 'Angle']",False,,,,0.0,sub_out
2947788053.0,FirstHalf,1h,41,47,345,332325.0,Declan Rice,Pass,Successful,18.5,43.4,23.9,42.1,False,True,False,False,,,False,False,345,False,False,False,False,,,"['Zone', 'PassEndX', 'PassEndY', 'Length', 'Angle']",False,,,,0.0,
2947788059.0,FirstHalf,1h,41,48,345,362824.0,Morgan Rogers,Pass,Successful,24.0,42.1,19.5,49.0,False,True,False,False,,,False,False,345,False,False,False,False,,,"['Zone', 'PassEndX', 'PassEndY', 'Length', 'Angle']",False,,,,0.0,
2947788061.0,FirstHalf,1h,41,49,345,332325.0,Declan Rice,Pass,Successful,19.5,49.0,21.6,66.0,False,True,False,False,,,False,False,345,False,False,False,False,,,"['Zone', 'PassEndX', 'PassEndY', 'Length', 'Angle']",False,,,,-0.002,
2947788069.0,FirstHalf,1h,41,51,345,332403.0,Eberechi Eze,Pass,Successful,21.6,66.0,21.4,54.6,False,True,False,False,,,False,False,345,False,False,False,False,,,"['Zone', 'PassEndX', 'PassEndY', 'Length', 'Angle']",False,,,,0.002,sub_out
2947788083.0,FirstHalf,1h,41,53,345,332325.0,Declan Rice,Pass,Successful,21.3,53.9,31.7,48.5,False,True,False,False,,,False,False,345,False,False,False,False,,,"['Zone', 'PassEndX', 'PassEndY', 'Length', 'Angle']",False,,,,0.0073,
2947788097.0,FirstHalf,1h,41,56,345,362824.0,Morgan Rogers,Pass,Successful,32.5,45.4,31.6,25.0,False,True,False,False,,,False,False,345,False,False,False,False,,,"['Zone', 'PassEndX', 'PassEndY', 'Length', 'Angle']",False,,,,-0.0053,
2947788105.0,FirstHalf,1h,41,58,345,430019.0,Jarell Quansah,Pass,Successful,33.6,24.4,29.9,49.3,False,True,False,False,,,False,False,345,False,False,False,False,,,"['Zone', 'PassEndX', 'PassEndY', 'Length', 'Angle']",False,,,,0.0063,sub_out
2947788117.0,FirstHalf,1h,42,0,345,332325.0,Declan Rice,Pass,Successful,30.0,49.3,34.0,65.2,False,True,False,False,,,False,False,345,False,False,False,False,,,"['Zone', 'PassEndX', 'PassEndY', 'Length', 'Angle']",False,,,,0.0014,
2947788131.0,FirstHalf,1h,42,4,345,332403.0,Eberechi Eze,Pass,Successful,36.7,65.5,35.9,84.1,False,True,False,False,,,False,False,345,False,False,False,False,,,"['Zone', 'PassEndX', 'PassEndY', 'Length', 'Angle']",False,,,,-0.0077,sub_out
2947788155.0,FirstHalf,1h,42,7,345,362219.0,Djed Spence,Pass,Successful,36.1,82.1,26.5,64.8,False,True,False,False,,,False,False,345,False,False,False,False,,,"['Zone', 'PassEndX', 'PassEndY', 'Length', 'Angle']",False,,,,0.001,
2947788167.0,FirstHalf,1h,42,21,345,374631.0,Marc Guéhi,Pass,Successful,32.4,65.1,42.5,66.7,False,True,False,False,,,False,False,345,False,False,False,False,,,"['Zone', 'PassEndX', 'PassEndY', 'Length', 'Angle']",False,,,,0.0197,sub_out
2947788183.0,FirstHalf,1h,42,23,345,134240.0,Ivan Toney,Pass,Successful,42.5,66.7,32.2,61.7,False,True,False,False,,,False,False,345,False,False,False,False,,,"['Zone', 'PassEndX', 'PassEndY', 'Length', 'Angle']",False,,,,-0.0143,sub_out
2947788191.0,FirstHalf,1h,42,26,345,374631.0,Marc Guéhi,Pass,Successful,32.0,61.7,38.3,57.3,False,True,False,False,,,False,False,345,False,False,False,False,,,"['Zone', 'PassEndX', 'PassEndY', 'Length', 'Angle']",False,,,,0.0122,sub_out
2947788229.0,FirstHalf,1h,42,27,345,134240.0,Ivan Toney,Pass,Successful,39.3,56.7,67.7,3.8,False,True,False,False,,,False,False,345,False,False,False,False,,,"['Longball', 'Zone', 'PassEndX', 'PassEndY', 'Chipped', 'Length', 'Angle']",False,Chipped,,,0.0234,sub_out
2947788237.0,FirstHalf,1h,42,34,345,367185.0,Bukayo Saka,Pass,Successful,89.4,19.5,75.2,22.2,False,True,False,False,,,False,False,345,False,False,False,False,,,"['Zone', 'PassEndX', 'PassEndY', 'Length', 'Angle']",False,,,,-0.0733,
2947788253.0,FirstHalf,1h,42,36,345,362824.0,Morgan Rogers,Pass,Successful,72.2,23.4,76.4,47.6,False,True,False,False,,,False,False,345,False,False,False,False,,,"['Zone', 'PassEndX', 'PassEndY', 'Length', 'Angle']",False,,,,0.4997,
2947788261.0,FirstHalf,1h,42,40,345,134240.0,Ivan Toney,Pass,Unsuccessful,77.3,37.4,97.6,0.0,False,True,False,False,,,False,False,345,False,False,False,False,,,"['Longball', 'Zone', 'PassEndX', 'PassEndY', 'Length', 'Angle']",False,,,,-0.1901,sub_out
2947788323.0,FirstHalf,1h,42,54,341,303115.0,Théo Hernández,Pass,Successful,6.6,100.0,11.0,92.4,False,True,False,False,,,False,False,341,False,False,False,False,,,"['Zone', 'ThrowIn', 'PassEndX', 'PassEndY', 'Length', 'Angle']",False,,,,0.0014,sub_out
2947788335.0,FirstHalf,1h,42,57,341,116609.0,Adrien Rabiot,Pass,Successful,11.1,91.5,8.8,92.5,False,True,False,False,,,False,False,341,False,False,False,False,,,"['Zone', 'PassEndX', 'PassEndY', 'Length', 'Angle']",False,,,,0.0,
2947788341.0,FirstHalf,1h,42,59,341,303115.0,Théo Hernández,Pass,Successful,7.6,92.5,28.9,91.9,False,True,False,False,,,False,False,341,False,False,False,False,,,"['Zone', 'PassEndX', 'PassEndY', 'Length', 'Angle']",False,,,,0.0037,sub_out
2947788363.0,FirstHalf,1h,43,1,345,362824.0,Morgan Rogers,Challenge,Unsuccessful,68.2,11.0,,,False,False,False,False,,,False,False,345,False,False,False,False,,,"['Zone', 'OppositeRelatedEvent', 'Offensive']",False,,,,,
2947788367.0,FirstHalf,1h,43,1,341,433183.0,Désiré Doué,TakeOn,Successful,31.8,89.0,,,False,False,False,False,,,False,False,341,False,False,False,False,,,"['Zone', 'OppositeRelatedEvent', 'Defensive']",False,,,,,sub_out
2947788371.0,FirstHalf,1h,43,4,341,433183.0,Désiré Doué,Pass,Successful,22.8,77.6,12.7,33.7,False,True,False,False,,,False,False,341,False,False,False,False,,,"['Zone', 'PassEndX', 'PassEndY', 'Length', 'Angle']",False,,,,0.0,sub_out
2947788381.0,FirstHalf,1h,43,7,341,345957.0,Ibrahima Konaté,Pass,Successful,15.5,33.4,27.8,29.4,False,True,False,False,,,False,False,341,False,False,False,False,,,"['Zone', 'PassEndX', 'PassEndY', 'Length', 'Angle']",False,,,,0.0068,sub_out
2947788387.0,FirstHalf,1h,43,8,341,371281.0,Michael Olise,Pass,Successful,27.9,29.4,35.6,18.9,False,True,False,False,,,False,False,341,False,False,False,False,,,"['Zone', 'PassEndX', 'PassEndY', 'Length', 'Angle']",False,,,,-0.001,
2947788407.0,FirstHalf,1h,43,10,341,403850.0,Malo Gusto,TakeOn,Unsuccessful,38.6,13.8,,,False,False,False,False,,,False,False,341,False,False,False,False,,,"['Zone', 'OppositeRelatedEvent', 'Offensive']",False,,,,,sub_out
2947788419.0,FirstHalf,1h,43,10,345,362219.0,Djed Spence,Tackle,Successful,61.4,86.1,,,False,False,False,False,,,False,False,345,False,False,False,False,,,"['Zone', 'StandingSave', 'OppositeRelatedEvent', 'Defensive']",False,,,,,
2947788439.0,FirstHalf,1h,43,19,341,403850.0,Malo Gusto,Pass,Successful,46.2,0.0,38.6,9.1,False,True,False,False,,,False,False,341,False,False,False,False,,,"['Zone', 'ThrowIn', 'PassEndX', 'PassEndY', 'Length', 'Angle']",False,,,,-0.0037,sub_out
2947788443.0,FirstHalf,1h,43,21,341,371281.0,Michael Olise,Pass,Successful,36.7,10.0,42.2,16.9,False,True,False,False,,,False,False,341,False,False,False,False,,,"['Zone', 'PassEndX', 'PassEndY', 'Length', 'Angle']",False,,,,0.0117,
2947788445.0,FirstHalf,1h,43,22,341,386153.0,Rayan Cherki,Pass,Successful,42.2,17.2,37.9,13.6,False,True,False,False,,,False,False,341,False,False,False,False,,,"['Zone', 'PassEndX', 'PassEndY', 'Length', 'Angle']",False,,,,-0.0061,sub_out
2947788453.0,FirstHalf,1h,43,23,341,371281.0,Michael Olise,Pass,Successful,37.9,13.6,34.4,27.7,False,True,False,False,,,False,False,341,False,False,False,False,,,"['Zone', 'PassEndX', 'PassEndY', 'Length', 'Angle']",False,,,,0.0077,
2947788465.0,FirstHalf,1h,43,27,341,444679.0,Warren Zaïre-Emery,Pass,Successful,40.3,33.7,44.0,63.4,False,True,False,False,,,False,False,341,False,False,False,False,,,"['Zone', 'PassEndX', 'PassEndY', 'Length', 'Angle']",False,,,,0.0129,
2947788469.0,FirstHalf,1h,43,30,341,401130.0,Maxence Lacroix,Pass,Successful,45.5,65.4,48.6,83.7,False,True,False,False,,,False,False,341,False,False,False,False,,,"['Zone', 'PassEndX', 'PassEndY', 'Length', 'Angle']",False,,,,-0.0145,
2947788473.0,FirstHalf,1h,43,33,341,303115.0,Théo Hernández,Pass,Successful,52.3,89.5,59.1,93.3,False,True,False,False,,,False,False,341,False,False,False,False,,,"['Zone', 'PassEndX', 'PassEndY', 'Length', 'Angle']",False,,,,0.0142,sub_out
2947788483.0,FirstHalf,1h,43,35,341,433183.0,Désiré Doué,Pass,Successful,59.4,93.5,58.9,87.4,False,True,False,False,,,False,False,341,False,False,False,False,,,"['Zone', 'PassEndX', 'PassEndY', 'Length', 'Angle']",False,,,,0.0361,sub_out
2947788503.0,FirstHalf,1h,43,37,341,116609.0,Adrien Rabiot,Pass,Successful,59.1,86.9,58.9,78.2,False,True,False,False,,,False,False,341,False,False,False,False,,,"['Zone', 'PassEndX', 'PassEndY', 'Length', 'Angle']",False,,,,0.0,
2947788525.0,FirstHalf,1h,43,41,341,386153.0,Rayan Cherki,Pass,Successful,64.1,75.5,68.6,60.4,False,True,False,False,,,False,False,341,False,False,False,False,,,"['Zone', 'PassEndX', 'PassEndY', 'Length', 'Angle']",False,,,,0.4663,sub_out
2947788535.0,FirstHalf,1h,43,44,341,371281.0,Michael Olise,Pass,Successful,72.3,44.7,75.6,17.1,False,True,False,False,,,False,False,341,False,False,False,False,,,"['Zone', 'PassEndX', 'PassEndY', 'Length', 'Angle']",False,,,,-0.3564,
2947788541.0,FirstHalf,1h,43,47,341,403850.0,Malo Gusto,Pass,Unsuccessful,89.3,27.4,86.2,71.6,False,True,False,True,,,False,False,341,False,False,False,False,RightFoot,,"['Cross', 'RightFoot', 'Zone', 'PassEndX', 'PassEndY', 'Length', 'Angle']",False,Cross,,,0.0,sub_out
2947788543.0,FirstHalf,1h,43,49,345,430019.0,Jarell Quansah,BallRecovery,Successful,12.2,29.2,,,False,False,False,False,,,False,False,345,False,False,False,False,,,[],False,,,,,sub_out
2947788567.0,FirstHalf,1h,43,51,345,430019.0,Jarell Quansah,Pass,Successful,15.7,25.5,27.6,40.7,False,True,False,False,,,False,False,345,False,False,False,False,,,"['Zone', 'PassEndX', 'PassEndY', 'Length', 'Angle']",False,,,,0.0121,sub_out
2947788569.0,FirstHalf,1h,43,56,345,362824.0,Morgan Rogers,TakeOn,Successful,36.0,37.2,,,False,False,False,False,,,False,False,345,False,False,False,False,,,"['Zone', 'OppositeRelatedEvent', 'Offensive']",False,,,,,
2947788575.0,FirstHalf,1h,43,56,341,433183.0,Désiré Doué,Challenge,Unsuccessful,64.0,62.8,,,False,False,False,False,,,False,False,341,False,False,False,False,,,"['Zone', 'OppositeRelatedEvent', 'Defensive']",False,,,,,sub_out
2947788585.0,FirstHalf,1h,43,56,345,362824.0,Morgan Rogers,Pass,Successful,38.2,28.9,36.8,4.3,False,True,False,False,,,False,False,345,False,False,False,False,,,"['Zone', 'PassEndX', 'PassEndY', 'Length', 'Angle']",False,,,,-0.0133,
2947788591.0,FirstHalf,1h,44,0,345,367185.0,Bukayo Saka,Pass,Successful,36.5,5.2,29.0,24.1,False,True,False,False,,,False,False,345,False,False,False,False,,,"['Zone', 'PassEndX', 'PassEndY', 'Length', 'Angle']",False,,,,0.0023,
2947788617.0,FirstHalf,1h,44,3,345,430019.0,Jarell Quansah,Pass,Successful,27.2,27.7,27.6,50.7,False,True,False,False,,,False,False,345,False,False,False,False,,,"['Zone', 'PassEndX', 'PassEndY', 'Length', 'Angle']",False,,,,0.0053,sub_out
2947788627.0,FirstHalf,1h,44,11,345,332325.0,Declan Rice,Pass,Successful,29.9,58.1,29.1,70.0,False,True,False,False,,,False,False,345,False,False,False,False,,,"['Zone', 'PassEndX', 'PassEndY', 'Length', 'Angle']",False,,,,-0.0053,
2947788631.0,FirstHalf,1h,44,14,345,374631.0,Marc Guéhi,Pass,Successful,28.1,70.2,25.2,53.1,False,True,False,False,,,False,False,345,False,False,False,False,,,"['Zone', 'PassEndX', 'PassEndY', 'Length', 'Angle']",False,,,,0.0053,sub_out
2947788645.0,FirstHalf,1h,44,16,345,332325.0,Declan Rice,Pass,Successful,25.2,53.1,28.7,69.1,False,True,False,False,,,False,False,345,False,False,False,False,,,"['Zone', 'PassEndX', 'PassEndY', 'Length', 'Angle']",False,,,,-0.0053,
2947788661.0,FirstHalf,1h,44,18,345,374631.0,Marc Guéhi,Pass,Successful,29.5,70.9,42.5,67.3,False,True,False,False,,,False,False,345,False,False,False,False,,,"['Zone', 'PassEndX', 'PassEndY', 'Length', 'Angle']",False,,,,0.0197,sub_out
2947788681.0,FirstHalf,1h,44,21,345,300299.0,Marcus Rashford,Pass,Successful,40.8,68.5,40.6,90.9,False,True,False,False,,,False,False,345,False,False,False,False,,,"['Zone', 'PassEndX', 'PassEndY', 'Length', 'Angle']",False,,,,-0.0133,sub_out
2947788693.0,FirstHalf,1h,44,24,345,362219.0,Djed Spence,Pass,Successful,40.5,93.9,38.3,79.7,False,True,False,False,,,False,False,345,False,False,False,False,,,"['Zone', 'PassEndX', 'PassEndY', 'Length', 'Angle']",False,,,,0.0056,
2947788695.0,FirstHalf,1h,44,27,345,300299.0,Marcus Rashford,Pass,Successful,38.4,84.2,41.1,66.7,False,True,False,False,,,False,False,345,False,False,False,False,,,"['Zone', 'PassEndX', 'PassEndY', 'Length', 'Angle']",False,,,,0.0077,sub_out
2947788705.0,FirstHalf,1h,44,29,345,332403.0,Eberechi Eze,Pass,Successful,41.1,66.7,29.5,73.3,False,True,False,False,,,False,False,345,False,False,False,False,,,"['Zone', 'PassEndX', 'PassEndY', 'Length', 'Angle']",False,,,,-0.0067,sub_out
2947788707.0,FirstHalf,1h,44,30,345,374631.0,Marc Guéhi,Pass,Successful,29.5,73.3,32.6,81.4,False,True,False,False,,,False,False,345,False,False,False,False,,,"['Zone', 'PassEndX', 'PassEndY', 'Length', 'Angle']",False,,,,-0.0043,sub_out
2947788713.0,FirstHalf,1h,44,31,345,300299.0,Marcus Rashford,Pass,Successful,33.3,82.9,28.0,73.9,False,True,False,False,,,False,False,345,False,False,False,False,,,"['Zone', 'PassEndX', 'PassEndY', 'Length', 'Angle']",False,,,,0.0043,sub_out
2947788715.0,FirstHalf,1h,44,32,345,374631.0,Marc Guéhi,Pass,Successful,28.0,73.9,31.1,82.6,False,True,False,False,,,False,False,345,False,False,False,False,,,"['Zone', 'PassEndX', 'PassEndY', 'Length', 'Angle']",False,,,,-0.0043,sub_out
2947788725.0,FirstHalf,1h,44,32,345,300299.0,Marcus Rashford,Pass,Successful,31.1,82.6,28.4,73.0,False,True,False,False,,,False,False,345,False,False,False,False,,,"['Zone', 'PassEndX', 'PassEndY', 'Length', 'Angle']",False,,,,0.0043,sub_out
2947788731.0,FirstHalf,1h,44,35,345,374631.0,Marc Guéhi,Pass,Successful,29.2,72.4,29.2,52.5,False,True,False,False,,,False,False,345,False,False,False,False,,,"['Zone', 'PassEndX', 'PassEndY', 'Length', 'Angle']",False,,,,0.0053,sub_out
2947788735.0,FirstHalf,1h,44,38,345,332325.0,Declan Rice,Pass,Successful,27.7,53.6,26.2,72.7,False,True,False,False,,,False,False,345,False,False,False,False,,,"['Zone', 'PassEndX', 'PassEndY', 'Length', 'Angle']",False,,,,-0.0053,
2947788741.0,FirstHalf,1h,44,41,345,374631.0,Marc Guéhi,Pass,Successful,26.9,73.8,34.4,70.9,False,True,False,False,,,False,False,345,False,False,False,False,,,"['Zone', 'PassEndX', 'PassEndY', 'Length', 'Angle']",False,,,,0.0067,sub_out
2947788747.0,FirstHalf,1h,44,41,345,332403.0,Eberechi Eze,Pass,Successful,34.4,70.9,14.6,49.1,False,True,False,False,,,False,False,345,False,False,False,False,,,"['Zone', 'PassEndX', 'PassEndY', 'LayOff', 'Length', 'Angle']",False,,,,-0.0126,sub_out
2947788763.0,FirstHalf,1h,44,48,345,304008.0,Dean Henderson,Pass,Successful,14.4,49.7,15.4,72.1,False,True,False,False,,,False,False,345,False,False,False,False,,,"['Zone', 'PassEndX', 'PassEndY', 'Length', 'Angle']",False,,,,-0.0009,
2947788775.0,FirstHalf,1h,44,49,345,374631.0,Marc Guéhi,Pass,Successful,15.3,72.3,21.7,52.4,False,True,False,False,,,False,False,345,False,False,False,False,,,"['Zone', 'PassEndX', 'PassEndY', 'Length', 'Angle']",False,,,,0.0048,sub_out
2947788779.0,FirstHalf,1h,44,53,345,332325.0,Declan Rice,Pass,Successful,21.7,52.1,32.4,41.6,False,True,False,False,,,False,False,345,False,False,False,False,,,"['Zone', 'PassEndX', 'PassEndY', 'Length', 'Angle']",False,,,,0.0073,
2947788783.0,FirstHalf,1h,44,55,345,362824.0,Morgan Rogers,Pass,Successful,30.9,40.9,34.5,6.7,False,True,False,False,,,False,False,345,False,False,False,False,,,"['Zone', 'PassEndX', 'PassEndY', 'Length', 'Angle']",False,,,,-0.0119,
2947788793.0,FirstHalf,1h,44,56,345,430019.0,Jarell Quansah,Pass,Successful,34.2,7.6,44.9,12.5,False,True,False,False,,,False,False,345,False,False,False,False,,,"['Zone', 'PassEndX', 'PassEndY', 'Length', 'Angle']",False,,,,0.0117,sub_out
2947788807.0,FirstHalf,1h,44,58,345,367185.0,Bukayo Saka,Pass,Successful,42.5,20.4,34.1,24.3,False,True,False,False,,,False,False,345,False,False,False,False,,,"['Zone', 'PassEndX', 'PassEndY', 'Length', 'Angle']",False,,,,-0.0061,
2947788823.0,FirstHalf,1h,45,1,345,362824.0,Morgan Rogers,Pass,Successful,36.3,30.0,37.0,63.4,False,True,False,False,,,False,False,345,False,False,False,False,,,"['Zone', 'PassEndX', 'PassEndY', 'Length', 'Angle']",False,,,,0.0,
2947788837.0,FirstHalf,1h,45,6,345,332403.0,Eberechi Eze,Pass,Successful,41.2,77.9,57.2,96.0,False,True,False,False,,,False,False,345,False,False,False,False,,,"['Zone', 'PassEndX', 'PassEndY', 'Length', 'Angle']",False,,,,0.0059,sub_out
2947788847.0,FirstHalf,1h,45,9,345,300299.0,Marcus Rashford,Pass,Unsuccessful,61.3,95.7,74.8,91.7,False,True,False,False,,,False,False,345,False,False,False,False,,,"['Zone', 'PassEndX', 'PassEndY', 'Chipped', 'Length', 'Angle']",False,Chipped,,,0.0218,sub_out
2947788855.0,FirstHalf,1h,45,11,341,403850.0,Malo Gusto,BallTouch,Unsuccessful,27.8,13.7,,,False,False,False,False,,,False,False,341,False,False,False,False,,,['Zone'],False,,,,,sub_out
2947788887.0,FirstHalf,1h,45,18,345,362219.0,Djed Spence,Foul,Successful,77.6,90.8,,,False,False,False,False,,,False,False,345,False,False,False,False,,,"['Foul', 'Zone', 'OppositeRelatedEvent', 'Offensive']",False,,,,,
2947788889.0,FirstHalf,1h,45,18,341,345957.0,Ibrahima Konaté,Foul,Unsuccessful,22.4,9.2,,,False,False,False,False,,,False,False,341,False,False,False,False,,,"['Foul', 'Zone', 'OppositeRelatedEvent', 'Defensive']",False,,,,,sub_out
2947788947.0,FirstHalf,1h,45,36,345,300299.0,Marcus Rashford,Pass,Successful,75.9,90.1,56.8,68.9,False,True,False,False,,,False,False,345,False,False,False,False,,,"['FreekickTaken', 'Zone', 'PassEndX', 'PassEndY', 'Length', 'Angle']",False,,,,-0.015,sub_out
2947788973.0,FirstHalf,1h,45,41,345,374631.0,Marc Guéhi,Pass,Successful,60.9,69.9,72.1,94.2,False,True,False,False,,,False,False,345,False,False,False,False,,,"['Zone', 'PassEndX', 'PassEndY', 'Chipped', 'Length', 'Angle']",False,Chipped,,,-0.1041,sub_out
2947788977.0,FirstHalf,1h,45,42,345,300299.0,Marcus Rashford,Pass,Successful,72.1,94.2,64.1,95.1,False,True,False,False,,,False,False,345,False,False,False,False,,,"['Zone', 'PassEndX', 'PassEndY', 'Length', 'Angle']",False,,,,-0.0218,sub_out
2947788985.0,FirstHalf,1h,45,44,345,362219.0,Djed Spence,Pass,Successful,64.1,95.1,52.1,89.6,False,True,False,False,,,False,False,345,False,False,False,False,,,"['Zone', 'PassEndX', 'PassEndY', 'Length', 'Angle']",False,,,,-0.0142,
2947789007.0,FirstHalf,1h,45,46,345,332325.0,Declan Rice,Pass,Successful,52.1,89.6,47.7,67.5,False,True,False,False,,,False,False,345,False,False,False,False,,,"['Zone', 'PassEndX', 'PassEndY', 'Length', 'Angle']",False,,,,0.0148,
2947789027.0,FirstHalf,1h,45,48,345,374631.0,Marc Guéhi,Pass,Successful,44.6,66.4,57.4,60.5,False,True,False,False,,,False,False,345,False,False,False,False,,,"['Zone', 'PassEndX', 'PassEndY', 'Length', 'Angle']",False,,,,0.1068,sub_out
2947789049.0,FirstHalf,1h,45,50,345,332403.0,Eberechi Eze,Pass,Successful,62.4,46.6,81.9,55.5,False,True,True,False,,,False,False,345,False,False,False,False,,,"['Throughball', 'RegularPlay', 'Zone', 'PassEndX', 'PassEndY', 'IntentionalAssist', 'ShotAssist', 'Length', 'Angle', 'IntentionalGoalAssist', 'KeyPass']",False,KeyPass,,,0.22,sub_out
2947789051.0,FirstHalf,1h,45,52,345,367185.0,Bukayo Saka,Goal,Successful,83.1,53.8,,,True,False,False,False,On Target,Goal,True,False,345,False,False,False,False,LeftFoot,,"['BoxCentre', 'RegularPlay', 'Assisted', 'RelatedEventId', 'Zone', 'LeftFoot', 'LowRight', 'GoalMouthY', 'GoalMouthZ', 'IntentionalAssist']",False,,0.0586,xg_v3_submodel_calibrated_2025,,
2947789309.0,FirstHalf,1h,47,5,341,386153.0,Rayan Cherki,Pass,Successful,50.2,50.2,46.0,42.7,False,True,False,False,,,False,False,341,False,False,False,False,,,"['Zone', 'PassEndX', 'PassEndY', 'Length', 'Angle']",False,,,,-0.0834,sub_out
2947789313.0,FirstHalf,1h,47,8,341,444679.0,Warren Zaïre-Emery,Pass,Successful,45.8,42.5,50.8,49.8,False,True,False,False,,,False,False,341,False,False,False,False,,,"['Zone', 'PassEndX', 'PassEndY', 'Length', 'Angle']",False,,,,0.0834,
2947789323.0,FirstHalf,1h,47,9,341,386153.0,Rayan Cherki,Pass,Successful,50.8,51.1,40.9,94.8,False,True,False,False,,,False,False,341,False,False,False,False,,,"['Zone', 'PassEndX', 'PassEndY', 'Length', 'Angle']",False,,,,-0.1331,sub_out
2947789351.0,FirstHalf,1h,47,13,341,303115.0,Théo Hernández,Pass,Successful,40.8,95.7,40.7,79.0,False,True,False,False,,,False,False,341,False,False,False,False,,,"['Zone', 'PassEndX', 'PassEndY', 'Length', 'Angle']",False,,,,0.0056,sub_out
2947789369.0,FirstHalf,1h,47,18,341,116609.0,Adrien Rabiot,Pass,Successful,42.6,77.0,60.4,95.1,False,True,False,False,,,False,False,341,False,False,False,False,,,"['Zone', 'PassEndX', 'PassEndY', 'Length', 'Angle']",False,,,,0.0139,
2947789401.0,FirstHalf,1h,47,25,341,303115.0,Théo Hernández,Pass,Successful,45.5,96.5,29.5,92.2,False,True,False,False,,,False,False,341,False,False,False,False,,,"['Zone', 'PassEndX', 'PassEndY', 'Length', 'Angle']",False,,,,-0.0055,sub_out
2947789419.0,FirstHalf,1h,47,30,341,116609.0,Adrien Rabiot,Pass,Successful,34.8,87.8,39.1,75.8,False,True,False,False,,,False,False,341,False,False,False,False,,,"['Zone', 'PassEndX', 'PassEndY', 'Length', 'Angle']",False,,,,0.0056,
2947789433.0,FirstHalf,1h,47,32,341,444679.0,Warren Zaïre-Emery,Pass,Successful,41.0,68.6,39.5,10.2,False,True,False,False,,,False,False,341,False,False,False,False,,,"['Longball', 'Zone', 'PassEndX', 'PassEndY', 'Length', 'Angle']",False,,,,-0.0133,
2947789459.0,FirstHalf,1h,47,43,341,345957.0,Ibrahima Konaté,Pass,Unsuccessful,51.4,12.1,55.7,25.2,False,True,False,False,,,False,False,341,False,False,False,False,,,"['Zone', 'PassEndX', 'PassEndY', 'Length', 'Angle']",False,,,,0.052,sub_out
2947789469.0,FirstHalf,1h,47,44,345,332325.0,Declan Rice,Interception,Successful,44.3,74.8,,,False,False,False,False,,,False,False,345,False,False,False,False,,,['Zone'],False,,,,,
2947789475.0,FirstHalf,1h,47,44,345,332325.0,Declan Rice,BallRecovery,Successful,45.1,73.0,,,False,False,False,False,,,False,False,345,False,False,False,False,,,[],False,,,,,
2947789493.0,FirstHalf,1h,47,44,345,332325.0,Declan Rice,Pass,Successful,45.1,73.2,56.1,52.4,False,True,False,False,,,False,False,345,False,False,False,False,,,"['Zone', 'PassEndX', 'PassEndY', 'Length', 'Angle']",False,,,,0.1068,
2947789517.0,FirstHalf,1h,47,47,345,134240.0,Ivan Toney,Pass,Successful,62.0,51.6,68.3,29.8,False,True,False,False,,,False,False,345,False,False,False,False,,,"['Zone', 'PassEndX', 'PassEndY', 'Length', 'Angle']",False,,,,-0.1397,sub_out
2947789539.0,FirstHalf,1h,47,52,345,367185.0,Bukayo Saka,Pass,Unsuccessful,74.1,42.7,100.0,89.1,False,True,False,False,,,False,False,345,False,False,False,False,,,"['Longball', 'Zone', 'PassEndX', 'PassEndY', 'Chipped', 'Length', 'Angle']",False,Chipped,,,-0.3656,
2947789597.0,FirstHalf,1h,48,2,341,141646.0,Mike Maignan,Pass,Successful,3.5,42.8,9.5,34.8,False,True,False,False,,,False,False,341,False,False,False,False,,,"['Zone', 'GoalKick', 'PassEndX', 'PassEndY', 'Length', 'Angle']",False,,,,0.0024,
2947789613.0,FirstHalf,1h,48,8,341,345957.0,Ibrahima Konaté,Pass,Successful,18.3,39.3,19.6,65.1,False,True,False,False,,,False,False,341,False,False,False,False,,,"['Zone', 'PassEndX', 'PassEndY', 'Length', 'Angle']",False,,,,-0.002,sub_out
2947789621.0,FirstHalf,1h,48,12,341,401130.0,Maxence Lacroix,Pass,Successful,22.8,67.2,29.0,91.0,False,True,False,False,,,False,False,341,False,False,False,False,,,"['Zone', 'PassEndX', 'PassEndY', 'Length', 'Angle']",False,,,,-0.0045,
2947789635.0,FirstHalf,1h,48,15,341,303115.0,Théo Hernández,Pass,Successful,29.2,92.5,34.8,91.2,False,True,False,False,,,False,False,341,False,False,False,False,,,"['Zone', 'PassEndX', 'PassEndY', 'Length', 'Angle']",False,,,,0.0019,sub_out
2947789639.0,FirstHalf,1h,48,19,341,300713.0,Kylian Mbappé,TakeOn,Unsuccessful,34.6,95.0,,,False,False,False,False,,,False,False,341,False,False,False,False,,,"['Zone', 'OppositeRelatedEvent', 'Offensive']",False,,,,,
2947789665.0,FirstHalf,1h,48,19,345,301440.0,Ezri Konsa,Tackle,Successful,65.4,5.0,,,False,False,False,False,,,False,False,345,False,False,False,False,,,"['Zone', 'StandingSave', 'OppositeRelatedEvent', 'Defensive']",False,,,,,
2947789669.0,FirstHalf,1h,48,24,345,367185.0,Bukayo Saka,BallRecovery,Successful,71.2,12.5,,,False,False,False,False,,,False,False,345,False,False,False,False,,,[],False,,,,,
2947789679.0,FirstHalf,1h,48,25,345,367185.0,Bukayo Saka,Pass,Successful,72.2,11.3,71.4,31.3,False,True,False,False,,,False,False,345,False,False,False,False,,,"['Zone', 'PassEndX', 'PassEndY', 'Length', 'Angle']",False,,,,0.2008,
2947789693.0,FirstHalf,1h,48,25,345,362824.0,Morgan Rogers,Pass,Successful,73.2,32.2,92.9,27.1,False,True,True,False,,,False,False,345,False,False,False,False,,,"['Zone', 'PassEndX', 'PassEndY', 'IntentionalAssist', 'ShotAssist', 'Length', 'Angle', 'KeyPass']",False,KeyPass,,,0.3022,
2947789695.0,FirstHalf,1h,48,28,345,134240.0,Ivan Toney,SavedShot,Successful,92.6,26.1,,,True,False,False,False,Blocked,BlockedShot,False,False,345,False,False,False,False,RightFoot,,"['RightFoot', 'RegularPlay', 'Assisted', 'RelatedEventId', 'Zone', 'BoxRight', 'LowRight', 'Blocked', 'GoalMouthY', 'GoalMouthZ', 'BlockedX', 'BlockedY', 'IntentionalAssist', 'OppositeRelatedEvent']",False,,0.0584,xg_v3_submodel_calibrated_2025,,sub_out
2947789699.0,FirstHalf,1h,48,28,341,401130.0,Maxence Lacroix,Save,Successful,6.0,69.3,,,False,False,False,False,,,False,False,341,False,False,False,False,,,"['Zone', 'OutfielderBlock', 'OppositeRelatedEvent']",False,,,,,
2947789703.0,FirstHalf,1h,48,29,341,401130.0,Maxence Lacroix,CornerAwarded,Unsuccessful,6.6,68.8,,,False,False,False,False,,,False,False,341,False,False,False,False,,,"['Zone', 'MissLeft', 'OppositeRelatedEvent']",False,,,,,
2947789705.0,FirstHalf,1h,48,29,345,134240.0,Ivan Toney,CornerAwarded,Successful,93.5,31.2,,,False,False,False,False,,,False,False,345,False,False,False,False,,,"['Zone', 'MissRight', 'OppositeRelatedEvent']",False,,,,,sub_out
2947789941.0,FirstHalf,1h,49,19,345,367185.0,Bukayo Saka,Pass,Unsuccessful,99.5,0.5,98.1,49.6,False,True,False,True,,,False,False,345,False,False,False,False,LeftFoot,,"['Longball', 'Cross', 'CornerTaken', 'Zone', 'LeftFoot', 'PassEndX', 'PassEndY', 'Chipped', 'Length', 'Angle']",False,Cross,,,0.5856,
2947789953.0,FirstHalf,1h,49,25,341,345957.0,Ibrahima Konaté,Foul,Successful,3.0,48.6,,,False,False,False,False,,,False,False,341,False,False,False,False,,,"['Foul', 'Zone', 'OppositeRelatedEvent', 'Defensive']",False,,,,,sub_out
2947789955.0,FirstHalf,1h,49,25,345,374631.0,Marc Guéhi,Foul,Unsuccessful,97.0,51.4,,,False,False,False,False,,,False,False,345,False,False,False,False,,,"['Foul', 'Zone', 'OppositeRelatedEvent', 'Offensive']",False,,,,,sub_out
2947790007.0,FirstHalf,1h,49,34,341,,,End,Successful,0.0,0.0,,,False,False,False,False,,,False,False,341,False,False,False,False,,,[],False,,,,,
2947790009.0,FirstHalf,1h,49,34,345,,,End,Successful,0.0,0.0,,,False,False,False,False,,,False,False,345,False,False,False,False,,,[],False,,,,,
2947793431.0,SecondHalf,2h,45,0,341,386153.0,Rayan Cherki,SubstitutionOff,Successful,0.0,0.0,,,False,False,False,False,,,False,False,341,False,False,False,False,,,"['PlayerPosition', 'RelatedEventId', 'JerseyNumber']",False,,,,,sub_out
2947793433.0,SecondHalf,2h,45,0,341,299513.0,Ousmane Dembélé,SubstitutionOn,Successful,0.0,0.0,,,False,False,False,False,,,False,False,341,False,False,False,False,,,"['PlayerPosition', 'RelatedEventId', 'JerseyNumber', 'FormationSlot']",False,,,,,sub_in
2947793449.0,SecondHalf,2h,45,0,341,433183.0,Désiré Doué,SubstitutionOff,Successful,0.0,0.0,,,False,False,False,False,,,False,False,341,False,False,False,False,,,"['PlayerPosition', 'RelatedEventId', 'JerseyNumber']",False,,,,,sub_out
2947793451.0,SecondHalf,2h,45,0,341,425366.0,Bradley Barcola,SubstitutionOn,Successful,0.0,0.0,,,False,False,False,False,,,False,False,341,False,False,False,False,,,"['PlayerPosition', 'RelatedEventId', 'JerseyNumber', 'FormationSlot']",False,,,,,sub_in
2947793467.0,SecondHalf,2h,45,0,341,303115.0,Théo Hernández,SubstitutionOff,Successful,0.0,0.0,,,False,False,False,False,,,False,False,341,False,False,False,False,,,"['PlayerPosition', 'RelatedEventId', 'JerseyNumber']",False,,,,,sub_out
2947793469.0,SecondHalf,2h,45,0,341,89925.0,Lucas Digne,SubstitutionOn,Successful,0.0,0.0,,,False,False,False,False,,,False,False,341,False,False,False,False,,,"['PlayerPosition', 'RelatedEventId', 'JerseyNumber', 'FormationSlot']",False,,,,,sub_in
2947793483.0,SecondHalf,2h,45,0,341,345957.0,Ibrahima Konaté,SubstitutionOff,Successful,0.0,0.0,,,False,False,False,False,,,False,False,341,False,False,False,False,,,"['PlayerPosition', 'RelatedEventId', 'JerseyNumber']",False,,,,,sub_out
2947793485.0,SecondHalf,2h,45,0,341,327721.0,Dayot Upamecano,SubstitutionOn,Successful,0.0,0.0,,,False,False,False,False,,,False,False,341,False,False,False,False,,,"['PlayerPosition', 'RelatedEventId', 'JerseyNumber', 'FormationSlot']",False,,,,,sub_in
2947793555.0,SecondHalf,2h,45,0,345,300299.0,Marcus Rashford,SubstitutionOff,Successful,0.0,0.0,,,False,False,False,False,,,False,False,345,False,False,False,False,,,"['PlayerPosition', 'RelatedEventId', 'JerseyNumber']",False,,,,,sub_out
2947793557.0,SecondHalf,2h,45,0,345,148503.0,Ollie Watkins,SubstitutionOn,Successful,0.0,0.0,,,False,False,False,False,,,False,False,345,False,False,False,False,,,"['PlayerPosition', 'RelatedEventId', 'JerseyNumber', 'FormationSlot']",False,,,,,sub_in
2947793639.0,SecondHalf,2h,45,0,341,,,FormationChange,Successful,0.0,0.0,,,False,False,False,False,,,False,False,341,False,False,False,False,,,"['InvolvedPlayers', 'PlayerPosition', 'JerseyNumber', 'TeamFormation', 'TeamPlayerFormation', 'CaptainPlayerId']",False,,,,,
2947793765.0,SecondHalf,2h,45,0,341,,,Start,Successful,0.0,0.0,,,False,False,False,False,,,False,False,341,False,False,False,False,,,[],False,,,,,
2947793767.0,SecondHalf,2h,45,0,345,,,Start,Successful,0.0,0.0,,,False,False,False,False,,,False,False,345,False,False,False,False,,,[],False,,,,,
2947793779.0,SecondHalf,2h,45,0,345,332325.0,Declan Rice,Pass,Successful,49.8,50.1,23.6,50.0,False,True,False,False,,,False,False,345,False,False,False,False,,,"['Zone', 'PassEndX', 'PassEndY', 'Length', 'Angle']",False,,,,-0.045,
2947793791.0,SecondHalf,2h,45,5,345,304008.0,Dean Henderson,Pass,Successful,27.4,48.1,67.5,14.6,False,True,False,False,,,False,False,345,False,False,False,False,,,"['Longball', 'Zone', 'PassEndX', 'PassEndY', 'Length', 'Angle']",False,,,,0.0964,
2947793797.0,SecondHalf,2h,45,11,345,134240.0,Ivan Toney,Pass,Unsuccessful,68.8,10.1,66.8,11.3,False,True,False,False,,,False,False,345,False,False,False,False,,,"['Zone', 'PassEndX', 'PassEndY', 'Length', 'Angle']",False,,,,0.0,sub_out
2947793799.0,SecondHalf,2h,45,12,341,425366.0,Bradley Barcola,BallTouch,Successful,32.5,87.5,,,False,False,False,False,,,False,False,341,False,False,False,False,,,['Zone'],False,,,,,sub_in
2947793821.0,SecondHalf,2h,45,14,345,430019.0,Jarell Quansah,Pass,Successful,58.7,3.7,33.2,14.3,False,True,False,False,,,False,False,345,False,False,False,False,,,"['Zone', 'PassEndX', 'PassEndY', 'Length', 'Angle']",False,,,,-0.0234,sub_out
2947793843.0,SecondHalf,2h,45,17,345,301440.0,Ezri Konsa,Pass,Successful,33.2,14.7,13.5,45.2,False,True,False,False,,,False,False,345,False,False,False,False,,,"['Zone', 'PassEndX', 'PassEndY', 'Length', 'Angle']",False,,,,-0.0016,
2947793861.0,SecondHalf,2h,45,26,345,304008.0,Dean Henderson,Pass,Successful,13.4,49.1,32.5,41.3,False,True,False,False,,,False,False,345,False,False,False,False,,,"['Zone', 'PassEndX', 'PassEndY', 'Length', 'Angle']",False,,,,0.0112,
2947793865.0,SecondHalf,2h,45,33,345,362824.0,Morgan Rogers,Pass,Successful,38.8,46.0,35.7,57.3,False,True,False,False,,,False,False,345,False,False,False,False,,,"['Zone', 'PassEndX', 'PassEndY', 'Length', 'Angle']",False,,,,0.0,
2947793873.0,SecondHalf,2h,45,34,345,332325.0,Declan Rice,Pass,Successful,35.7,57.3,42.1,69.1,False,True,False,False,,,False,False,345,False,False,False,False,,,"['Zone', 'PassEndX', 'PassEndY', 'Length', 'Angle']",False,,,,0.0022,
2947793895.0,SecondHalf,2h,45,38,345,332403.0,Eberechi Eze,Pass,Successful,48.9,73.6,60.5,95.7,False,True,False,False,,,False,False,345,False,False,False,False,,,"['Zone', 'PassEndX', 'PassEndY', 'Length', 'Angle']",False,,,,-0.0006,sub_out
2947793897.0,SecondHalf,2h,45,46,345,362219.0,Djed Spence,TakeOn,Unsuccessful,86.8,87.4,,,False,False,False,False,,,False,False,345,False,False,False,False,,,"['Zone', 'OppositeRelatedEvent', 'Offensive']",False,,,,,
2947793901.0,SecondHalf,2h,45,46,341,403850.0,Malo Gusto,Tackle,Successful,13.2,12.6,,,False,False,False,False,,,False,False,341,False,False,False,False,,,"['Zone', 'StandingSave', 'OppositeRelatedEvent', 'Defensive']",False,,,,,sub_out
2947793905.0,SecondHalf,2h,45,48,341,299513.0,Ousmane Dembélé,Foul,Successful,10.8,7.9,,,False,False,False,False,,,False,False,341,False,False,False,False,,,"['Foul', 'Zone', 'OppositeRelatedEvent', 'Defensive']",False,,,,,sub_in
2947793899.0,SecondHalf,2h,45,48,345,362219.0,Djed Spence,Foul,Unsuccessful,89.2,92.0,,,False,False,False,False,,,False,False,345,False,False,False,False,,,"['Foul', 'Zone', 'OppositeRelatedEvent', 'Offensive']",False,,,,,
2947793969.0,SecondHalf,2h,46,9,341,141646.0,Mike Maignan,Pass,Unsuccessful,12.4,8.4,68.3,0.0,False,True,False,False,,,False,False,341,False,False,False,False,,,"['Longball', 'FreekickTaken', 'Zone', 'PassEndX', 'PassEndY', 'Length', 'Angle']",False,,,,0.0517,
2947794009.0,SecondHalf,2h,46,21,345,362219.0,Djed Spence,Pass,Successful,17.6,100.0,9.5,85.7,False,True,False,False,,,False,False,345,False,False,False,False,,,"['Zone', 'ThrowIn', 'PassEndX', 'PassEndY', 'Length', 'Angle']",False,,,,0.0012,
2947794015.0,SecondHalf,2h,46,27,345,374631.0,Marc Guéhi,Pass,Unsuccessful,9.0,97.4,30.0,83.2,False,True,False,False,,,False,False,345,False,False,False,False,,,"['Longball', 'Zone', 'PassEndX', 'PassEndY', 'Length', 'Angle']",False,,,,0.0065,sub_out
2947794021.0,SecondHalf,2h,46,28,341,444679.0,Warren Zaïre-Emery,Pass,Successful,75.9,15.8,70.8,9.6,False,True,False,False,,,False,False,341,False,False,False,False,,,"['Zone', 'PassEndX', 'PassEndY', 'Length', 'Angle']",False,,,,-0.1242,
2947794023.0,SecondHalf,2h,46,30,341,403850.0,Malo Gusto,BallRecovery,Successful,70.6,9.6,,,False,False,False,False,,,False,False,341,False,False,False,False,,,[],False,,,,,sub_out
2947794025.0,SecondHalf,2h,46,30,341,403850.0,Malo Gusto,Pass,Unsuccessful,70.6,9.6,78.7,31.9,False,True,False,False,,,False,False,341,False,False,False,False,,,"['Zone', 'PassEndX', 'PassEndY', 'Length', 'Angle']",False,,,,0.305,sub_out
2947794027.0,SecondHalf,2h,46,31,345,301440.0,Ezri Konsa,Interception,Successful,21.3,68.1,,,False,False,False,False,,,False,False,345,False,False,False,False,,,['Zone'],False,,,,,
2947794037.0,SecondHalf,2h,46,33,341,116609.0,Adrien Rabiot,Pass,Successful,67.5,27.1,69.1,23.2,False,True,False,False,,,False,False,341,False,False,False,False,,,"['Zone', 'PassEndX', 'PassEndY', 'Length', 'Angle']",False,,,,-0.14,
2947794039.0,SecondHalf,2h,46,36,341,444679.0,Warren Zaïre-Emery,Dispossessed,Successful,73.0,27.1,,,False,False,False,False,,,False,False,341,False,False,False,False,,,"['Zone', 'OppositeRelatedEvent', 'Offensive']",False,,,,,
2947794051.0,SecondHalf,2h,46,36,345,148503.0,Ollie Watkins,Tackle,Successful,27.0,72.9,,,False,False,False,False,,,False,False,345,False,False,False,False,,,"['Zone', 'StandingSave', 'OppositeRelatedEvent', 'Defensive']",False,,,,,sub_in
2947794053.0,SecondHalf,2h,46,39,345,332325.0,Declan Rice,BallRecovery,Successful,30.2,66.0,,,False,False,False,False,,,False,False,345,False,False,False,False,,,[],False,,,,,
2947794057.0,SecondHalf,2h,46,39,345,332325.0,Declan Rice,Pass,Successful,30.1,66.7,30.9,55.4,False,True,False,False,,,False,False,345,False,False,False,False,,,"['Zone', 'PassEndX', 'PassEndY', 'Length', 'Angle']",False,,,,0.0053,
2947794059.0,SecondHalf,2h,46,42,345,332403.0,Eberechi Eze,Pass,Successful,31.0,55.4,25.7,60.6,False,True,False,False,,,False,False,345,False,False,False,False,,,"['Zone', 'PassEndX', 'PassEndY', 'Length', 'Angle']",False,,,,0.0,sub_out
2947794063.0,SecondHalf,2h,46,43,345,374631.0,Marc Guéhi,Pass,Successful,25.7,60.6,32.6,82.0,False,True,False,False,,,False,False,345,False,False,False,False,,,"['Zone', 'PassEndX', 'PassEndY', 'Length', 'Angle']",False,,,,-0.0096,sub_out
2947794077.0,SecondHalf,2h,46,47,345,332325.0,Declan Rice,Pass,Successful,35.1,89.7,28.6,76.3,False,True,False,False,,,False,False,345,False,False,False,False,,,"['Zone', 'PassEndX', 'PassEndY', 'Length', 'Angle']",False,,,,0.0023,
2947794081.0,SecondHalf,2h,46,50,345,362219.0,Djed Spence,Pass,Successful,31.2,76.1,23.8,68.7,False,True,False,False,,,False,False,345,False,False,False,False,,,"['Zone', 'PassEndX', 'PassEndY', 'Length', 'Angle']",False,,,,0.0003,
2947794103.0,SecondHalf,2h,46,56,345,374631.0,Marc Guéhi,Pass,Successful,24.5,66.0,28.1,51.2,False,True,False,False,,,False,False,345,False,False,False,False,,,"['Zone', 'PassEndX', 'PassEndY', 'Length', 'Angle']",False,,,,0.0093,sub_out
2947794105.0,SecondHalf,2h,46,57,345,362824.0,Morgan Rogers,Pass,Successful,28.1,51.2,21.3,70.6,False,True,False,False,,,False,False,345,False,False,False,False,,,"['Zone', 'PassEndX', 'PassEndY', 'LayOff', 'Length', 'Angle']",False,,,,-0.0093,
2947794113.0,SecondHalf,2h,46,59,345,374631.0,Marc Guéhi,Pass,Successful,21.5,70.5,24.1,95.3,False,True,False,False,,,False,False,345,False,False,False,False,,,"['Zone', 'PassEndX', 'PassEndY', 'Length', 'Angle']",False,,,,-0.0056,sub_out
2947794131.0,SecondHalf,2h,47,2,345,362219.0,Djed Spence,Pass,Successful,22.9,94.4,8.6,77.0,False,True,False,False,,,False,False,345,False,False,False,False,,,"['Zone', 'PassEndX', 'PassEndY', 'Length', 'Angle']",False,,,,0.0012,
2947794141.0,SecondHalf,2h,47,4,345,374631.0,Marc Guéhi,Pass,Successful,8.0,76.3,3.7,61.5,False,True,False,False,,,False,False,345,False,False,False,False,,,"['Zone', 'PassEndX', 'PassEndY', 'Length', 'Angle']",False,,,,0.0016,sub_out
2947794159.0,SecondHalf,2h,47,8,345,304008.0,Dean Henderson,Pass,Unsuccessful,5.1,60.2,38.9,68.8,False,True,False,False,,,False,False,345,False,False,False,False,,,"['Longball', 'Zone', 'PassEndX', 'PassEndY', 'Chipped', 'Length', 'Angle']",False,Chipped,,,0.0159,
2947794161.0,SecondHalf,2h,47,10,341,403850.0,Malo Gusto,BallRecovery,Successful,58.8,38.1,,,False,False,False,False,,,False,False,341,False,False,False,False,,,[],False,,,,,sub_out
2947794163.0,SecondHalf,2h,47,11,341,403850.0,Malo Gusto,Pass,Successful,60.5,35.4,69.5,31.9,False,True,False,False,,,False,False,341,False,False,False,False,,,"['Zone', 'PassEndX', 'PassEndY', 'Length', 'Angle']",False,,,,0.0967,sub_out
2947794167.0,SecondHalf,2h,47,12,341,299513.0,Ousmane Dembélé,Pass,Unsuccessful,70.0,31.7,73.2,39.5,False,True,False,False,,,False,False,341,False,False,False,False,,,"['Zone', 'PassEndX', 'PassEndY', 'Length', 'Angle']",False,,,,0.2797,sub_in
2947794177.0,SecondHalf,2h,47,14,345,332325.0,Declan Rice,Pass,Successful,24.8,64.3,33.6,73.6,False,True,False,False,,,False,False,345,False,False,False,False,,,"['Zone', 'PassEndX', 'PassEndY', 'Length', 'Angle']",False,,,,0.0107,
2947794179.0,SecondHalf,2h,47,16,345,134240.0,Ivan Toney,BallRecovery,Successful,36.4,73.8,,,False,False,False,False,,,False,False,345,False,False,False,False,,,[],False,,,,,sub_out
2947794181.0,SecondHalf,2h,47,17,345,134240.0,Ivan Toney,Pass,Successful,36.5,74.1,44.7,96.2,False,True,False,False,,,False,False,345,False,False,False,False,,,"['Zone', 'PassEndX', 'PassEndY', 'Length', 'Angle']",False,,,,-0.0096,sub_out
2947794189.0,SecondHalf,2h,47,20,345,148503.0,Ollie Watkins,Pass,Successful,53.8,96.0,51.4,84.5,False,True,False,False,,,False,False,345,False,False,False,False,,,"['Zone', 'PassEndX', 'PassEndY', 'Length', 'Angle']",False,,,,0.0159,sub_in
2947794203.0,SecondHalf,2h,47,21,345,134240.0,Ivan Toney,Pass,Successful,51.5,84.2,53.3,96.9,False,True,False,False,,,False,False,345,False,False,False,False,,,"['Zone', 'PassEndX', 'PassEndY', 'Length', 'Angle']",False,,,,-0.0159,sub_out
2947794207.0,SecondHalf,2h,47,23,345,148503.0,Ollie Watkins,Dispossessed,Successful,50.6,92.4,,,False,False,False,False,,,False,False,345,False,False,False,False,,,"['Zone', 'OppositeRelatedEvent', 'Offensive']",False,,,,,sub_in
2947794215.0,SecondHalf,2h,47,23,341,327721.0,Dayot Upamecano,Tackle,Unsuccessful,49.4,7.6,,,False,False,False,False,,,False,False,341,False,False,False,False,,,"['Zone', 'StandingSave', 'OppositeRelatedEvent', 'Defensive']",False,,,,,sub_in
2947828823.0,SecondHalf,2h,47,23,345,148503.0,Ollie Watkins,BallTouch,Successful,51.0,96.5,,,False,False,False,False,,,False,False,345,False,False,False,False,,,['Zone'],False,,,,,sub_in
2947794219.0,SecondHalf,2h,47,24,341,327721.0,Dayot Upamecano,BallRecovery,Successful,53.7,13.4,,,False,False,False,False,,,False,False,341,False,False,False,False,,,[],False,,,,,sub_in
2947794225.0,SecondHalf,2h,47,27,341,327721.0,Dayot Upamecano,Pass,Successful,64.7,22.9,67.3,33.8,False,True,False,False,,,False,False,341,False,False,False,False,,,"['Zone', 'PassEndX', 'PassEndY', 'Length', 'Angle']",False,,,,0.1866,sub_in
2947794241.0,SecondHalf,2h,47,28,341,371281.0,Michael Olise,Pass,Successful,76.5,37.3,90.9,55.4,False,True,True,False,,,False,False,341,False,False,False,False,,,"['Throughball', 'FastBreak', 'Zone', 'PassEndX', 'PassEndY', 'IntentionalAssist', 'ShotAssist', 'Length', 'Angle', 'BigChanceCreated', 'IntentionalGoalAssist', 'KeyPass']",False,FastBreak,,,0.3355,
2947794243.0,SecondHalf,2h,47,30,341,300713.0,Kylian Mbappé,Goal,Successful,90.9,55.4,,,True,False,False,False,On Target,Goal,True,False,341,False,False,False,True,LeftFoot,,"['BoxCentre', 'FastBreak', 'Assisted', 'RelatedEventId', 'Zone', 'LeftFoot', 'LowRight', 'GoalMouthY', 'GoalMouthZ', 'IntentionalAssist', 'BigChance', 'FirstTouch']",False,FastBreak,0.2801,xg_v3_submodel_calibrated_2025,,
2947794347.0,SecondHalf,2h,48,7,345,332325.0,Declan Rice,Pass,Successful,49.8,50.1,44.7,51.6,False,True,False,False,,,False,False,345,False,False,False,False,,,"['Zone', 'PassEndX', 'PassEndY', 'Length', 'Angle']",False,,,,0.0,
2947794351.0,SecondHalf,2h,48,10,345,332403.0,Eberechi Eze,Pass,Successful,44.7,51.6,33.7,61.1,False,True,False,False,,,False,False,345,False,False,False,False,,,"['Zone', 'PassEndX', 'PassEndY', 'Length', 'Angle']",False,,,,-0.0256,sub_out
2947794355.0,SecondHalf,2h,48,12,345,374631.0,Marc Guéhi,Pass,Successful,32.1,59.3,25.9,26.4,False,True,False,False,,,False,False,345,False,False,False,False,,,"['Zone', 'PassEndX', 'PassEndY', 'Length', 'Angle']",False,,,,-0.0053,sub_out
2947794359.0,SecondHalf,2h,48,14,345,301440.0,Ezri Konsa,Pass,Successful,22.3,32.2,8.8,52.1,False,True,False,False,,,False,False,345,False,False,False,False,,,"['Zone', 'PassEndX', 'PassEndY', 'Length', 'Angle']",False,,,,-0.0019,
2947794361.0,SecondHalf,2h,48,17,345,304008.0,Dean Henderson,Pass,Successful,8.6,51.3,19.7,48.2,False,True,False,False,,,False,False,345,False,False,False,False,,,"['Zone', 'PassEndX', 'PassEndY', 'Length', 'Angle']",False,,,,0.0039,
2947794363.0,SecondHalf,2h,48,19,345,332403.0,Eberechi Eze,Pass,Successful,19.6,48.2,9.1,51.0,False,True,False,False,,,False,False,345,False,False,False,False,,,"['Zone', 'PassEndX', 'PassEndY', 'LayOff', 'Length', 'Angle']",False,,,,-0.0039,sub_out
2947794371.0,SecondHalf,2h,48,21,345,304008.0,Dean Henderson,Pass,Unsuccessful,9.0,50.6,40.6,68.4,False,True,False,False,,,False,False,345,False,False,False,False,,,"['Longball', 'Zone', 'PassEndX', 'PassEndY', 'Length', 'Angle']",False,,,,0.0126,
2947826213.0,SecondHalf,2h,48,23,341,403850.0,Malo Gusto,Aerial,Successful,59.4,31.6,,,False,False,False,False,,,False,False,341,False,False,False,False,,,"['Zone', 'OppositeRelatedEvent', 'Offensive']",False,,,,,sub_out
2947826211.0,SecondHalf,2h,48,23,345,148503.0,Ollie Watkins,Aerial,Unsuccessful,40.6,68.4,,,False,False,False,False,,,False,False,345,False,False,False,False,,,"['Zone', 'OppositeRelatedEvent', 'Defensive']",False,,,,,sub_in
2947794375.0,SecondHalf,2h,48,24,341,403850.0,Malo Gusto,BallTouch,Successful,61.9,30.0,,,False,False,False,False,,,False,False,341,False,False,False,False,,,['Zone'],False,,,,,sub_out
2947794381.0,SecondHalf,2h,48,25,341,299513.0,Ousmane Dembélé,BallRecovery,Successful,62.4,23.9,,,False,False,False,False,,,False,False,341,False,False,False,False,,,[],False,,,,,sub_in
2947794399.0,SecondHalf,2h,48,26,341,299513.0,Ousmane Dembélé,Pass,Successful,62.4,23.9,55.1,56.3,False,True,False,False,,,False,False,341,False,False,False,False,,,"['Zone', 'PassEndX', 'PassEndY', 'Length', 'Angle']",False,,,,0.0713,sub_in
2947794407.0,SecondHalf,2h,48,30,341,401130.0,Maxence Lacroix,Pass,Successful,53.0,65.2,47.4,52.7,False,True,False,False,,,False,False,341,False,False,False,False,,,"['Zone', 'PassEndX', 'PassEndY', 'Length', 'Angle']",False,,,,-0.0138,
2947794413.0,SecondHalf,2h,48,32,341,327721.0,Dayot Upamecano,Pass,Successful,51.8,55.0,59.5,66.9,False,True,False,False,,,False,False,341,False,False,False,False,,,"['Zone', 'PassEndX', 'PassEndY', 'Length', 'Angle']",False,,,,0.0185,sub_in
2947794431.0,SecondHalf,2h,48,36,341,300713.0,Kylian Mbappé,Pass,Successful,64.1,58.7,67.5,5.8,False,True,False,False,,,False,False,341,False,False,False,False,,,"['Longball', 'Zone', 'PassEndX', 'PassEndY', 'Chipped', 'Length', 'Angle']",False,Chipped,,,-0.3406,
2947794433.0,SecondHalf,2h,48,39,341,403850.0,Malo Gusto,Pass,Successful,68.9,6.1,69.7,14.6,False,True,False,False,,,False,False,341,False,False,False,False,,,"['Zone', 'PassEndX', 'PassEndY', 'Length', 'Angle']",False,,,,0.0609,sub_out
2947794441.0,SecondHalf,2h,48,41,341,299513.0,Ousmane Dembélé,Pass,Successful,68.8,20.6,72.6,32.0,False,True,False,False,,,False,False,341,False,False,False,False,,,"['Zone', 'PassEndX', 'PassEndY', 'Length', 'Angle']",False,,,,0.14,sub_in
2947794447.0,SecondHalf,2h,48,44,341,300713.0,Kylian Mbappé,Dispossessed,Successful,80.6,37.6,,,False,False,False,False,,,False,False,341,False,False,False,False,,,"['Zone', 'OppositeRelatedEvent', 'Offensive']",False,,,,,
2947794445.0,SecondHalf,2h,48,44,345,362824.0,Morgan Rogers,Tackle,Unsuccessful,19.4,62.4,,,False,False,False,False,,,False,False,345,False,False,False,False,,,"['Zone', 'StandingSave', 'OppositeRelatedEvent', 'Defensive']",False,,,,,
2947794451.0,SecondHalf,2h,48,46,341,371281.0,Michael Olise,Pass,Successful,72.5,29.4,69.7,23.9,False,True,False,False,,,False,False,341,False,False,False,False,,,"['Zone', 'PassEndX', 'PassEndY', 'Length', 'Angle']",False,,,,-0.14,
2947794457.0,SecondHalf,2h,48,47,341,299513.0,Ousmane Dembélé,Pass,Successful,70.1,24.2,67.8,31.2,False,True,False,False,,,False,False,341,False,False,False,False,,,"['Zone', 'PassEndX', 'PassEndY', 'Length', 'Angle']",False,,,,0.14,sub_in
2947794467.0,SecondHalf,2h,48,48,341,444679.0,Warren Zaïre-Emery,Pass,Successful,67.8,31.2,70.0,26.2,False,True,False,False,,,False,False,341,False,False,False,False,,,"['Zone', 'PassEndX', 'PassEndY', 'Length', 'Angle']",False,,,,0.0,
2947794473.0,SecondHalf,2h,48,53,341,299513.0,Ousmane Dembélé,Pass,Successful,73.5,23.6,69.6,33.7,False,True,False,False,,,False,False,341,False,False,False,False,,,"['Zone', 'PassEndX', 'PassEndY', 'Length', 'Angle']",False,,,,0.14,sub_in
2947794479.0,SecondHalf,2h,48,55,341,371281.0,Michael Olise,Pass,Successful,69.6,34.0,72.4,24.8,False,True,False,False,,,False,False,341,False,False,False,False,,,"['Zone', 'PassEndX', 'PassEndY', 'Length', 'Angle']",False,,,,-0.14,
2947794485.0,SecondHalf,2h,48,56,341,299513.0,Ousmane Dembélé,Pass,Successful,72.5,24.7,64.5,25.9,False,True,False,False,,,False,False,341,False,False,False,False,,,"['Zone', 'PassEndX', 'PassEndY', 'Length', 'Angle']",False,,,,0.0433,sub_in
2947794501.0,SecondHalf,2h,48,59,341,444679.0,Warren Zaïre-Emery,Pass,Successful,64.5,25.1,70.9,6.7,False,True,False,False,,,False,False,341,False,False,False,False,,,"['Zone', 'PassEndX', 'PassEndY', 'Length', 'Angle']",False,,,,-0.1041,
2947794505.0,SecondHalf,2h,49,1,341,403850.0,Malo Gusto,Pass,Successful,70.7,6.7,64.4,15.8,False,True,False,False,,,False,False,341,False,False,False,False,,,"['Zone', 'PassEndX', 'PassEndY', 'Length', 'Angle']",False,,,,0.0143,sub_out
2947794527.0,SecondHalf,2h,49,2,341,444679.0,Warren Zaïre-Emery,Pass,Successful,64.3,16.6,62.0,26.2,False,True,False,False,,,False,False,341,False,False,False,False,,,"['Zone', 'PassEndX', 'PassEndY', 'Length', 'Angle']",False,,,,0.0898,
2947794533.0,SecondHalf,2h,49,7,341,371281.0,Michael Olise,Pass,Unsuccessful,75.9,42.5,81.6,48.7,False,True,False,False,,,False,False,341,False,False,False,False,,,"['Zone', 'PassEndX', 'PassEndY', 'Length', 'Angle']",False,,,,0.0,
2947794537.0,SecondHalf,2h,49,8,345,301440.0,Ezri Konsa,Interception,Successful,18.4,51.3,,,False,False,False,False,,,False,False,345,False,False,False,False,,,['Zone'],False,,,,,
2947794545.0,SecondHalf,2h,49,9,345,332325.0,Declan Rice,BallRecovery,Successful,20.9,60.1,,,False,False,False,False,,,False,False,345,False,False,False,False,,,[],False,,,,,
2947794587.0,SecondHalf,2h,49,17,345,332325.0,Declan Rice,Pass,Successful,22.6,92.7,30.3,58.7,False,True,False,False,,,False,False,345,False,False,False,False,,,"['Zone', 'PassEndX', 'PassEndY', 'Length', 'Angle']",False,,,,0.0149,
2947794591.0,SecondHalf,2h,49,22,345,362824.0,Morgan Rogers,Pass,Successful,31.0,47.9,37.7,29.5,False,True,False,False,,,False,False,345,False,False,False,False,,,"['Zone', 'PassEndX', 'PassEndY', 'Length', 'Angle']",False,,,,0.0014,
2947794627.0,SecondHalf,2h,49,27,345,430019.0,Jarell Quansah,Pass,Successful,58.7,29.8,64.7,5.8,False,True,False,False,,,False,False,345,False,False,False,False,,,"['Zone', 'PassEndX', 'PassEndY', 'Length', 'Angle']",False,,,,-0.1259,sub_out
2947794649.0,SecondHalf,2h,49,31,345,367185.0,Bukayo Saka,Pass,Successful,69.9,17.7,85.3,28.8,False,True,True,False,,,False,False,345,False,False,False,False,,,"['Throughball', 'Zone', 'PassEndX', 'PassEndY', 'IntentionalAssist', 'ShotAssist', 'Length', 'Angle', 'KeyPass']",False,KeyPass,,,0.3453,
2947794657.0,SecondHalf,2h,49,32,345,148503.0,Ollie Watkins,MissedShots,Successful,88.7,28.2,,,True,False,False,False,Off Target,MissedShots,False,False,345,False,False,False,False,RightFoot,,"['RightFoot', 'RegularPlay', 'Assisted', 'RelatedEventId', 'Zone', 'BoxRight', 'GoalMouthY', 'GoalMouthZ', 'IntentionalAssist']",False,,0.0522,xg_v3_submodel_calibrated_2025,,sub_in
2947794691.0,SecondHalf,2h,49,39,341,141646.0,Mike Maignan,Pass,Successful,1.9,43.6,19.5,14.2,False,True,False,False,,,False,False,341,False,False,False,False,,,"['Zone', 'GoalKick', 'PassEndX', 'PassEndY', 'Length', 'Angle']",False,,,,0.0024,
2947794697.0,SecondHalf,2h,49,44,341,403850.0,Malo Gusto,Pass,Successful,24.4,12.9,28.6,15.7,False,True,False,False,,,False,False,341,False,False,False,False,,,"['Zone', 'PassEndX', 'PassEndY', 'Length', 'Angle']",False,,,,0.0025,sub_out
2947794713.0,SecondHalf,2h,49,46,341,299513.0,Ousmane Dembélé,Pass,Successful,31.5,16.1,23.5,22.1,False,True,False,False,,,False,False,341,False,False,False,False,,,"['Zone', 'PassEndX', 'PassEndY', 'Length', 'Angle']",False,,,,-0.0025,sub_in
2947794747.0,SecondHalf,2h,49,49,341,327721.0,Dayot Upamecano,Pass,Successful,26.3,23.2,67.5,2.9,False,True,False,False,,,False,False,341,False,False,False,False,,,"['Longball', 'Zone', 'PassEndX', 'PassEndY', 'Chipped', 'Length', 'Angle']",False,Chipped,,,0.0452,sub_in
2947794753.0,SecondHalf,2h,49,57,341,371281.0,Michael Olise,TakeOn,Unsuccessful,87.6,31.7,,,False,False,False,False,,,False,False,341,False,False,False,False,,,"['Zone', 'OppositeRelatedEvent', 'Offensive']",False,,,,,
2947794757.0,SecondHalf,2h,49,57,345,332325.0,Declan Rice,Tackle,Unsuccessful,12.4,68.3,,,False,False,False,False,,,False,False,345,False,False,False,False,,,"['Zone', 'StandingSave', 'OppositeRelatedEvent', 'Defensive']",False,,,,,
2947794759.0,SecondHalf,2h,49,57,341,371281.0,Michael Olise,BallTouch,Successful,87.8,27.7,,,False,False,False,False,,,False,False,341,False,False,False,False,,,['Zone'],False,,,,,
2947794773.0,SecondHalf,2h,49,59,345,304008.0,Dean Henderson,KeeperPickup,Successful,3.4,50.0,,,False,False,False,False,,,False,False,345,False,False,False,False,,,[],False,,,,,
2947794797.0,SecondHalf,2h,50,6,345,304008.0,Dean Henderson,Pass,Successful,10.5,47.5,7.5,61.1,False,True,False,False,,,False,False,345,False,False,False,False,,,"['Zone', 'KeeperThrow', 'PassEndX', 'PassEndY', 'Length', 'Angle']",False,,,,-0.0033,
2947794805.0,SecondHalf,2h,50,8,345,374631.0,Marc Guéhi,Pass,Successful,9.1,60.5,23.3,51.5,False,True,False,False,,,False,False,345,False,False,False,False,,,"['Zone', 'PassEndX', 'PassEndY', 'Length', 'Angle']",False,,,,0.0039,sub_out
2947794813.0,SecondHalf,2h,50,10,345,362824.0,Morgan Rogers,Pass,Successful,23.2,51.5,9.2,62.3,False,True,False,False,,,False,False,345,False,False,False,False,,,"['Zone', 'PassEndX', 'PassEndY', 'LayOff', 'Length', 'Angle']",False,,,,-0.0039,
2947794821.0,SecondHalf,2h,50,14,345,374631.0,Marc Guéhi,Pass,Successful,10.6,55.1,32.6,90.0,False,True,False,False,,,False,False,345,False,False,False,False,,,"['Longball', 'Zone', 'PassEndX', 'PassEndY', 'Chipped', 'Length', 'Angle']",False,Chipped,,,-0.0026,sub_out
2947794833.0,SecondHalf,2h,50,16,345,332403.0,Eberechi Eze,Pass,Successful,32.9,90.2,19.6,77.9,False,True,False,False,,,False,False,345,False,False,False,False,,,"['Zone', 'PassEndX', 'PassEndY', 'Length', 'Angle']",False,,,,0.0016,sub_out
2947794837.0,SecondHalf,2h,50,20,345,332325.0,Declan Rice,Pass,Successful,16.0,79.7,2.9,80.8,False,True,False,False,,,False,False,345,False,False,False,False,,,"['Zone', 'PassEndX', 'PassEndY', 'Length', 'Angle']",False,,,,-0.0024,
2947794847.0,SecondHalf,2h,50,22,345,374631.0,Marc Guéhi,Pass,Successful,2.9,80.8,2.3,59.1,False,True,False,False,,,False,False,345,False,False,False,False,,,"['Zone', 'PassEndX', 'PassEndY', 'Length', 'Angle']",False,,,,0.0016,sub_out
2947794851.0,SecondHalf,2h,50,29,345,304008.0,Dean Henderson,Pass,Unsuccessful,11.9,50.1,54.4,33.4,False,True,False,False,,,False,False,345,False,False,False,False,,,"['Longball', 'Zone', 'PassEndX', 'PassEndY', 'Chipped', 'Length', 'Angle']",False,Chipped,,,0.0628,
2947794855.0,SecondHalf,2h,50,32,341,89925.0,Lucas Digne,Aerial,Successful,45.6,66.6,,,False,False,False,False,,,False,False,341,False,False,False,False,,,"['Zone', 'OppositeRelatedEvent', 'Defensive']",False,,,,,sub_in
2947794853.0,SecondHalf,2h,50,32,345,367185.0,Bukayo Saka,Aerial,Unsuccessful,54.4,33.4,,,False,False,False,False,,,False,False,345,False,False,False,False,,,"['Zone', 'OppositeRelatedEvent', 'Offensive']",False,,,,,
2947794859.0,SecondHalf,2h,50,32,341,89925.0,Lucas Digne,Pass,Successful,45.6,66.6,54.4,64.0,False,True,False,False,,,False,False,341,False,False,False,False,,,"['HeadPass', 'Zone', 'PassEndX', 'PassEndY', 'Length', 'Angle']",False,,,,0.0372,sub_in
2947794861.0,SecondHalf,2h,50,34,341,116609.0,Adrien Rabiot,BallRecovery,Successful,54.5,63.3,,,False,False,False,False,,,False,False,341,False,False,False,False,,,[],False,,,,,
2947794863.0,SecondHalf,2h,50,37,341,116609.0,Adrien Rabiot,Pass,Successful,60.4,50.2,69.0,32.5,False,True,False,False,,,False,False,341,False,False,False,False,,,"['Zone', 'PassEndX', 'PassEndY', 'Length', 'Angle']",False,,,,-0.1397,
2947794871.0,SecondHalf,2h,50,38,341,371281.0,Michael Olise,Pass,Unsuccessful,69.4,32.3,85.9,47.0,False,True,False,False,,,False,False,341,False,False,False,False,,,"['Throughball', 'Zone', 'PassEndX', 'PassEndY', 'Chipped', 'Length', 'Angle']",False,Chipped,,,0.4397,
2947794873.0,SecondHalf,2h,50,39,345,301440.0,Ezri Konsa,Aerial,Successful,14.1,53.0,,,False,False,False,False,,,False,False,345,False,False,False,False,,,"['Zone', 'OppositeRelatedEvent', 'Defensive']",False,,,,,
2947794875.0,SecondHalf,2h,50,39,341,300713.0,Kylian Mbappé,Aerial,Unsuccessful,85.9,47.0,,,False,False,False,False,,,False,False,341,False,False,False,False,,,"['Zone', 'OppositeRelatedEvent', 'Offensive']",False,,,,,
2947794877.0,SecondHalf,2h,50,40,345,301440.0,Ezri Konsa,Clearance,Successful,14.1,53.0,15.7,43.9,False,False,False,False,,,False,False,345,True,False,False,False,Head,,"['Head', 'Zone', 'PassEndX', 'PassEndY', 'Length', 'Angle']",False,,,,,
2947794881.0,SecondHalf,2h,50,41,341,116609.0,Adrien Rabiot,MissedShots,Successful,84.6,51.1,,,True,False,False,False,Off Target,MissedShots,False,False,341,False,False,False,False,LeftFoot,,"['BoxCentre', 'RegularPlay', 'Zone', 'LeftFoot', 'HighLeft', 'GoalMouthY', 'GoalMouthZ', 'Volley', 'FirstTouch']",False,,0.0706,xg_v3_submodel_calibrated_2025,,
2947794923.0,SecondHalf,2h,51,6,345,301440.0,Ezri Konsa,Pass,Successful,5.1,38.6,2.9,51.6,False,True,False,False,,,False,False,345,False,False,False,False,,,"['Zone', 'GoalKick', 'PassEndX', 'PassEndY', 'Length', 'Angle']",False,,,,0.0,
2947794929.0,SecondHalf,2h,51,12,345,304008.0,Dean Henderson,Pass,Successful,8.1,52.6,16.0,69.1,False,True,False,False,,,False,False,345,False,False,False,False,,,"['Zone', 'PassEndX', 'PassEndY', 'Length', 'Angle']",False,,,,0.0024,
2947794933.0,SecondHalf,2h,51,18,345,374631.0,Marc Guéhi,Pass,Successful,31.2,75.6,34.4,96.6,False,True,False,False,,,False,False,345,False,False,False,False,,,"['Zone', 'PassEndX', 'PassEndY', 'Length', 'Angle']",False,,,,-0.0023,sub_out
2947794937.0,SecondHalf,2h,51,21,345,362219.0,Djed Spence,Pass,Successful,35.0,96.2,44.6,77.5,False,True,False,False,,,False,False,345,False,False,False,False,,,"['Zone', 'PassEndX', 'PassEndY', 'Length', 'Angle']",False,,,,0.0117,
2947794947.0,SecondHalf,2h,51,23,345,148503.0,Ollie Watkins,Pass,Successful,41.7,77.8,33.6,54.0,False,True,False,False,,,False,False,345,False,False,False,False,,,"['Zone', 'PassEndX', 'PassEndY', 'Length', 'Angle']",False,,,,0.0123,sub_in
2947794953.0,SecondHalf,2h,51,27,345,332325.0,Declan Rice,Pass,Successful,33.8,53.4,53.1,45.8,False,True,False,False,,,False,False,345,False,False,False,False,,,"['Zone', 'PassEndX', 'PassEndY', 'Length', 'Angle']",False,,,,0.109,
2947794961.0,SecondHalf,2h,51,28,345,367185.0,Bukayo Saka,Pass,Unsuccessful,53.1,45.8,44.7,31.5,False,True,False,False,,,False,False,345,False,False,False,False,,,"['Zone', 'PassEndX', 'PassEndY', 'Length', 'Angle']",False,,,,-0.1068,
2947794975.0,SecondHalf,2h,51,30,341,425366.0,Bradley Barcola,Pass,Successful,57.2,73.5,60.9,68.3,False,True,False,False,,,False,False,341,False,False,False,False,,,"['Zone', 'PassEndX', 'PassEndY', 'Length', 'Angle']",False,,,,0.0881,sub_in
2947794977.0,SecondHalf,2h,51,32,341,371281.0,Michael Olise,BallRecovery,Successful,60.9,68.3,,,False,False,False,False,,,False,False,341,False,False,False,False,,,[],False,,,,,
2947794979.0,SecondHalf,2h,51,32,341,371281.0,Michael Olise,Pass,Successful,60.9,68.1,64.0,57.3,False,True,False,False,,,False,False,341,False,False,False,False,,,"['Zone', 'PassEndX', 'PassEndY', 'Length', 'Angle']",False,,,,0.2364,
2947794985.0,SecondHalf,2h,51,34,341,300713.0,Kylian Mbappé,Pass,Unsuccessful,64.4,56.9,92.2,76.5,False,True,False,False,,,False,False,341,False,False,False,False,,,"['Longball', 'Zone', 'PassEndX', 'PassEndY', 'Length', 'Angle']",False,,,,-0.0612,
2947828355.0,SecondHalf,2h,51,37,345,301440.0,Ezri Konsa,BallRecovery,Successful,2.8,24.8,,,False,False,False,False,,,False,False,345,False,False,False,False,,,[],False,,,,,
2947794999.0,SecondHalf,2h,51,39,345,301440.0,Ezri Konsa,Pass,Successful,8.4,23.0,23.9,23.4,False,True,False,False,,,False,False,345,False,False,False,False,,,"['Zone', 'PassEndX', 'PassEndY', 'Length', 'Angle']",False,,,,0.0015,
2947795003.0,SecondHalf,2h,51,42,345,362824.0,Morgan Rogers,Pass,Successful,23.9,23.4,26.9,50.1,False,True,False,False,,,False,False,345,False,False,False,False,,,"['Zone', 'PassEndX', 'PassEndY', 'Length', 'Angle']",False,,,,0.0121,
2947795005.0,SecondHalf,2h,51,43,345,332403.0,Eberechi Eze,Pass,Successful,26.9,50.1,17.9,50.1,False,True,False,False,,,False,False,345,False,False,False,False,,,"['Zone', 'PassEndX', 'PassEndY', 'Length', 'Angle']",False,,,,-0.0073,sub_out
2947795025.0,SecondHalf,2h,51,45,345,332325.0,Declan Rice,Pass,Successful,21.5,54.6,35.0,89.9,False,True,False,False,,,False,False,345,False,False,False,False,,,"['Zone', 'PassEndX', 'PassEndY', 'Length', 'Angle']",False,,,,-0.0046,
2947795053.0,SecondHalf,2h,51,51,345,362219.0,Djed Spence,Pass,Successful,57.5,88.1,79.4,85.0,False,True,False,False,,,False,False,345,False,False,False,False,,,"['Zone', 'PassEndX', 'PassEndY', 'Length', 'Angle']",False,,,,0.1601,
2947795057.0,SecondHalf,2h,51,55,345,148503.0,Ollie Watkins,Dispossessed,Successful,89.2,88.1,,,False,False,False,False,,,False,False,345,False,False,False,False,,,"['Zone', 'OppositeRelatedEvent', 'Offensive']",False,,,,,sub_in
2947795063.0,SecondHalf,2h,51,55,341,327721.0,Dayot Upamecano,Tackle,Successful,10.8,11.9,,,False,False,False,False,,,False,False,341,False,False,False,False,,,"['Zone', 'StandingSave', 'OppositeRelatedEvent', 'Defensive']",False,,,,,sub_in
2947795111.0,SecondHalf,2h,52,8,345,362219.0,Djed Spence,Pass,Successful,84.5,100.0,71.4,91.1,False,True,False,False,,,False,False,345,False,False,False,False,,,"['Zone', 'ThrowIn', 'PassEndX', 'PassEndY', 'Length', 'Angle']",False,,,,-0.0693,
2947795115.0,SecondHalf,2h,52,12,345,332403.0,Eberechi Eze,Pass,Successful,71.1,88.0,63.1,74.4,False,True,False,False,,,False,False,345,False,False,False,False,,,"['Zone', 'PassEndX', 'PassEndY', 'Length', 'Angle']",False,,,,0.1041,sub_out
2947795119.0,SecondHalf,2h,52,14,345,332325.0,Declan Rice,Pass,Successful,62.6,73.3,68.0,83.3,False,True,False,False,,,False,False,345,False,False,False,False,,,"['Zone', 'PassEndX', 'PassEndY', 'Length', 'Angle']",False,,,,-0.0433,
2947795121.0,SecondHalf,2h,52,16,345,332403.0,Eberechi Eze,Pass,Successful,68.0,83.5,59.5,72.1,False,True,False,False,,,False,False,345,False,False,False,False,,,"['Zone', 'PassEndX', 'PassEndY', 'Length', 'Angle']",False,,,,0.0433,sub_out
2947795131.0,SecondHalf,2h,52,17,345,332325.0,Declan Rice,Pass,Successful,58.9,70.6,65.1,83.9,False,True,False,False,,,False,False,345,False,False,False,False,,,"['Zone', 'PassEndX', 'PassEndY', 'Length', 'Angle']",False,,,,-0.0898,
2947795141.0,SecondHalf,2h,52,22,345,332403.0,Eberechi Eze,Pass,Successful,65.9,77.9,71.4,62.6,False,True,False,False,,,False,False,345,False,False,False,False,,,"['Zone', 'PassEndX', 'PassEndY', 'Length', 'Angle']",False,,,,0.1866,sub_out
2947795145.0,SecondHalf,2h,52,25,345,134240.0,Ivan Toney,Pass,Unsuccessful,76.1,66.4,76.3,64.3,False,True,False,False,,,False,False,345,False,False,False,False,,,"['Zone', 'PassEndX', 'PassEndY', 'Length', 'Angle', 'OppositeRelatedEvent', 'Offensive']",False,,,,0.0,sub_out
2947795155.0,SecondHalf,2h,52,25,341,116609.0,Adrien Rabiot,BlockedPass,Successful,23.7,35.7,,,False,False,False,False,,,False,False,341,False,False,False,False,,,"['Zone', 'OppositeRelatedEvent', 'Defensive']",False,,,,,
2947795621.0,SecondHalf,2h,52,27,341,116609.0,Adrien Rabiot,Dispossessed,Successful,25.2,28.6,,,False,False,False,False,,,False,False,341,False,False,False,False,,,"['Zone', 'OppositeRelatedEvent', 'Defensive']",False,,,,,
2947795153.0,SecondHalf,2h,52,27,345,134240.0,Ivan Toney,Tackle,Unsuccessful,74.8,71.4,,,False,False,False,False,,,False,False,345,False,False,False,False,,,"['Zone', 'StandingSave', 'OppositeRelatedEvent', 'Offensive']",False,,,,,sub_out
2947795163.0,SecondHalf,2h,52,30,341,116609.0,Adrien Rabiot,Pass,Unsuccessful,27.9,36.4,27.2,36.4,False,True,False,False,,,False,False,341,False,False,False,False,,,"['Zone', 'PassEndX', 'PassEndY', 'Length', 'Angle', 'OppositeRelatedEvent', 'Offensive']",False,,,,0.0,
2947795157.0,SecondHalf,2h,52,30,345,134240.0,Ivan Toney,BlockedPass,Successful,72.8,63.6,,,False,False,False,False,,,False,False,345,False,False,False,False,,,"['Zone', 'OppositeRelatedEvent', 'Defensive']",False,,,,,sub_out
2947795167.0,SecondHalf,2h,52,31,341,444679.0,Warren Zaïre-Emery,BallRecovery,Successful,33.5,26.0,,,False,False,False,False,,,False,False,341,False,False,False,False,,,[],False,,,,,
2947795169.0,SecondHalf,2h,52,32,341,444679.0,Warren Zaïre-Emery,Pass,Successful,37.7,20.5,37.5,31.5,False,True,False,False,,,False,False,341,False,False,False,False,,,"['Zone', 'PassEndX', 'PassEndY', 'Length', 'Angle']",False,,,,0.0077,
2947795175.0,SecondHalf,2h,52,34,341,371281.0,Michael Olise,Pass,Successful,37.5,31.5,24.7,30.8,False,True,False,False,,,False,False,341,False,False,False,False,,,"['Zone', 'PassEndX', 'PassEndY', 'Length', 'Angle']",False,,,,-0.0107,
2947795179.0,SecondHalf,2h,52,37,341,403850.0,Malo Gusto,Pass,Successful,22.2,30.3,22.7,58.4,False,True,False,False,,,False,False,341,False,False,False,False,,,"['Zone', 'PassEndX', 'PassEndY', 'Length', 'Angle']",False,,,,0.002,sub_out
2947795199.0,SecondHalf,2h,52,42,341,401130.0,Maxence Lacroix,Pass,Successful,33.4,63.0,42.9,88.4,False,True,False,False,,,False,False,341,False,False,False,False,,,"['Zone', 'PassEndX', 'PassEndY', 'Length', 'Angle']",False,,,,-0.0096,
2947795207.0,SecondHalf,2h,52,47,341,89925.0,Lucas Digne,Pass,Successful,61.2,91.8,57.0,78.7,False,True,False,False,,,False,False,341,False,False,False,False,,,"['Zone', 'PassEndX', 'PassEndY', 'Length', 'Angle']",False,,,,0.0017,sub_in
2947795225.0,SecondHalf,2h,52,50,341,300713.0,Kylian Mbappé,Pass,Successful,56.5,75.5,65.8,5.9,False,True,False,False,,,False,False,341,False,False,False,False,,,"['Longball', 'Zone', 'PassEndX', 'PassEndY', 'Chipped', 'Length', 'Angle']",False,Chipped,,,-0.0017,
2947795231.0,SecondHalf,2h,52,57,341,299513.0,Ousmane Dembélé,Pass,Unsuccessful,73.5,23.8,86.4,39.2,False,True,False,False,,,False,False,341,False,False,False,False,,,"['Throughball', 'Zone', 'PassEndX', 'PassEndY', 'Length', 'Angle']",False,,,,0.5797,sub_in
2947795233.0,SecondHalf,2h,52,58,345,374631.0,Marc Guéhi,Interception,Successful,13.6,60.8,,,False,False,True,False,,,False,False,345,False,False,False,False,,,"['Zone', 'KeyPass']",False,KeyPass,,,,sub_out
2947795255.0,SecondHalf,2h,53,0,345,332403.0,Eberechi Eze,BallRecovery,Successful,25.4,64.8,,,False,False,False,False,,,False,False,345,False,False,False,False,,,[],False,,,,,sub_out
2947795235.0,SecondHalf,2h,53,1,341,299513.0,Ousmane Dembélé,Challenge,Unsuccessful,69.4,35.2,,,False,False,False,False,,,False,False,341,False,False,False,False,,,"['Zone', 'OppositeRelatedEvent', 'Offensive']",False,,,,,sub_in
2947795243.0,SecondHalf,2h,53,1,345,332403.0,Eberechi Eze,TakeOn,Successful,30.6,64.8,,,False,False,False,False,,,False,False,345,False,False,False,False,,,"['Zone', 'OppositeRelatedEvent', 'Defensive']",False,,,,,sub_out
2947795249.0,SecondHalf,2h,53,2,341,116609.0,Adrien Rabiot,Challenge,Unsuccessful,63.4,37.4,,,False,False,False,False,,,False,False,341,False,False,False,False,,,"['Zone', 'OppositeRelatedEvent', 'Defensive']",False,,,,,
2947795253.0,SecondHalf,2h,53,2,345,332403.0,Eberechi Eze,TakeOn,Successful,36.6,62.6,,,False,False,False,False,,,False,False,345,False,False,False,False,,,"['Zone', 'OppositeRelatedEvent', 'Offensive']",False,,,,,sub_out
2947795261.0,SecondHalf,2h,53,5,341,327721.0,Dayot Upamecano,Challenge,Unsuccessful,50.7,40.3,,,False,False,False,False,,,False,False,341,False,False,False,False,,,"['Zone', 'OppositeRelatedEvent', 'Defensive']",False,,,,,sub_in
2947795265.0,SecondHalf,2h,53,5,345,332403.0,Eberechi Eze,TakeOn,Successful,49.3,59.7,,,False,False,False,False,,,False,False,345,False,False,False,False,,,"['Zone', 'OppositeRelatedEvent', 'Offensive']",False,,,,,sub_out
2947795267.0,SecondHalf,2h,53,7,345,332403.0,Eberechi Eze,MissedShots,Successful,65.9,60.9,,,True,False,False,False,Off Target,MissedShots,False,False,345,False,False,False,False,LeftFoot,,"['ThirtyFivePlusCentre', 'FastBreak', 'Assisted', 'RelatedEventId', 'Zone', 'LeftFoot', 'MissLeft', 'GoalMouthY', 'GoalMouthZ', 'IndividualPlay']",False,FastBreak,0.0499,xg_v3_submodel_calibrated_2025,,sub_out
2947795295.0,SecondHalf,2h,53,14,341,141646.0,Mike Maignan,Pass,Successful,3.6,45.8,9.4,48.5,False,True,False,False,,,False,False,341,False,False,False,False,,,"['Zone', 'GoalKick', 'PassEndX', 'PassEndY', 'Length', 'Angle']",False,,,,0.0033,
2947795303.0,SecondHalf,2h,53,21,341,401130.0,Maxence Lacroix,Pass,Successful,29.2,64.3,32.3,89.6,False,True,False,False,,,False,False,341,False,False,False,False,,,"['Zone', 'PassEndX', 'PassEndY', 'Length', 'Angle']",False,,,,-0.0085,
2947795315.0,SecondHalf,2h,53,23,341,89925.0,Lucas Digne,Pass,Successful,32.4,89.5,28.9,73.2,False,True,False,False,,,False,False,341,False,False,False,False,,,"['Zone', 'PassEndX', 'PassEndY', 'Length', 'Angle']",False,,,,0.0085,sub_in
2947795331.0,SecondHalf,2h,53,27,341,401130.0,Maxence Lacroix,Pass,Successful,30.1,67.7,35.8,59.6,False,True,False,False,,,False,False,341,False,False,False,False,,,"['Zone', 'PassEndX', 'PassEndY', 'Length', 'Angle']",False,,,,0.0175,
2947795341.0,SecondHalf,2h,53,31,341,444679.0,Warren Zaïre-Emery,Pass,Successful,36.3,62.0,41.5,68.5,False,True,False,False,,,False,False,341,False,False,False,False,,,"['Zone', 'PassEndX', 'PassEndY', 'Length', 'Angle']",False,,,,-0.0108,
2947795349.0,SecondHalf,2h,53,32,341,116609.0,Adrien Rabiot,Pass,Successful,42.4,69.1,52.9,89.3,False,True,False,False,,,False,False,341,False,False,False,False,,,"['Zone', 'PassEndX', 'PassEndY', 'Length', 'Angle']",False,,,,-0.0148,
2947795365.0,SecondHalf,2h,53,35,341,300713.0,Kylian Mbappé,Pass,Successful,57.3,90.6,84.1,72.4,False,True,True,False,,,False,False,341,False,False,False,False,,,"['Throughball', 'RegularPlay', 'Zone', 'PassEndX', 'PassEndY', 'IntentionalAssist', 'ShotAssist', 'Length', 'Angle', 'BigChanceCreated', 'IntentionalGoalAssist', 'KeyPass']",False,KeyPass,,,0.4421,
2947795367.0,SecondHalf,2h,53,39,341,425366.0,Bradley Barcola,Goal,Successful,90.5,55.0,,,True,False,False,False,On Target,Goal,True,False,341,False,False,False,True,RightFoot,,"['BoxCentre', 'RightFoot', 'RegularPlay', 'Assisted', 'RelatedEventId', 'Zone', 'LowLeft', 'GoalMouthY', 'GoalMouthZ', 'IntentionalAssist', 'BigChance']",False,,0.249,xg_v3_submodel_calibrated_2025,,sub_in
2947795515.0,SecondHalf,2h,54,21,345,332325.0,Declan Rice,Pass,Successful,49.8,50.0,25.3,50.9,False,True,False,False,,,False,False,345,False,False,False,False,,,"['Zone', 'PassEndX', 'PassEndY', 'Length', 'Angle']",False,,,,-0.0378,
2947795539.0,SecondHalf,2h,54,25,345,304008.0,Dean Henderson,Pass,Successful,25.4,49.3,30.1,24.0,False,True,False,False,,,False,False,345,False,False,False,False,,,"['Zone', 'PassEndX', 'PassEndY', 'Length', 'Angle']",False,,,,-0.0096,
2947795551.0,SecondHalf,2h,54,29,345,301440.0,Ezri Konsa,Pass,Successful,27.3,19.4,14.7,49.0,False,True,False,False,,,False,False,345,False,False,False,False,,,"['Zone', 'PassEndX', 'PassEndY', 'Length', 'Angle']",False,,,,-0.0016,
2947795565.0,SecondHalf,2h,54,34,345,304008.0,Dean Henderson,Pass,Successful,14.5,48.4,26.6,38.5,False,True,False,False,,,False,False,345,False,False,False,False,,,"['Zone', 'PassEndX', 'PassEndY', 'Length', 'Angle']",False,,,,0.0112,
2947795583.0,SecondHalf,2h,54,38,345,332325.0,Declan Rice,Pass,Successful,22.7,37.6,8.3,36.1,False,True,False,False,,,False,False,345,False,False,False,False,,,"['Zone', 'PassEndX', 'PassEndY', 'Length', 'Angle']",False,,,,-0.0076,
2947795589.0,SecondHalf,2h,54,42,345,304008.0,Dean Henderson,Pass,Unsuccessful,8.1,26.4,56.1,25.2,False,True,False,False,,,False,False,345,False,False,False,False,,,"['Longball', 'Zone', 'PassEndX', 'PassEndY', 'Length', 'Angle']",False,,,,0.0665,
2947795597.0,SecondHalf,2h,54,45,341,89925.0,Lucas Digne,Aerial,Successful,43.9,74.8,,,False,False,False,False,,,False,False,341,False,False,False,False,,,"['Zone', 'OppositeRelatedEvent', 'Defensive']",False,,,,,sub_in
2947795591.0,SecondHalf,2h,54,45,345,367185.0,Bukayo Saka,Aerial,Unsuccessful,56.1,25.2,,,False,False,False,False,,,False,False,345,False,False,False,False,,,"['Zone', 'OppositeRelatedEvent', 'Offensive']",False,,,,,
2947795603.0,SecondHalf,2h,54,46,341,89925.0,Lucas Digne,Pass,Unsuccessful,43.9,74.8,52.1,70.4,False,True,False,False,,,False,False,341,False,False,False,False,,,"['HeadPass', 'Zone', 'PassEndX', 'PassEndY', 'Length', 'Angle']",False,,,,0.0372,sub_in
2947795601.0,SecondHalf,2h,54,48,345,134240.0,Ivan Toney,Pass,Unsuccessful,45.5,32.8,46.7,28.8,False,True,False,False,,,False,False,345,False,False,False,False,,,"['Zone', 'PassEndX', 'PassEndY', 'Length', 'Angle', 'OppositeRelatedEvent', 'Offensive']",False,,,,0.0,sub_out
2947795605.0,SecondHalf,2h,54,48,341,116609.0,Adrien Rabiot,BlockedPass,Successful,53.3,71.2,,,False,False,False,False,,,False,False,341,False,False,False,False,,,"['Zone', 'OppositeRelatedEvent', 'Defensive']",False,,,,,
2947795607.0,SecondHalf,2h,54,50,345,374631.0,Marc Guéhi,Pass,Successful,29.7,55.2,43.8,54.5,False,True,False,False,,,False,False,345,False,False,False,False,,,"['Zone', 'PassEndX', 'PassEndY', 'Length', 'Angle']",False,,,,0.0378,sub_out
2947795613.0,SecondHalf,2h,54,51,345,332403.0,Eberechi Eze,Pass,Successful,44.0,55.1,38.7,46.4,False,True,False,False,,,False,False,345,False,False,False,False,,,"['Zone', 'PassEndX', 'PassEndY', 'Length', 'Angle']",False,,,,-0.0256,sub_out
2947795617.0,SecondHalf,2h,54,52,345,332325.0,Declan Rice,Pass,Successful,39.5,47.0,45.1,57.0,False,True,False,False,,,False,False,345,False,False,False,False,,,"['Zone', 'PassEndX', 'PassEndY', 'Length', 'Angle']",False,,,,0.0256,
2947795627.0,SecondHalf,2h,54,53,345,332403.0,Eberechi Eze,Pass,Successful,45.3,58.1,41.7,47.0,False,True,False,False,,,False,False,345,False,False,False,False,,,"['Zone', 'PassEndX', 'PassEndY', 'Length', 'Angle']",False,,,,0.0,sub_out
2947795635.0,SecondHalf,2h,54,56,345,332325.0,Declan Rice,Pass,Successful,42.1,47.3,65.0,23.1,False,True,False,False,,,False,False,345,False,False,False,False,,,"['Zone', 'PassEndX', 'PassEndY', 'Length', 'Angle']",False,,,,0.0121,
2947806757.0,SecondHalf,2h,55,0,341,299513.0,Ousmane Dembélé,OffsideGiven,Unsuccessful,53.0,57.5,,,False,False,False,False,,,False,False,341,False,False,False,False,,,[],False,,,,,sub_in
2947795639.0,SecondHalf,2h,55,2,341,116609.0,Adrien Rabiot,Challenge,Unsuccessful,33.7,85.3,,,False,False,False,False,,,False,False,341,False,False,False,False,,,"['Zone', 'OppositeRelatedEvent', 'Defensive']",False,,,,,
2947795645.0,SecondHalf,2h,55,2,345,362824.0,Morgan Rogers,TakeOn,Successful,66.3,14.7,,,False,False,False,False,,,False,False,345,False,False,False,False,,,"['Zone', 'OppositeRelatedEvent', 'Offensive']",False,,,,,
2947795649.0,SecondHalf,2h,55,5,345,362824.0,Morgan Rogers,Foul,Successful,66.9,24.8,,,False,False,False,False,,,False,False,345,False,False,False,False,,,"['Foul', 'Zone', 'OppositeRelatedEvent', 'Offensive']",False,,,,,
2947795647.0,SecondHalf,2h,55,5,341,425366.0,Bradley Barcola,Foul,Unsuccessful,33.0,75.1,,,False,False,False,False,,,False,False,341,False,False,False,False,,,"['Foul', 'Zone', 'OppositeRelatedEvent', 'Defensive']",False,,,,,sub_in
2947795731.0,SecondHalf,2h,55,46,345,332325.0,Declan Rice,Pass,Unsuccessful,71.1,26.8,95.9,54.0,False,True,False,True,,,False,False,345,False,False,False,False,RightFoot,,"['Cross', 'FreekickTaken', 'RightFoot', 'Zone', 'PassEndX', 'PassEndY', 'Chipped', 'Length', 'Angle', 'OppositeRelatedEvent']",False,Cross,,,0.4997,
2947795735.0,SecondHalf,2h,55,49,341,141646.0,Mike Maignan,Claim,Successful,4.1,46.0,,,False,False,False,False,,,False,False,341,False,False,False,False,,,"['Zone', 'HighClaim', 'OppositeRelatedEvent']",False,,,,,
2947795745.0,SecondHalf,2h,55,51,341,141646.0,Mike Maignan,Pass,Successful,11.1,38.9,39.6,27.7,False,True,False,False,,,False,False,341,False,False,False,False,,,"['Zone', 'KeeperThrow', 'PassEndX', 'PassEndY', 'Length', 'Angle']",False,,,,0.0126,
2947795757.0,SecondHalf,2h,55,55,341,300713.0,Kylian Mbappé,OffsidePass,Successful,40.3,30.9,53.0,57.5,False,False,False,False,,,False,False,341,False,False,False,False,,,"['PlayerCaughtOffside', 'Zone', 'PassEndX', 'PassEndY']",False,,,,,
2947795779.0,SecondHalf,2h,55,55,345,332403.0,Eberechi Eze,OffsideProvoked,Successful,47.7,60.7,,,False,False,False,False,,,False,False,345,False,False,False,False,,,[],False,,,,,sub_out
2947795847.0,SecondHalf,2h,56,38,345,301440.0,Ezri Konsa,Pass,Successful,20.9,20.0,13.1,46.0,False,True,False,False,,,False,False,345,False,False,False,False,,,"['FreekickTaken', 'Zone', 'PassEndX', 'PassEndY', 'Length', 'Angle', 'IndirectFreekickTaken']",False,,,,0.0009,
2947795855.0,SecondHalf,2h,56,40,345,304008.0,Dean Henderson,Pass,Successful,13.5,46.0,20.6,70.2,False,True,False,False,,,False,False,345,False,False,False,False,,,"['Zone', 'PassEndX', 'PassEndY', 'Length', 'Angle']",False,,,,0.0019,
2947795863.0,SecondHalf,2h,56,42,345,374631.0,Marc Guéhi,Pass,Successful,20.8,70.3,31.6,49.1,False,True,False,False,,,False,False,345,False,False,False,False,,,"['Zone', 'PassEndX', 'PassEndY', 'Length', 'Angle']",False,,,,0.0093,sub_out
2947795873.0,SecondHalf,2h,56,45,345,332325.0,Declan Rice,Pass,Unsuccessful,35.1,47.2,63.6,10.4,False,True,False,False,,,False,False,345,False,False,False,False,,,"['Longball', 'Zone', 'PassEndX', 'PassEndY', 'Chipped', 'Length', 'Angle']",False,Chipped,,,0.0016,
2947795871.0,SecondHalf,2h,56,48,341,89925.0,Lucas Digne,Interception,Successful,36.4,89.6,,,False,False,False,False,,,False,False,341,True,False,False,False,Head,,"['Head', 'Zone']",False,,,,,sub_in
2947795877.0,SecondHalf,2h,56,49,341,425366.0,Bradley Barcola,BallRecovery,Successful,39.4,82.0,,,False,False,False,False,,,False,False,341,False,False,False,False,,,[],False,,,,,sub_in
2947795893.0,SecondHalf,2h,56,51,341,425366.0,Bradley Barcola,Pass,Successful,40.3,86.0,33.8,70.9,False,True,False,False,,,False,False,341,False,False,False,False,,,"['Zone', 'PassEndX', 'PassEndY', 'Length', 'Angle']",False,,,,0.0077,sub_in
2947795899.0,SecondHalf,2h,56,53,341,401130.0,Maxence Lacroix,Pass,Successful,33.8,70.7,38.5,62.7,False,True,False,False,,,False,False,341,False,False,False,False,,,"['Zone', 'PassEndX', 'PassEndY', 'Length', 'Angle']",False,,,,0.0,
2947795901.0,SecondHalf,2h,56,54,341,444679.0,Warren Zaïre-Emery,Pass,Successful,38.9,63.3,45.4,70.1,False,True,False,False,,,False,False,341,False,False,False,False,,,"['Zone', 'PassEndX', 'PassEndY', 'Length', 'Angle']",False,,,,0.0129,
2947795905.0,SecondHalf,2h,56,56,341,371281.0,Michael Olise,Pass,Successful,45.5,71.0,62.3,78.2,False,True,False,False,,,False,False,341,False,False,False,False,,,"['Zone', 'PassEndX', 'PassEndY', 'Length', 'Angle']",False,,,,0.0355,
2947795915.0,SecondHalf,2h,56,58,341,116609.0,Adrien Rabiot,Pass,Successful,62.7,77.3,66.3,85.1,False,True,False,False,,,False,False,341,False,False,False,False,,,"['Zone', 'PassEndX', 'PassEndY', 'Length', 'Angle']",False,,,,0.0,
2947795917.0,SecondHalf,2h,57,0,341,425366.0,Bradley Barcola,Dispossessed,Successful,65.8,87.0,,,False,False,False,False,,,False,False,341,False,False,False,False,,,"['Zone', 'OppositeRelatedEvent', 'Offensive']",False,,,,,sub_in
2947795921.0,SecondHalf,2h,57,0,345,367185.0,Bukayo Saka,Tackle,Unsuccessful,34.2,13.0,,,False,False,False,False,,,False,False,345,False,False,False,False,,,"['Zone', 'StandingSave', 'OppositeRelatedEvent', 'Defensive']",False,,,,,
2947795925.0,SecondHalf,2h,57,1,341,425366.0,Bradley Barcola,BallTouch,Successful,66.4,84.6,,,False,False,False,False,,,False,False,341,False,False,False,False,,,['Zone'],False,,,,,sub_in
2947795935.0,SecondHalf,2h,57,3,345,367185.0,Bukayo Saka,Foul,Successful,34.2,25.6,,,False,False,False,False,,,False,False,345,False,False,False,False,,,"['Foul', 'Zone', 'OppositeRelatedEvent', 'Offensive']",False,,,,,
2947795937.0,SecondHalf,2h,57,3,341,425366.0,Bradley Barcola,Foul,Unsuccessful,65.8,74.4,,,False,False,False,False,,,False,False,341,False,False,False,False,,,"['Foul', 'Zone', 'OppositeRelatedEvent', 'Defensive']",False,,,,,sub_in
2947796061.0,SecondHalf,2h,57,46,345,332325.0,Declan Rice,Pass,Successful,36.2,30.0,26.1,25.3,False,True,False,False,,,False,False,345,False,False,False,False,,,"['FreekickTaken', 'Zone', 'PassEndX', 'PassEndY', 'Length', 'Angle']",False,,,,-0.0067,
2947796067.0,SecondHalf,2h,57,48,345,301440.0,Ezri Konsa,Pass,Successful,26.1,27.7,26.5,62.1,False,True,False,False,,,False,False,345,False,False,False,False,,,"['Zone', 'PassEndX', 'PassEndY', 'Length', 'Angle']",False,,,,0.0053,
2947796073.0,SecondHalf,2h,57,50,345,374631.0,Marc Guéhi,Pass,Successful,26.2,66.1,35.3,95.4,False,True,False,False,,,False,False,345,False,False,False,False,,,"['Zone', 'PassEndX', 'PassEndY', 'Length', 'Angle']",False,,,,-0.0066,sub_out
2947796079.0,SecondHalf,2h,57,52,345,362219.0,Djed Spence,Pass,Unsuccessful,33.3,95.7,42.9,94.1,False,True,False,False,,,False,False,345,False,False,False,False,,,"['Zone', 'PassEndX', 'PassEndY', 'Length', 'Angle']",False,,,,0.0055,
2947796211.0,SecondHalf,2h,57,53,341,403850.0,Malo Gusto,Interception,Successful,57.1,5.9,,,False,False,False,False,,,False,False,341,False,False,False,False,,,['Zone'],False,,,,,sub_out
2947796091.0,SecondHalf,2h,58,0,345,362219.0,Djed Spence,Pass,Unsuccessful,81.5,77.9,81.9,75.4,False,True,False,False,,,False,False,345,False,False,False,False,,,"['Zone', 'PassEndX', 'PassEndY', 'Length', 'Angle', 'OppositeRelatedEvent', 'Offensive']",False,,,,0.0,
2947796097.0,SecondHalf,2h,58,0,341,327721.0,Dayot Upamecano,BlockedPass,Successful,18.1,24.6,,,False,False,False,False,,,False,False,341,False,False,False,False,,,"['Zone', 'OppositeRelatedEvent', 'Defensive']",False,,,,,sub_in
2947796095.0,SecondHalf,2h,58,2,345,362219.0,Djed Spence,CornerAwarded,Successful,78.6,75.8,,,False,False,False,False,,,False,False,345,False,False,False,False,,,"['Zone', 'MissLeft', 'OppositeRelatedEvent']",False,,,,,
2947796099.0,SecondHalf,2h,58,2,341,327721.0,Dayot Upamecano,CornerAwarded,Unsuccessful,21.4,24.2,,,False,False,False,False,,,False,False,341,False,False,False,False,,,"['Zone', 'MissLeft', 'OppositeRelatedEvent']",False,,,,,sub_in
2947796235.0,SecondHalf,2h,58,47,345,332325.0,Declan Rice,Pass,Successful,99.5,99.5,92.9,52.1,False,True,True,True,,,False,False,345,False,False,False,False,RightFoot,,"['Longball', 'Cross', 'CornerTaken', 'RightFoot', 'Zone', 'PassEndX', 'PassEndY', 'IntentionalAssist', 'Chipped', 'ShotAssist', 'Length', 'Angle', 'KeyPass']",False,Cross,,,0.5856,
2947796241.0,SecondHalf,2h,58,48,345,134240.0,Ivan Toney,Aerial,Successful,92.9,52.1,,,False,False,False,False,,,False,False,345,False,False,False,False,,,"['Zone', 'OppositeRelatedEvent', 'Offensive']",False,,,,,sub_out
2947796237.0,SecondHalf,2h,58,48,341,401130.0,Maxence Lacroix,Aerial,Unsuccessful,7.1,47.9,,,False,False,False,False,,,False,False,341,False,False,False,False,,,"['Zone', 'OppositeRelatedEvent', 'Defensive']",False,,,,,
2947796243.0,SecondHalf,2h,58,49,345,134240.0,Ivan Toney,SavedShot,Successful,92.9,52.1,,,True,False,False,False,On Target,SavedShot,False,False,345,True,False,False,False,Head,,"['Head', 'BoxCentre', 'FromCorner', 'Assisted', 'RelatedEventId', 'Zone', 'LowRight', 'GoalMouthY', 'GoalMouthZ', 'BlockedX', 'BlockedY', 'IntentionalAssist', 'OppositeRelatedEvent', 'FirstTouch']",False,,0.075,xg_v3_submodel_calibrated_2025,,sub_out
2947796245.0,SecondHalf,2h,58,49,341,141646.0,Mike Maignan,Save,Successful,1.4,50.9,,,False,False,False,False,,,False,False,341,False,False,False,False,,,"['Zone', 'ParriedDanger', 'DivingSave', 'Hands', 'OppositeRelatedEvent', 'KeeperSaveInTheBox']",False,,,,,
2947796249.0,SecondHalf,2h,58,54,341,444679.0,Warren Zaïre-Emery,BallRecovery,Successful,9.6,85.7,,,False,False,False,False,,,False,False,341,False,False,False,False,,,[],False,,,,,
2947796255.0,SecondHalf,2h,58,54,341,444679.0,Warren Zaïre-Emery,Pass,Successful,9.6,85.7,22.3,91.2,False,True,False,False,,,False,False,341,False,False,False,False,,,"['Zone', 'PassEndX', 'PassEndY', 'Length', 'Angle']",False,,,,-0.0012,
2947796257.0,SecondHalf,2h,58,58,341,371281.0,Michael Olise,TakeOn,Unsuccessful,21.6,94.4,,,False,False,False,False,,,False,False,341,False,False,False,False,,,"['Zone', 'OverRun', 'Defensive']",False,,,,,
2947796263.0,SecondHalf,2h,58,59,345,332403.0,Eberechi Eze,BallRecovery,Successful,76.5,7.6,,,False,False,False,False,,,False,False,345,False,False,False,False,,,[],False,,,,,sub_out
2947796269.0,SecondHalf,2h,59,5,345,332403.0,Eberechi Eze,BallTouch,Unsuccessful,97.5,11.1,,,False,False,False,False,,,False,False,345,False,False,False,False,,,['Zone'],False,,,,,sub_out
2947796281.0,SecondHalf,2h,59,13,341,141646.0,Mike Maignan,Pass,Successful,3.6,51.2,36.2,11.4,False,True,False,False,,,False,False,341,False,False,False,False,,,"['Longball', 'Zone', 'GoalKick', 'PassEndX', 'PassEndY', 'Length', 'Angle']",False,,,,0.0026,
2947796305.0,SecondHalf,2h,59,20,341,403850.0,Malo Gusto,Pass,Successful,52.0,10.0,54.3,5.5,False,True,False,False,,,False,False,341,False,False,False,False,,,"['Zone', 'PassEndX', 'PassEndY', 'Length', 'Angle']",False,,,,0.0,sub_out
2947796313.0,SecondHalf,2h,59,23,341,299513.0,Ousmane Dembélé,Pass,Successful,55.1,7.0,48.9,17.0,False,True,False,False,,,False,False,341,False,False,False,False,,,"['Zone', 'PassEndX', 'PassEndY', 'Length', 'Angle']",False,,,,0.0003,sub_in
2947796327.0,SecondHalf,2h,59,26,341,116609.0,Adrien Rabiot,Pass,Successful,53.4,17.7,61.9,5.3,False,True,False,False,,,False,False,341,False,False,False,False,,,"['Zone', 'PassEndX', 'PassEndY', 'Length', 'Angle']",False,,,,-0.0017,
2947796331.0,SecondHalf,2h,59,30,341,403850.0,Malo Gusto,Pass,Unsuccessful,69.4,7.0,78.8,33.5,False,True,False,False,,,False,False,341,False,False,False,False,,,"['Zone', 'PassEndX', 'PassEndY', 'Length', 'Angle']",False,,,,0.305,sub_out
2947796335.0,SecondHalf,2h,59,32,345,332325.0,Declan Rice,BallRecovery,Successful,26.9,60.6,,,False,False,False,False,,,False,False,345,False,False,False,False,,,[],False,,,,,
2947796339.0,SecondHalf,2h,59,32,345,332325.0,Declan Rice,Pass,Successful,26.8,60.6,18.0,69.7,False,True,False,False,,,False,False,345,False,False,False,False,,,"['Zone', 'PassEndX', 'PassEndY', 'Length', 'Angle']",False,,,,-0.0093,
2947796341.0,SecondHalf,2h,59,35,345,367185.0,Bukayo Saka,Pass,Successful,18.3,72.1,19.5,91.1,False,True,False,False,,,False,False,345,False,False,False,False,,,"['Zone', 'PassEndX', 'PassEndY', 'Length', 'Angle']",False,,,,-0.0056,
2947796351.0,SecondHalf,2h,59,38,345,148503.0,Ollie Watkins,Pass,Successful,19.9,90.8,24.6,71.7,False,True,False,False,,,False,False,345,False,False,False,False,,,"['Zone', 'PassEndX', 'PassEndY', 'Length', 'Angle']",False,,,,0.0056,sub_in
2947796355.0,SecondHalf,2h,59,40,345,332325.0,Declan Rice,Pass,Successful,24.5,71.4,38.4,68.8,False,True,False,False,,,False,False,345,False,False,False,False,,,"['Zone', 'PassEndX', 'PassEndY', 'Length', 'Angle']",False,,,,0.0107,
2947796361.0,SecondHalf,2h,59,41,345,134240.0,Ivan Toney,Pass,Successful,41.8,77.3,54.3,96.0,False,True,False,False,,,False,False,345,False,False,False,False,,,"['Zone', 'PassEndX', 'PassEndY', 'Length', 'Angle']",False,,,,-0.0003,sub_out
2947796363.0,SecondHalf,2h,59,48,345,367185.0,Bukayo Saka,Pass,Unsuccessful,70.4,84.1,71.0,81.1,False,True,False,False,,,False,False,345,False,False,False,False,,,"['Zone', 'PassEndX', 'PassEndY', 'Length', 'Angle', 'OppositeRelatedEvent', 'Offensive']",False,,,,0.0,
2947796365.0,SecondHalf,2h,59,48,341,403850.0,Malo Gusto,BlockedPass,Successful,29.0,18.9,,,False,False,False,False,,,False,False,341,False,False,False,False,,,"['Zone', 'OppositeRelatedEvent', 'Defensive']",False,,,,,sub_out
2947796369.0,SecondHalf,2h,59,50,341,403850.0,Malo Gusto,BallRecovery,Successful,27.0,20.3,,,False,False,False,False,,,False,False,341,False,False,False,False,,,[],False,,,,,sub_out
2947796371.0,SecondHalf,2h,59,50,341,403850.0,Malo Gusto,Pass,Successful,26.0,14.3,10.5,41.0,False,True,False,False,,,False,False,341,False,False,False,False,,,"['Zone', 'PassEndX', 'PassEndY', 'Length', 'Angle']",False,,,,-0.0016,sub_out
2947796377.0,SecondHalf,2h,59,53,341,141646.0,Mike Maignan,Pass,Successful,10.8,42.8,26.6,83.5,False,True,False,False,,,False,False,341,False,False,False,False,,,"['Longball', 'Zone', 'PassEndX', 'PassEndY', 'Length', 'Angle']",False,,,,0.0016,
2947796379.0,SecondHalf,2h,59,57,341,89925.0,Lucas Digne,Pass,Successful,32.9,88.3,54.7,91.2,False,True,False,False,,,False,False,341,False,False,False,False,,,"['Zone', 'PassEndX', 'PassEndY', 'Length', 'Angle']",False,,,,0.0134,sub_in
2947796389.0,SecondHalf,2h,60,0,341,371281.0,Michael Olise,Pass,Successful,61.5,91.6,73.8,91.6,False,True,False,False,,,False,False,341,False,False,False,False,,,"['Zone', 'PassEndX', 'PassEndY', 'Length', 'Angle']",False,,,,0.0218,
2947796393.0,SecondHalf,2h,60,5,341,300713.0,Kylian Mbappé,TakeOn,Unsuccessful,86.0,77.4,,,False,False,False,False,,,False,False,341,False,False,False,False,,,"['Zone', 'OppositeRelatedEvent', 'Offensive']",False,,,,,
2947796401.0,SecondHalf,2h,60,5,345,430019.0,Jarell Quansah,Tackle,Unsuccessful,14.0,22.6,,,False,False,False,False,,,False,False,345,False,False,False,False,,,"['Zone', 'StandingSave', 'OppositeRelatedEvent', 'Defensive']",False,,,,,sub_out
2947796399.0,SecondHalf,2h,60,6,341,300713.0,Kylian Mbappé,BallTouch,Successful,85.3,81.4,,,False,False,False,False,,,False,False,341,False,False,False,False,,,['Zone'],False,,,,,
2947796689.0,SecondHalf,2h,60,7,341,300713.0,Kylian Mbappé,Challenge,Unsuccessful,88.7,65.0,,,False,False,False,False,,,False,False,341,False,False,False,False,,,"['Zone', 'OppositeRelatedEvent', 'Offensive']",False,,,,,
2947796691.0,SecondHalf,2h,60,7,345,301440.0,Ezri Konsa,TakeOn,Successful,11.3,35.0,,,False,False,False,False,,,False,False,345,False,False,False,False,,,"['Zone', 'OppositeRelatedEvent', 'Defensive']",False,,,,,
2947796431.0,SecondHalf,2h,60,8,345,301440.0,Ezri Konsa,BallRecovery,Successful,9.6,31.0,,,False,False,False,False,,,False,False,345,False,False,False,False,,,[],False,,,,,
2947796437.0,SecondHalf,2h,60,9,345,301440.0,Ezri Konsa,Pass,Successful,9.0,30.4,26.7,43.0,False,True,False,False,,,False,False,345,False,False,False,False,,,"['Zone', 'PassEndX', 'PassEndY', 'Length', 'Angle']",False,,,,0.0121,
2947796443.0,SecondHalf,2h,60,14,345,332325.0,Declan Rice,Pass,Successful,29.8,24.6,36.1,8.3,False,True,False,False,,,False,False,345,False,False,False,False,,,"['Zone', 'PassEndX', 'PassEndY', 'Length', 'Angle']",False,,,,-0.0023,
2947796447.0,SecondHalf,2h,60,18,345,362824.0,Morgan Rogers,Pass,Unsuccessful,47.5,5.0,46.5,21.9,False,True,False,False,,,False,False,345,False,False,False,False,,,"['Zone', 'PassEndX', 'PassEndY', 'Length', 'Angle']",False,,,,0.0081,
2947796551.0,SecondHalf,2h,60,19,345,362824.0,Morgan Rogers,Error,Successful,44.2,7.4,,,False,False,False,False,,,False,False,345,False,False,False,False,,,['LeadingToAttempt'],False,,,,,
2947796451.0,SecondHalf,2h,60,20,341,444679.0,Warren Zaïre-Emery,Pass,Successful,54.2,83.7,61.2,77.6,False,True,True,False,,,False,False,341,False,False,False,False,,,"['Zone', 'PassEndX', 'PassEndY', 'ShotAssist', 'Length', 'Angle', 'KeyPass']",False,KeyPass,,,0.0343,
2947796453.0,SecondHalf,2h,60,21,341,371281.0,Michael Olise,BallRecovery,Successful,62.1,76.8,,,False,False,False,False,,,False,False,341,False,False,False,False,,,[],False,,,,,
2947796463.0,SecondHalf,2h,60,25,341,371281.0,Michael Olise,MissedShots,Successful,81.8,58.7,,,True,False,False,False,Off Target,MissedShots,False,False,341,False,False,False,False,LeftFoot,,"['OutOfBoxCentre', 'RegularPlay', 'Assisted', 'RelatedEventId', 'Zone', 'LeftFoot', 'GoalMouthY', 'GoalMouthZ', 'IndividualPlay']",False,,0.0497,xg_v3_submodel_calibrated_2025,,
2947796487.0,SecondHalf,2h,60,48,345,301440.0,Ezri Konsa,Pass,Successful,5.0,37.0,3.9,50.7,False,True,False,False,,,False,False,345,False,False,False,False,,,"['Zone', 'GoalKick', 'PassEndX', 'PassEndY', 'Length', 'Angle']",False,,,,0.0004,
2947796491.0,SecondHalf,2h,60,50,345,304008.0,Dean Henderson,Pass,Successful,3.9,50.7,6.3,72.0,False,True,False,False,,,False,False,345,False,False,False,False,,,"['Zone', 'PassEndX', 'PassEndY', 'Length', 'Angle']",False,,,,-0.0004,
2947796495.0,SecondHalf,2h,60,54,345,374631.0,Marc Guéhi,Pass,Successful,9.0,71.4,31.1,68.5,False,True,False,False,,,False,False,345,False,False,False,False,,,"['Zone', 'PassEndX', 'PassEndY', 'Length', 'Angle']",False,,,,0.0068,sub_out
2947796505.0,SecondHalf,2h,60,56,345,134240.0,Ivan Toney,Pass,Successful,32.4,74.7,46.1,95.6,False,True,False,False,,,False,False,345,False,False,False,False,,,"['Zone', 'PassEndX', 'PassEndY', 'Length', 'Angle']",False,,,,-0.0029,sub_out
2947796509.0,SecondHalf,2h,61,4,345,362219.0,Djed Spence,Pass,Successful,75.3,73.3,74.1,46.7,False,True,False,False,,,False,False,345,False,False,False,False,,,"['Zone', 'PassEndX', 'PassEndY', 'Length', 'Angle']",False,,,,0.1755,
2947796517.0,SecondHalf,2h,61,5,345,362824.0,Morgan Rogers,Pass,Successful,72.1,46.9,77.0,34.8,False,True,False,False,,,False,False,345,False,False,False,False,,,"['Zone', 'PassEndX', 'PassEndY', 'Length', 'Angle']",False,,,,-0.1755,
2947796525.0,SecondHalf,2h,61,8,345,367185.0,Bukayo Saka,Pass,Successful,73.4,40.3,68.0,54.5,False,True,False,False,,,False,False,345,False,False,False,False,,,"['Zone', 'PassEndX', 'PassEndY', 'Length', 'Angle']",False,,,,0.0,
2947796529.0,SecondHalf,2h,61,14,345,332403.0,Eberechi Eze,Pass,Successful,68.8,56.4,62.0,46.1,False,True,False,False,,,False,False,345,False,False,False,False,,,"['Zone', 'PassEndX', 'PassEndY', 'Length', 'Angle']",False,,,,-0.14,sub_out
2947796533.0,SecondHalf,2h,61,16,345,332325.0,Declan Rice,Pass,Successful,63.7,47.8,67.1,66.1,False,True,False,False,,,False,False,345,False,False,False,False,,,"['Zone', 'PassEndX', 'PassEndY', 'Length', 'Angle']",False,,,,-0.1397,
2947796535.0,SecondHalf,2h,61,18,345,332403.0,Eberechi Eze,Pass,Successful,67.3,65.4,55.1,57.0,False,True,False,False,,,False,False,345,False,False,False,False,,,"['Zone', 'PassEndX', 'PassEndY', 'Length', 'Angle']",False,,,,-0.1152,sub_out
2947796539.0,SecondHalf,2h,61,21,345,374631.0,Marc Guéhi,Pass,Successful,58.9,58.8,63.1,75.9,False,True,False,False,,,False,False,345,False,False,False,False,,,"['Zone', 'PassEndX', 'PassEndY', 'Length', 'Angle']",False,,,,-0.3263,sub_out
2947796543.0,SecondHalf,2h,61,23,345,332403.0,Eberechi Eze,Pass,Successful,63.1,75.9,59.5,66.7,False,True,False,False,,,False,False,345,False,False,False,False,,,"['Zone', 'PassEndX', 'PassEndY', 'Length', 'Angle']",False,,,,0.0898,sub_out
2947796553.0,SecondHalf,2h,61,26,345,374631.0,Marc Guéhi,Pass,Successful,58.1,66.4,59.1,59.0,False,True,False,False,,,False,False,345,False,False,False,False,,,"['Zone', 'PassEndX', 'PassEndY', 'Length', 'Angle']",False,,,,0.3245,sub_out
2947796559.0,SecondHalf,2h,61,29,345,332325.0,Declan Rice,Pass,Successful,59.4,59.0,60.0,72.4,False,True,False,False,,,False,False,345,False,False,False,False,,,"['Zone', 'PassEndX', 'PassEndY', 'Length', 'Angle']",False,,,,-0.2364,
2947796561.0,SecondHalf,2h,61,32,345,374631.0,Marc Guéhi,Pass,Successful,60.0,72.6,70.2,95.9,False,True,False,False,,,False,False,345,False,False,False,False,,,"['Zone', 'PassEndX', 'PassEndY', 'Length', 'Angle']",False,,,,-0.1041,sub_out
2947796573.0,SecondHalf,2h,61,35,345,362219.0,Djed Spence,Pass,Successful,70.7,95.6,64.0,84.2,False,True,False,False,,,False,False,345,False,False,False,False,,,"['Zone', 'PassEndX', 'PassEndY', 'Length', 'Angle']",False,,,,0.0143,
2947796579.0,SecondHalf,2h,61,37,345,332403.0,Eberechi Eze,Pass,Successful,65.1,84.2,57.9,72.7,False,True,False,False,,,False,False,345,False,False,False,False,,,"['Zone', 'PassEndX', 'PassEndY', 'Length', 'Angle']",False,,,,0.0017,sub_out
2947796583.0,SecondHalf,2h,61,39,345,374631.0,Marc Guéhi,Pass,Successful,57.9,72.7,56.2,65.4,False,True,False,False,,,False,False,345,False,False,False,False,,,"['Zone', 'PassEndX', 'PassEndY', 'Length', 'Angle']",False,,,,0.0,sub_out
2947796589.0,SecondHalf,2h,61,41,345,332325.0,Declan Rice,Pass,Successful,57.1,63.9,57.4,73.6,False,True,False,False,,,False,False,345,False,False,False,False,,,"['Zone', 'PassEndX', 'PassEndY', 'Length', 'Angle']",False,,,,0.0,
2947796597.0,SecondHalf,2h,61,45,345,374631.0,Marc Guéhi,Pass,Successful,62.7,73.0,67.4,91.4,False,True,False,False,,,False,False,345,False,False,False,False,,,"['Zone', 'PassEndX', 'PassEndY', 'Length', 'Angle']",False,,,,-0.1041,sub_out
2947796599.0,SecondHalf,2h,61,48,345,332403.0,Eberechi Eze,Pass,Successful,67.9,89.9,65.9,62.9,False,True,False,False,,,False,False,345,False,False,False,False,,,"['Zone', 'PassEndX', 'PassEndY', 'Length', 'Angle']",False,,,,0.1041,sub_out
2947796607.0,SecondHalf,2h,61,53,345,332325.0,Declan Rice,Pass,Successful,76.5,66.7,86.8,75.1,False,True,False,False,,,False,False,345,False,False,False,False,,,"['Zone', 'PassEndX', 'PassEndY', 'Length', 'Angle']",False,,,,-0.1076,
2947796609.0,SecondHalf,2h,61,56,345,148503.0,Ollie Watkins,TakeOn,Successful,86.4,72.5,,,False,False,False,False,,,False,False,345,False,False,False,False,,,"['Zone', 'OppositeRelatedEvent', 'Offensive']",False,,,,,sub_in
2947796611.0,SecondHalf,2h,61,56,341,327721.0,Dayot Upamecano,Challenge,Unsuccessful,13.6,27.5,,,False,False,False,False,,,False,False,341,False,False,False,False,,,"['Zone', 'OppositeRelatedEvent', 'Defensive']",False,,,,,sub_in
2947796619.0,SecondHalf,2h,61,57,345,148503.0,Ollie Watkins,Pass,Unsuccessful,86.6,68.7,83.8,65.6,False,True,False,False,,,False,False,345,False,False,False,False,,,"['Zone', 'PassEndX', 'PassEndY', 'Length', 'Angle']",False,,,,0.0,sub_in
2947796617.0,SecondHalf,2h,61,57,341,371281.0,Michael Olise,BallTouch,Successful,16.2,33.6,,,False,False,False,False,,,False,False,341,False,False,False,False,,,['Zone'],False,,,,,
2947796627.0,SecondHalf,2h,61,58,341,116609.0,Adrien Rabiot,Clearance,Successful,19.8,31.9,21.6,35.2,False,False,False,False,,,False,False,341,False,False,False,False,,,"['Zone', 'PassEndX', 'PassEndY', 'Length', 'Angle']",False,,,,,
2947796625.0,SecondHalf,2h,62,0,345,332403.0,Eberechi Eze,Pass,Successful,73.3,55.7,91.2,44.8,False,True,False,False,,,False,False,345,False,False,False,False,,,"['Throughball', 'Zone', 'PassEndX', 'PassEndY', 'Chipped', 'Length', 'Angle']",False,Chipped,,,0.16,sub_out
2947796629.0,SecondHalf,2h,62,2,345,134240.0,Ivan Toney,Dispossessed,Successful,91.0,52.0,,,False,False,False,False,,,False,False,345,False,False,False,False,,,"['Zone', 'OppositeRelatedEvent', 'Offensive']",False,,,,,sub_out
2947796631.0,SecondHalf,2h,62,2,341,401130.0,Maxence Lacroix,Tackle,Successful,9.0,48.0,,,False,False,False,False,,,False,False,341,False,False,False,False,,,"['LastMan', 'Zone', 'OppositeRelatedEvent', 'Defensive']",False,,,,,
2947836813.0,SecondHalf,2h,62,2,345,134240.0,Ivan Toney,BallTouch,Successful,90.6,51.6,,,False,False,False,False,,,False,False,345,False,False,False,False,,,['Zone'],False,,,,,sub_out
2947796639.0,SecondHalf,2h,62,3,341,327721.0,Dayot Upamecano,Clearance,Successful,12.0,46.2,15.2,53.4,False,False,False,False,,,False,False,341,False,False,False,False,,,"['Zone', 'PassEndX', 'PassEndY', 'Length', 'Angle']",False,,,,,sub_in
2947796643.0,SecondHalf,2h,62,4,341,444679.0,Warren Zaïre-Emery,Clearance,Successful,15.1,53.4,23.6,48.9,False,False,False,False,,,False,False,341,True,False,False,False,Head,,"['Head', 'Zone', 'PassEndX', 'PassEndY', 'Length', 'Angle']",False,,,,,
2947796645.0,SecondHalf,2h,62,6,341,116609.0,Adrien Rabiot,Foul,Successful,25.5,49.0,,,False,False,False,False,,,False,False,341,False,False,False,False,,,"['Foul', 'Zone', 'OppositeRelatedEvent', 'Defensive']",False,,,,,
2947796641.0,SecondHalf,2h,62,6,345,332325.0,Declan Rice,Foul,Unsuccessful,74.5,51.0,,,False,False,False,False,,,False,False,345,False,False,False,False,,,"['Foul', 'Zone', 'OppositeRelatedEvent', 'Offensive']",False,,,,,
2947796675.0,SecondHalf,2h,62,21,341,327721.0,Dayot Upamecano,Pass,Successful,27.0,46.5,32.2,52.6,False,True,False,False,,,False,False,341,False,False,False,False,,,"['FreekickTaken', 'Zone', 'PassEndX', 'PassEndY', 'Length', 'Angle']",False,,,,0.0,sub_in
2947796681.0,SecondHalf,2h,62,26,341,371281.0,Michael Olise,Pass,Successful,37.1,49.4,37.7,23.0,False,True,False,False,,,False,False,341,False,False,False,False,,,"['Zone', 'PassEndX', 'PassEndY', 'Length', 'Angle']",False,,,,-0.0185,
2947796685.0,SecondHalf,2h,62,29,341,403850.0,Malo Gusto,Pass,Successful,44.0,17.2,63.3,6.7,False,True,False,False,,,False,False,341,False,False,False,False,,,"['Zone', 'PassEndX', 'PassEndY', 'Length', 'Angle']",False,,,,0.0139,sub_out
2947796693.0,SecondHalf,2h,62,32,341,299513.0,Ousmane Dembélé,Pass,Successful,63.7,6.8,64.6,11.9,False,True,False,False,,,False,False,341,False,False,False,False,,,"['Zone', 'PassEndX', 'PassEndY', 'Length', 'Angle']",False,,,,0.0,sub_in
2947796695.0,SecondHalf,2h,62,37,341,300713.0,Kylian Mbappé,TakeOn,Unsuccessful,73.9,26.3,,,False,False,False,False,,,False,False,341,False,False,False,False,,,"['Zone', 'OppositeRelatedEvent', 'Offensive']",False,,,,,
2947796705.0,SecondHalf,2h,62,37,345,362219.0,Djed Spence,Tackle,Successful,26.1,73.7,,,False,False,False,False,,,False,False,345,False,False,False,False,,,"['Zone', 'StandingSave', 'OppositeRelatedEvent', 'Defensive']",False,,,,,
2947796709.0,SecondHalf,2h,62,38,345,362219.0,Djed Spence,BallRecovery,Successful,25.9,70.5,,,False,False,False,False,,,False,False,345,False,False,False,False,,,[],False,,,,,
2947796701.0,SecondHalf,2h,62,40,341,299513.0,Ousmane Dembélé,Challenge,Unsuccessful,72.1,22.0,,,False,False,False,False,,,False,False,341,False,False,False,False,,,"['Zone', 'OppositeRelatedEvent', 'Offensive']",False,,,,,sub_in
2947835929.0,SecondHalf,2h,62,40,345,362219.0,Djed Spence,TakeOn,Successful,27.9,78.0,,,False,False,False,False,,,False,False,345,False,False,False,False,,,"['Zone', 'OppositeRelatedEvent', 'Defensive']",False,,,,,
2947796711.0,SecondHalf,2h,62,41,341,371281.0,Michael Olise,Challenge,Unsuccessful,70.4,25.9,,,False,False,False,False,,,False,False,341,False,False,False,False,,,"['Zone', 'OppositeRelatedEvent', 'Offensive']",False,,,,,
2947796715.0,SecondHalf,2h,62,41,345,362219.0,Djed Spence,TakeOn,Successful,29.6,74.1,,,False,False,False,False,,,False,False,345,False,False,False,False,,,"['Zone', 'OppositeRelatedEvent', 'Defensive']",False,,,,,
2947796723.0,SecondHalf,2h,62,43,345,362219.0,Djed Spence,Pass,Successful,40.7,65.2,66.4,95.9,False,True,False,False,,,False,False,345,False,False,False,False,,,"['Longball', 'Zone', 'PassEndX', 'PassEndY', 'Length', 'Angle']",False,,,,0.0123,
2947796721.0,SecondHalf,2h,62,50,341,403850.0,Malo Gusto,Challenge,Unsuccessful,19.2,24.0,,,False,False,False,False,,,False,False,341,False,False,False,False,,,"['Zone', 'OppositeRelatedEvent', 'Defensive']",False,,,,,sub_out
2947796733.0,SecondHalf,2h,62,50,345,148503.0,Ollie Watkins,TakeOn,Successful,80.8,76.0,,,False,False,False,False,,,False,False,345,False,False,False,False,,,"['Zone', 'OppositeRelatedEvent', 'Offensive']",False,,,,,sub_in
2947796739.0,SecondHalf,2h,62,52,345,148503.0,Ollie Watkins,Pass,Successful,87.8,75.3,92.6,53.0,False,True,False,False,,,False,False,345,False,False,False,False,,,"['Zone', 'PassEndX', 'PassEndY', 'Length', 'Angle']",False,,,,0.5031,sub_in
2947796741.0,SecondHalf,2h,62,53,345,134240.0,Ivan Toney,BallTouch,Successful,92.5,53.9,,,False,False,False,False,,,False,False,345,False,False,False,False,,,['Zone'],False,,,,,sub_out
2947796753.0,SecondHalf,2h,62,56,345,148503.0,Ollie Watkins,Pass,Successful,95.9,74.0,81.3,67.5,False,True,True,False,,,False,False,345,False,False,False,False,,,"['Zone', 'PassEndX', 'PassEndY', 'ShotAssist', 'Length', 'Angle', 'KeyPass']",False,KeyPass,,,-0.198,sub_in
2947796755.0,SecondHalf,2h,63,2,345,332403.0,Eberechi Eze,SavedShot,Successful,87.3,66.9,,,True,False,False,False,Blocked,BlockedShot,False,False,345,False,False,False,False,LeftFoot,,"['RegularPlay', 'Assisted', 'RelatedEventId', 'Zone', 'BoxLeft', 'LeftFoot', 'LowLeft', 'Blocked', 'GoalMouthY', 'GoalMouthZ', 'BlockedX', 'BlockedY', 'IndividualPlay', 'OppositeRelatedEvent']",False,,0.0729,xg_v3_submodel_calibrated_2025,,sub_out
2947796751.0,SecondHalf,2h,63,2,341,403850.0,Malo Gusto,Save,Successful,10.7,35.9,,,False,False,False,False,,,False,False,341,False,False,False,False,,,"['Zone', 'OutfielderBlock', 'OppositeRelatedEvent']",False,,,,,sub_out
2947796759.0,SecondHalf,2h,63,3,341,89925.0,Lucas Digne,Clearance,Successful,8.8,54.8,29.9,39.1,False,False,False,False,,,False,False,341,True,False,False,False,Head,,"['Head', 'Zone', 'PassEndX', 'PassEndY', 'Length', 'Angle']",False,,,,,sub_in
2947796767.0,SecondHalf,2h,63,6,345,332325.0,Declan Rice,Pass,Successful,73.4,62.1,81.8,83.9,False,True,False,False,,,False,False,345,False,False,False,False,,,"['Zone', 'PassEndX', 'PassEndY', 'Length', 'Angle']",False,,,,-0.3564,
2947796769.0,SecondHalf,2h,63,12,345,148503.0,Ollie Watkins,Pass,Unsuccessful,81.1,82.6,92.8,39.4,False,True,False,True,,,False,False,345,False,False,False,False,RightFoot,,"['Cross', 'RightFoot', 'Zone', 'PassEndX', 'PassEndY', 'Chipped', 'Length', 'Angle']",False,Cross,,,0.5764,sub_in
2947796773.0,SecondHalf,2h,63,15,341,89925.0,Lucas Digne,Clearance,Successful,8.4,61.1,15.8,56.0,False,False,False,False,,,False,False,341,True,False,False,False,Head,,"['Head', 'Zone', 'PassEndX', 'PassEndY', 'Length', 'Angle']",False,,,,,sub_in
2947796777.0,SecondHalf,2h,63,16,341,444679.0,Warren Zaïre-Emery,BallRecovery,Successful,16.4,57.0,,,False,False,False,False,,,False,False,341,False,False,False,False,,,[],False,,,,,
2947796783.0,SecondHalf,2h,63,18,341,444679.0,Warren Zaïre-Emery,Pass,Successful,21.7,55.0,29.1,57.8,False,True,False,False,,,False,False,341,False,False,False,False,,,"['Zone', 'PassEndX', 'PassEndY', 'Length', 'Angle']",False,,,,0.0073,
2947796785.0,SecondHalf,2h,63,19,341,371281.0,Michael Olise,Pass,Successful,29.3,57.9,26.4,68.3,False,True,False,False,,,False,False,341,False,False,False,False,,,"['Zone', 'PassEndX', 'PassEndY', 'LayOff', 'Length', 'Angle']",False,,,,-0.0053,
2947796787.0,SecondHalf,2h,63,23,341,425366.0,Bradley Barcola,Pass,Successful,32.3,69.2,25.7,77.1,False,True,False,False,,,False,False,341,False,False,False,False,,,"['Zone', 'PassEndX', 'PassEndY', 'Length', 'Angle']",False,,,,-0.0043,sub_in
2947796793.0,SecondHalf,2h,63,25,341,89925.0,Lucas Digne,Pass,Successful,25.8,77.1,30.0,66.6,False,True,False,False,,,False,False,341,False,False,False,False,,,"['Zone', 'PassEndX', 'PassEndY', 'Length', 'Angle']",False,,,,0.0043,sub_in
2947796795.0,SecondHalf,2h,63,31,341,371281.0,Michael Olise,Pass,Successful,36.7,50.2,43.5,65.1,False,True,False,False,,,False,False,341,False,False,False,False,,,"['Zone', 'PassEndX', 'PassEndY', 'Length', 'Angle']",False,,,,0.0022,
2947796803.0,SecondHalf,2h,63,34,341,444679.0,Warren Zaïre-Emery,Pass,Successful,54.1,69.1,66.8,89.2,False,True,False,False,,,False,False,341,False,False,False,False,,,"['Zone', 'PassEndX', 'PassEndY', 'Length', 'Angle']",False,,,,-0.016,
2947796805.0,SecondHalf,2h,63,39,341,425366.0,Bradley Barcola,Pass,Successful,87.8,78.9,84.5,64.2,False,True,False,False,,,False,False,341,False,False,False,False,,,"['Zone', 'PassEndX', 'PassEndY', 'Length', 'Angle']",False,,,,0.2087,sub_in
2947796813.0,SecondHalf,2h,63,42,341,300713.0,Kylian Mbappé,Pass,Successful,84.9,58.9,89.3,34.4,False,True,True,False,,,False,False,341,False,False,False,False,,,"['Zone', 'PassEndX', 'PassEndY', 'IntentionalAssist', 'ShotAssist', 'Length', 'Angle', 'KeyPass']",False,KeyPass,,,-0.2344,
2947796817.0,SecondHalf,2h,63,44,341,299513.0,Ousmane Dembélé,SavedShot,Successful,88.6,41.3,,,True,False,False,False,On Target,SavedShot,False,False,341,False,False,False,False,LeftFoot,,"['BoxCentre', 'RegularPlay', 'Assisted', 'RelatedEventId', 'Zone', 'LeftFoot', 'LowCentre', 'GoalMouthY', 'GoalMouthZ', 'BlockedX', 'BlockedY', 'IntentionalAssist', 'OppositeRelatedEvent']",False,,0.0989,xg_v3_submodel_calibrated_2025,,sub_in
2947796809.0,SecondHalf,2h,63,44,345,304008.0,Dean Henderson,Save,Successful,3.4,52.4,,,False,False,False,False,,,False,False,345,False,False,False,False,,,"['Zone', 'Collected', 'Hands', 'OppositeRelatedEvent', 'KeeperSaveInTheBox']",False,,,,,
2947796815.0,SecondHalf,2h,63,46,345,304008.0,Dean Henderson,KeeperPickup,Successful,3.4,52.4,,,False,False,False,False,,,False,False,345,False,False,False,False,,,[],False,,,,,
2947796849.0,SecondHalf,2h,64,2,345,304008.0,Dean Henderson,Pass,Successful,13.8,48.1,7.2,64.0,False,True,False,False,,,False,False,345,False,False,False,False,,,"['Zone', 'KeeperThrow', 'PassEndX', 'PassEndY', 'Length', 'Angle']",False,,,,-0.0037,
2947796857.0,SecondHalf,2h,64,5,345,374631.0,Marc Guéhi,Pass,Successful,5.0,67.0,2.3,55.2,False,True,False,False,,,False,False,345,False,False,False,False,,,"['Zone', 'PassEndX', 'PassEndY', 'Length', 'Angle']",False,,,,0.0004,sub_out
2947796869.0,SecondHalf,2h,64,7,345,304008.0,Dean Henderson,Pass,Unsuccessful,2.9,55.2,22.3,100.0,False,True,False,False,,,False,False,345,False,False,False,False,,,"['Longball', 'Zone', 'PassEndX', 'PassEndY', 'Chipped', 'Length', 'Angle']",False,Chipped,,,-0.0004,
2947796919.0,SecondHalf,2h,64,18,341,403850.0,Malo Gusto,Pass,Successful,73.9,0.0,64.6,7.1,False,True,False,False,,,False,False,341,False,False,False,False,,,"['Zone', 'ThrowIn', 'PassEndX', 'PassEndY', 'Length', 'Angle']",False,,,,-0.0218,sub_out
2947796925.0,SecondHalf,2h,64,22,341,116609.0,Adrien Rabiot,Pass,Successful,59.3,21.5,60.3,33.4,False,True,False,False,,,False,False,341,False,False,False,False,,,"['Zone', 'PassEndX', 'PassEndY', 'Length', 'Angle']",False,,,,0.0898,
2947796933.0,SecondHalf,2h,64,29,341,444679.0,Warren Zaïre-Emery,Pass,Successful,66.3,60.4,69.3,87.1,False,True,False,False,,,False,False,341,False,False,False,False,,,"['Zone', 'PassEndX', 'PassEndY', 'Length', 'Angle']",False,,,,-0.2797,
2947796939.0,SecondHalf,2h,64,31,341,89925.0,Lucas Digne,Pass,Successful,72.2,87.8,70.4,74.6,False,True,False,False,,,False,False,341,False,False,False,False,,,"['Zone', 'PassEndX', 'PassEndY', 'Length', 'Angle']",False,,,,0.2008,sub_in
2947796941.0,SecondHalf,2h,64,33,341,444679.0,Warren Zaïre-Emery,Pass,Successful,70.4,74.6,81.2,93.6,False,True,False,False,,,False,False,341,False,False,False,False,,,"['Zone', 'PassEndX', 'PassEndY', 'Length', 'Angle']",False,,,,-0.1699,
2947796949.0,SecondHalf,2h,64,37,341,425366.0,Bradley Barcola,Pass,Successful,80.9,90.6,76.8,84.3,False,True,False,False,,,False,False,341,False,False,False,False,,,"['Zone', 'PassEndX', 'PassEndY', 'Length', 'Angle']",False,,,,0.0932,sub_in
2947796959.0,SecondHalf,2h,64,40,341,444679.0,Warren Zaïre-Emery,Pass,Successful,71.2,78.1,67.7,54.3,False,True,True,False,,,False,False,341,False,False,False,False,,,"['Zone', 'PassEndX', 'PassEndY', 'ShotAssist', 'Length', 'Angle', 'KeyPass']",False,KeyPass,,,0.4197,
2947796963.0,SecondHalf,2h,64,44,341,327721.0,Dayot Upamecano,SavedShot,Successful,72.5,48.3,,,True,False,False,False,On Target,SavedShot,False,False,341,False,False,False,False,RightFoot,,"['OutOfBoxCentre', 'RightFoot', 'RegularPlay', 'Assisted', 'RelatedEventId', 'Zone', 'LowLeft', 'GoalMouthY', 'GoalMouthZ', 'BlockedX', 'BlockedY', 'IndividualPlay', 'OppositeRelatedEvent']",False,,0.0414,xg_v3_submodel_calibrated_2025,,sub_in
2947796961.0,SecondHalf,2h,64,44,345,304008.0,Dean Henderson,Save,Successful,2.7,46.6,,,False,False,False,False,,,False,False,345,False,False,False,False,,,"['Zone', 'ParriedSafe', 'DivingSave', 'Hands', 'OppositeRelatedEvent', 'KeeperSaveObox']",False,,,,,
2947796971.0,SecondHalf,2h,64,49,341,425366.0,Bradley Barcola,Pass,Successful,93.9,94.4,82.5,94.4,False,True,False,False,,,False,False,341,False,False,False,False,,,"['Zone', 'PassEndX', 'PassEndY', 'Length', 'Angle']",False,,,,-0.084,sub_in
2947796975.0,SecondHalf,2h,64,53,341,89925.0,Lucas Digne,Pass,Successful,86.0,89.0,77.6,74.6,False,True,False,False,,,False,False,341,False,False,False,False,,,"['Zone', 'PassEndX', 'PassEndY', 'Length', 'Angle']",False,,,,0.2357,sub_in
2947796979.0,SecondHalf,2h,64,58,341,444679.0,Warren Zaïre-Emery,Pass,Successful,77.5,69.5,75.6,60.8,False,True,False,False,,,False,False,341,False,False,False,False,,,"['Zone', 'PassEndX', 'PassEndY', 'Length', 'Angle']",False,,,,0.2555,
2947796987.0,SecondHalf,2h,64,59,341,401130.0,Maxence Lacroix,Pass,Successful,75.7,60.5,73.6,36.1,False,True,False,False,,,False,False,341,False,False,False,False,,,"['Zone', 'PassEndX', 'PassEndY', 'Length', 'Angle']",False,,,,-0.3597,
2947796993.0,SecondHalf,2h,65,1,341,371281.0,Michael Olise,Pass,Successful,73.7,36.0,82.0,18.9,False,True,False,False,,,False,False,341,False,False,False,False,,,"['Zone', 'PassEndX', 'PassEndY', 'Length', 'Angle']",False,,,,-0.0767,
2947796995.0,SecondHalf,2h,65,4,341,403850.0,Malo Gusto,Pass,Successful,82.6,19.0,83.8,27.4,False,True,False,False,,,False,False,341,False,False,False,False,,,"['Zone', 'PassEndX', 'PassEndY', 'Length', 'Angle']",False,,,,0.282,sub_out
2947796999.0,SecondHalf,2h,65,5,341,299513.0,Ousmane Dembélé,Pass,Successful,83.8,27.4,80.9,16.6,False,True,False,False,,,False,False,341,False,False,False,False,,,"['Zone', 'PassEndX', 'PassEndY', 'Length', 'Angle']",False,,,,-0.282,sub_in
2947797009.0,SecondHalf,2h,65,7,341,403850.0,Malo Gusto,Pass,Successful,81.2,16.8,76.9,25.6,False,True,False,False,,,False,False,341,False,False,False,False,,,"['Zone', 'PassEndX', 'PassEndY', 'Length', 'Angle']",False,,,,0.1809,sub_out
2947797017.0,SecondHalf,2h,65,10,341,371281.0,Michael Olise,Pass,Successful,76.9,25.6,79.4,17.7,False,True,False,False,,,False,False,341,False,False,False,False,,,"['Zone', 'PassEndX', 'PassEndY', 'Length', 'Angle']",False,,,,-0.1809,
2947797027.0,SecondHalf,2h,65,11,341,299513.0,Ousmane Dembélé,Pass,Successful,79.5,20.7,97.7,26.8,False,True,False,False,,,False,False,341,False,False,False,False,,,"['Zone', 'PassEndX', 'PassEndY', 'Length', 'Angle']",False,,,,0.3789,sub_in
2947797029.0,SecondHalf,2h,65,16,341,403850.0,Malo Gusto,Pass,Unsuccessful,97.6,34.2,97.4,41.9,False,True,False,False,,,False,False,341,False,False,False,False,,,"['Zone', 'PassEndX', 'PassEndY', 'Length', 'Angle']",False,,,,0.1975,sub_out
2947797031.0,SecondHalf,2h,65,17,345,374631.0,Marc Guéhi,BallTouch,Successful,3.1,58.1,,,False,False,False,False,,,False,False,345,False,False,False,False,,,['Zone'],False,,,,,sub_out
2947797039.0,SecondHalf,2h,65,18,341,300713.0,Kylian Mbappé,Pass,Unsuccessful,88.7,36.3,78.9,45.6,False,True,False,False,,,False,False,341,False,False,False,False,,,"['Zone', 'PassEndX', 'PassEndY', 'Length', 'Angle']",False,,,,0.1544,
2947797041.0,SecondHalf,2h,65,20,345,362824.0,Morgan Rogers,BallRecovery,Successful,23.3,51.3,,,False,False,False,False,,,False,False,345,False,False,False,False,,,[],False,,,,,
2947797049.0,SecondHalf,2h,65,22,345,362824.0,Morgan Rogers,Pass,Successful,19.6,47.6,13.4,43.4,False,True,False,False,,,False,False,345,False,False,False,False,,,"['Zone', 'PassEndX', 'PassEndY', 'Length', 'Angle']",False,,,,-0.0039,
2947797055.0,SecondHalf,2h,65,24,345,430019.0,Jarell Quansah,Pass,Successful,13.6,43.7,66.1,62.9,False,True,False,False,,,False,False,345,False,False,False,False,,,"['Longball', 'Zone', 'PassEndX', 'PassEndY', 'Chipped', 'Length', 'Angle']",False,Chipped,,,0.1509,sub_out
2947797057.0,SecondHalf,2h,65,30,345,148503.0,Ollie Watkins,BallTouch,Unsuccessful,66.2,62.7,,,False,False,False,False,,,False,False,345,False,False,False,False,,,['Zone'],False,,,,,sub_in
2947797063.0,SecondHalf,2h,65,33,341,401130.0,Maxence Lacroix,BallRecovery,Successful,20.1,29.9,,,False,False,False,False,,,False,False,341,False,False,False,False,,,[],False,,,,,
2947797075.0,SecondHalf,2h,65,37,341,401130.0,Maxence Lacroix,Pass,Successful,31.7,28.7,31.6,31.9,False,True,False,False,,,False,False,341,False,False,False,False,,,"['Zone', 'PassEndX', 'PassEndY', 'Length', 'Angle']",False,,,,0.0,
2947797077.0,SecondHalf,2h,65,40,341,327721.0,Dayot Upamecano,Pass,Successful,34.8,28.3,53.0,9.7,False,True,False,False,,,False,False,341,False,False,False,False,,,"['Zone', 'PassEndX', 'PassEndY', 'Length', 'Angle']",False,,,,-0.0018,sub_in
2947797079.0,SecondHalf,2h,65,47,341,299513.0,Ousmane Dembélé,Pass,Successful,73.5,17.6,79.9,35.8,False,True,False,False,,,False,False,341,False,False,False,False,,,"['Zone', 'PassEndX', 'PassEndY', 'Length', 'Angle']",False,,,,0.2442,sub_in
2947797087.0,SecondHalf,2h,65,48,341,300713.0,Kylian Mbappé,Pass,Successful,81.5,35.2,85.3,31.7,False,True,False,False,,,False,False,341,False,False,False,False,,,"['Zone', 'PassEndX', 'PassEndY', 'Length', 'Angle']",False,,,,0.1011,
2947797095.0,SecondHalf,2h,65,49,341,371281.0,Michael Olise,Pass,Successful,85.3,30.5,82.8,48.1,False,True,True,False,,,False,False,341,False,False,False,False,,,"['RegularPlay', 'Zone', 'PassEndX', 'PassEndY', 'IntentionalAssist', 'ShotAssist', 'Length', 'Angle', 'BigChanceCreated', 'IntentionalGoalAssist', 'KeyPass']",False,KeyPass,,,0.1544,
2947797097.0,SecondHalf,2h,65,50,341,300713.0,Kylian Mbappé,Goal,Successful,85.5,48.3,,,True,False,False,False,On Target,Goal,True,False,341,False,False,False,True,LeftFoot,,"['BoxCentre', 'RegularPlay', 'Assisted', 'RelatedEventId', 'Zone', 'LeftFoot', 'LowRight', 'GoalMouthY', 'GoalMouthZ', 'IntentionalAssist', 'BigChance']",False,,0.159,xg_v3_submodel_calibrated_2025,,
2947797185.0,SecondHalf,2h,66,42,345,332325.0,Declan Rice,Pass,Successful,49.8,50.0,23.5,50.3,False,True,False,False,,,False,False,345,False,False,False,False,,,"['Zone', 'PassEndX', 'PassEndY', 'Length', 'Angle']",False,,,,-0.045,
2947797195.0,SecondHalf,2h,66,48,345,304008.0,Dean Henderson,Pass,Unsuccessful,23.0,47.3,64.8,7.7,False,True,False,False,,,False,False,345,False,False,False,False,,,"['Longball', 'Zone', 'PassEndX', 'PassEndY', 'Length', 'Angle']",False,,,,0.021,
2947797599.0,SecondHalf,2h,66,50,341,89925.0,Lucas Digne,Aerial,Successful,35.2,92.3,,,False,False,False,False,,,False,False,341,False,False,False,False,,,"['Zone', 'OppositeRelatedEvent', 'Defensive']",False,,,,,sub_in
2947797579.0,SecondHalf,2h,66,50,345,134240.0,Ivan Toney,Aerial,Unsuccessful,64.8,7.7,,,False,False,False,False,,,False,False,345,False,False,False,False,,,"['Zone', 'OppositeRelatedEvent', 'Offensive']",False,,,,,sub_out
2947797199.0,SecondHalf,2h,66,51,341,89925.0,Lucas Digne,Pass,Successful,35.2,92.3,42.3,78.5,False,True,False,False,,,False,False,341,False,False,False,False,,,"['HeadPass', 'Zone', 'PassEndX', 'PassEndY', 'Length', 'Angle']",False,,,,0.0117,sub_in
2947797201.0,SecondHalf,2h,66,52,341,425366.0,Bradley Barcola,BallRecovery,Successful,42.3,78.4,,,False,False,False,False,,,False,False,341,False,False,False,False,,,[],False,,,,,sub_in
2947797209.0,SecondHalf,2h,66,55,341,425366.0,Bradley Barcola,Pass,Successful,35.7,66.6,32.3,36.4,False,True,False,False,,,False,False,341,False,False,False,False,,,"['Zone', 'PassEndX', 'PassEndY', 'Length', 'Angle']",False,,,,-0.0067,sub_in
2947797217.0,SecondHalf,2h,66,58,341,403850.0,Malo Gusto,Pass,Successful,34.5,34.3,43.7,13.4,False,True,False,False,,,False,False,341,False,False,False,False,,,"['Zone', 'PassEndX', 'PassEndY', 'Length', 'Angle']",False,,,,-0.0016,sub_out
2947797233.0,SecondHalf,2h,67,1,341,299513.0,Ousmane Dembélé,Pass,Successful,47.0,12.9,82.8,50.9,False,True,True,False,,,False,False,341,False,False,False,False,,,"['Longball', 'Throughball', 'Zone', 'PassEndX', 'PassEndY', 'IntentionalAssist', 'Chipped', 'ShotAssist', 'Length', 'Angle', 'KeyPass']",False,Chipped,,,0.5963,sub_in
2947797235.0,SecondHalf,2h,67,5,341,300713.0,Kylian Mbappé,MissedShots,Successful,88.1,54.2,,,True,False,False,False,Off Target,MissedShots,False,False,341,False,False,False,False,RightFoot,,"['BoxCentre', 'RightFoot', 'RegularPlay', 'Assisted', 'RelatedEventId', 'Zone', 'MissLeft', 'GoalMouthY', 'GoalMouthZ', 'Volley', 'IntentionalAssist']",False,,0.0956,xg_v3_submodel_calibrated_2025,,
2947797941.0,SecondHalf,2h,71,15,345,301440.0,Ezri Konsa,Pass,Successful,5.2,37.4,3.3,49.1,False,True,False,False,,,False,False,345,False,False,False,False,,,"['Zone', 'GoalKick', 'PassEndX', 'PassEndY', 'Length', 'Angle']",False,,,,0.0004,
2947797959.0,SecondHalf,2h,71,18,345,304008.0,Dean Henderson,Pass,Successful,4.3,49.1,35.2,68.7,False,True,False,False,,,False,False,345,False,False,False,False,,,"['Longball', 'Zone', 'PassEndX', 'PassEndY', 'Chipped', 'Length', 'Angle']",False,Chipped,,,0.0159,
2947797963.0,SecondHalf,2h,71,21,345,134240.0,Ivan Toney,Pass,Successful,34.4,63.9,46.1,64.8,False,True,False,False,,,False,False,345,False,False,False,False,,,"['HeadPass', 'Zone', 'PassEndX', 'PassEndY', 'Length', 'Angle']",False,,,,0.0129,sub_out
2947839113.0,SecondHalf,2h,71,22,345,148503.0,Ollie Watkins,Aerial,Successful,46.1,64.8,,,False,False,False,False,,,False,False,345,False,False,False,False,,,"['Zone', 'OppositeRelatedEvent', 'Defensive']",False,,,,,sub_in
2947839111.0,SecondHalf,2h,71,22,341,403850.0,Malo Gusto,Aerial,Unsuccessful,53.9,35.2,,,False,False,False,False,,,False,False,341,False,False,False,False,,,"['Zone', 'OppositeRelatedEvent', 'Offensive']",False,,,,,sub_out
2947797971.0,SecondHalf,2h,71,22,345,148503.0,Ollie Watkins,Pass,Successful,46.1,64.8,33.6,39.7,False,True,False,False,,,False,False,345,False,False,False,False,,,"['HeadPass', 'Zone', 'PassEndX', 'PassEndY', 'LayOff', 'Length', 'Angle']",False,,,,-0.0022,sub_in
2947797985.0,SecondHalf,2h,71,27,345,430019.0,Jarell Quansah,Pass,Successful,33.3,38.2,34.1,45.1,False,True,False,False,,,False,False,345,False,False,False,False,,,"['Zone', 'PassEndX', 'PassEndY', 'Length', 'Angle']",False,,,,0.0122,sub_out
2947797993.0,SecondHalf,2h,71,27,345,362824.0,Morgan Rogers,Pass,Successful,34.1,45.1,36.7,38.0,False,True,False,False,,,False,False,345,False,False,False,False,,,"['Zone', 'PassEndX', 'PassEndY', 'Length', 'Angle']",False,,,,0.0,
2947839291.0,SecondHalf,2h,71,28,345,430019.0,Jarell Quansah,TakeOn,Unsuccessful,37.0,40.3,,,False,False,False,False,,,False,False,345,False,False,False,False,,,"['Zone', 'Offensive']",False,,,,,sub_out
2947797997.0,SecondHalf,2h,71,29,345,430019.0,Jarell Quansah,Foul,Successful,37.7,37.8,,,False,False,False,False,,,False,False,345,False,False,False,False,,,"['Foul', 'Zone', 'OppositeRelatedEvent', 'Offensive']",False,,,,,sub_out
2947797995.0,SecondHalf,2h,71,29,341,116609.0,Adrien Rabiot,Foul,Unsuccessful,62.3,62.2,,,False,False,False,False,,,False,False,341,False,False,False,False,,,"['Foul', 'Zone', 'OppositeRelatedEvent', 'Defensive']",False,,,,,
2947798027.0,SecondHalf,2h,71,43,345,332325.0,Declan Rice,Pass,Successful,45.5,39.8,40.7,64.6,False,True,False,False,,,False,False,345,False,False,False,False,,,"['FreekickTaken', 'Zone', 'PassEndX', 'PassEndY', 'Length', 'Angle']",False,,,,-0.0364,
2947798037.0,SecondHalf,2h,71,48,345,374631.0,Marc Guéhi,Pass,Successful,42.1,67.5,43.2,54.2,False,True,False,False,,,False,False,345,False,False,False,False,,,"['Zone', 'PassEndX', 'PassEndY', 'Length', 'Angle']",False,,,,0.0234,sub_out
2947798043.0,SecondHalf,2h,71,50,345,332325.0,Declan Rice,Pass,Successful,42.1,60.2,40.5,72.7,False,True,False,False,,,False,False,345,False,False,False,False,,,"['Zone', 'PassEndX', 'PassEndY', 'Length', 'Angle']",False,,,,-0.0364,
2947798053.0,SecondHalf,2h,71,52,341,371281.0,Michael Olise,Challenge,Unsuccessful,61.2,28.8,,,False,False,False,False,,,False,False,341,False,False,False,False,,,"['Zone', 'OppositeRelatedEvent', 'Defensive']",False,,,,,
2947798057.0,SecondHalf,2h,71,52,345,374631.0,Marc Guéhi,TakeOn,Successful,38.8,71.2,,,False,False,False,False,,,False,False,345,False,False,False,False,,,"['Zone', 'OppositeRelatedEvent', 'Offensive']",False,,,,,sub_out
2947798071.0,SecondHalf,2h,71,57,345,374631.0,Marc Guéhi,Foul,Successful,44.0,50.7,,,False,False,False,False,,,False,False,345,False,False,False,False,,,"['Foul', 'Zone', 'OppositeRelatedEvent', 'Offensive']",False,,,,,sub_out
2947798067.0,SecondHalf,2h,71,57,341,371281.0,Michael Olise,Foul,Unsuccessful,56.0,49.3,,,False,False,False,False,,,False,False,341,False,False,False,False,,,"['Foul', 'Zone', 'OppositeRelatedEvent', 'Defensive']",False,,,,,
2947798105.0,SecondHalf,2h,72,10,345,301440.0,Ezri Konsa,Pass,Successful,48.0,45.4,46.9,66.0,False,True,False,False,,,False,False,345,False,False,False,False,,,"['FreekickTaken', 'Zone', 'PassEndX', 'PassEndY', 'Length', 'Angle']",False,,,,-0.0234,
2947798125.0,SecondHalf,2h,72,12,345,332403.0,Eberechi Eze,Pass,Successful,46.9,66.3,58.9,98.0,False,True,False,False,,,False,False,345,False,False,False,False,,,"['Zone', 'PassEndX', 'PassEndY', 'Length', 'Angle']",False,,,,-0.0006,sub_out
2947798135.0,SecondHalf,2h,72,16,345,362219.0,Djed Spence,Pass,Successful,59.9,97.8,70.3,91.8,False,True,False,False,,,False,False,345,False,False,False,False,,,"['Zone', 'PassEndX', 'PassEndY', 'Length', 'Angle']",False,,,,0.0218,
2947798143.0,SecondHalf,2h,72,20,345,148503.0,Ollie Watkins,Pass,Successful,67.5,91.4,52.5,91.4,False,True,False,False,,,False,False,345,False,False,False,False,,,"['Zone', 'PassEndX', 'PassEndY', 'Length', 'Angle']",False,,,,-0.036,sub_in
2947798157.0,SecondHalf,2h,72,22,345,332403.0,Eberechi Eze,Pass,Successful,52.7,90.6,52.2,67.5,False,True,False,False,,,False,False,345,False,False,False,False,,,"['Zone', 'PassEndX', 'PassEndY', 'Length', 'Angle']",False,,,,0.052,sub_out
2947798163.0,SecondHalf,2h,72,26,345,332325.0,Declan Rice,Pass,Successful,47.4,65.8,51.6,58.2,False,True,False,False,,,False,False,345,False,False,False,False,,,"['Zone', 'PassEndX', 'PassEndY', 'Length', 'Angle']",False,,,,0.1068,
2947798175.0,SecondHalf,2h,72,28,345,332403.0,Eberechi Eze,Pass,Successful,46.9,59.1,42.8,77.2,False,True,False,False,,,False,False,345,False,False,False,False,,,"['Zone', 'PassEndX', 'PassEndY', 'Length', 'Angle']",False,,,,-0.0379,sub_out
2947798191.0,SecondHalf,2h,72,31,345,374631.0,Marc Guéhi,Pass,Successful,36.7,72.4,21.1,55.5,False,True,False,False,,,False,False,345,False,False,False,False,,,"['Zone', 'PassEndX', 'PassEndY', 'Length', 'Angle']",False,,,,-0.0087,sub_out
2947798201.0,SecondHalf,2h,72,38,345,304008.0,Dean Henderson,Pass,Successful,19.8,50.6,45.6,56.9,False,True,False,False,,,False,False,345,False,False,False,False,,,"['Zone', 'PassEndX', 'PassEndY', 'Length', 'Angle']",False,,,,0.045,
2947798211.0,SecondHalf,2h,72,40,345,134240.0,Ivan Toney,Foul,Successful,46.0,54.6,,,False,False,False,False,,,False,False,345,False,False,False,False,,,"['Foul', 'Zone', 'OppositeRelatedEvent', 'Offensive']",False,,,,,sub_out
2947798225.0,SecondHalf,2h,72,40,341,327721.0,Dayot Upamecano,Foul,Unsuccessful,54.0,45.4,,,False,False,False,False,,,False,False,341,False,False,False,False,,,"['Foul', 'Zone', 'OppositeRelatedEvent', 'Defensive']",False,,,,,sub_in
2947798307.0,SecondHalf,2h,73,4,345,332325.0,Declan Rice,Pass,Successful,46.8,56.3,39.6,68.4,False,True,False,False,,,False,False,345,False,False,False,False,,,"['FreekickTaken', 'Zone', 'PassEndX', 'PassEndY', 'Length', 'Angle']",False,,,,-0.0364,
2947798315.0,SecondHalf,2h,73,6,345,374631.0,Marc Guéhi,Pass,Successful,40.6,69.6,58.5,96.2,False,True,False,False,,,False,False,345,False,False,False,False,,,"['Zone', 'PassEndX', 'PassEndY', 'Length', 'Angle']",False,,,,0.0123,sub_out
2947798327.0,SecondHalf,2h,73,10,345,362219.0,Djed Spence,Pass,Successful,58.2,95.9,37.6,73.6,False,True,False,False,,,False,False,345,False,False,False,False,,,"['Zone', 'PassEndX', 'PassEndY', 'Length', 'Angle']",False,,,,0.0018,
2947798333.0,SecondHalf,2h,73,13,345,374631.0,Marc Guéhi,Pass,Successful,37.7,66.4,36.0,40.7,False,True,False,False,,,False,False,345,False,False,False,False,,,"['Zone', 'PassEndX', 'PassEndY', 'Length', 'Angle']",False,,,,0.0108,sub_out
2947798345.0,SecondHalf,2h,73,16,345,301440.0,Ezri Konsa,Pass,Successful,34.4,34.2,38.1,17.7,False,True,False,False,,,False,False,345,False,False,False,False,,,"['Zone', 'PassEndX', 'PassEndY', 'Length', 'Angle']",False,,,,-0.0077,
2947798347.0,SecondHalf,2h,73,20,341,425366.0,Bradley Barcola,Challenge,Unsuccessful,64.9,77.8,,,False,False,False,False,,,False,False,341,False,False,False,False,,,"['Zone', 'OppositeRelatedEvent', 'Defensive']",False,,,,,sub_in
2947839823.0,SecondHalf,2h,73,20,345,430019.0,Jarell Quansah,TakeOn,Successful,35.1,22.2,,,False,False,False,False,,,False,False,345,False,False,False,False,,,"['Zone', 'OppositeRelatedEvent', 'Offensive']",False,,,,,sub_out
2947798349.0,SecondHalf,2h,73,21,345,430019.0,Jarell Quansah,Pass,Successful,39.6,29.1,34.1,36.9,False,True,False,False,,,False,False,345,False,False,False,False,,,"['Zone', 'PassEndX', 'PassEndY', 'Length', 'Angle']",False,,,,0.0,sub_out
2947798353.0,SecondHalf,2h,73,22,345,332325.0,Declan Rice,Pass,Successful,34.1,36.9,38.3,6.8,False,True,False,False,,,False,False,345,False,False,False,False,,,"['Zone', 'PassEndX', 'PassEndY', 'Length', 'Angle']",False,,,,-0.0133,
2947798373.0,SecondHalf,2h,73,26,345,362824.0,Morgan Rogers,Pass,Successful,42.2,13.2,53.6,98.0,False,True,False,False,,,False,False,345,False,False,False,False,,,"['Longball', 'Zone', 'PassEndX', 'PassEndY', 'Chipped', 'Length', 'Angle']",False,Chipped,,,-0.0003,
2947798381.0,SecondHalf,2h,73,30,345,362219.0,Djed Spence,Pass,Successful,53.6,98.0,65.5,89.0,False,True,False,False,,,False,False,345,False,False,False,False,,,"['HeadPass', 'Zone', 'PassEndX', 'PassEndY', 'Length', 'Angle']",False,,,,0.0142,
2947798383.0,SecondHalf,2h,73,34,345,148503.0,Ollie Watkins,TakeOn,Unsuccessful,70.5,79.5,,,False,False,False,False,,,False,False,345,False,False,False,False,,,"['Zone', 'OppositeRelatedEvent', 'Offensive']",False,,,,,sub_in
2947798387.0,SecondHalf,2h,73,34,341,403850.0,Malo Gusto,Tackle,Successful,29.5,20.5,,,False,False,False,False,,,False,False,341,False,False,False,False,,,"['Zone', 'StandingSave', 'OppositeRelatedEvent', 'Defensive']",False,,,,,sub_out
2947798389.0,SecondHalf,2h,73,36,341,403850.0,Malo Gusto,BallRecovery,Successful,32.3,13.9,,,False,False,False,False,,,False,False,341,False,False,False,False,,,[],False,,,,,sub_out
2947798393.0,SecondHalf,2h,73,37,341,403850.0,Malo Gusto,Pass,Successful,31.5,13.6,31.5,20.1,False,True,False,False,,,False,False,341,False,False,False,False,,,"['Zone', 'PassEndX', 'PassEndY', 'Length', 'Angle']",False,,,,0.0,sub_out
2947798401.0,SecondHalf,2h,73,39,341,444679.0,Warren Zaïre-Emery,Pass,Successful,31.3,20.6,36.4,26.2,False,True,False,False,,,False,False,341,False,False,False,False,,,"['Zone', 'PassEndX', 'PassEndY', 'Length', 'Angle']",False,,,,0.011,
2947798413.0,SecondHalf,2h,73,41,341,371281.0,Michael Olise,Pass,Successful,37.2,26.4,31.9,25.3,False,True,False,False,,,False,False,341,False,False,False,False,,,"['Zone', 'PassEndX', 'PassEndY', 'Length', 'Angle']",False,,,,-0.0067,
2947798419.0,SecondHalf,2h,73,47,341,444679.0,Warren Zaïre-Emery,Pass,Successful,34.7,34.8,31.3,54.7,False,True,False,False,,,False,False,341,False,False,False,False,,,"['Zone', 'PassEndX', 'PassEndY', 'Length', 'Angle']",False,,,,-0.0014,
2947798435.0,SecondHalf,2h,73,52,341,401130.0,Maxence Lacroix,Pass,Successful,31.7,59.1,31.7,41.5,False,True,False,False,,,False,False,341,False,False,False,False,,,"['Zone', 'PassEndX', 'PassEndY', 'Length', 'Angle']",False,,,,0.0,
2947798439.0,SecondHalf,2h,73,56,341,327721.0,Dayot Upamecano,Pass,Successful,35.8,29.9,40.4,35.7,False,True,False,False,,,False,False,341,False,False,False,False,,,"['Zone', 'PassEndX', 'PassEndY', 'Length', 'Angle']",False,,,,0.0,sub_in
2947798447.0,SecondHalf,2h,73,58,341,444679.0,Warren Zaïre-Emery,Pass,Successful,42.5,36.3,55.5,30.2,False,True,False,False,,,False,False,341,False,False,False,False,,,"['Zone', 'PassEndX', 'PassEndY', 'Length', 'Angle']",False,,,,0.0372,
2947798459.0,SecondHalf,2h,74,1,341,299513.0,Ousmane Dembélé,Pass,Successful,60.6,25.8,68.8,7.1,False,True,False,False,,,False,False,341,False,False,False,False,,,"['Zone', 'PassEndX', 'PassEndY', 'Length', 'Angle']",False,,,,-0.1041,sub_in
2947798465.0,SecondHalf,2h,74,4,341,403850.0,Malo Gusto,Pass,Unsuccessful,85.2,15.4,85.5,28.0,False,True,False,True,,,False,False,341,False,False,False,False,RightFoot,,"['Cross', 'RightFoot', 'Zone', 'PassEndX', 'PassEndY', 'Length', 'Angle']",False,Cross,,,0.2087,sub_out
2947798583.0,SecondHalf,2h,74,5,345,332325.0,Declan Rice,BallTouch,Successful,11.9,69.1,,,False,False,False,False,,,False,False,345,False,False,False,False,,,['Zone'],False,,,,,
2947798469.0,SecondHalf,2h,74,6,341,371281.0,Michael Olise,MissedShots,Successful,85.9,45.6,,,True,False,False,False,Off Target,MissedShots,False,False,341,False,False,False,False,LeftFoot,,"['BoxCentre', 'RegularPlay', 'Zone', 'LeftFoot', 'MissLeft', 'GoalMouthY', 'GoalMouthZ', 'FirstTouch']",False,,0.0892,xg_v3_submodel_calibrated_2025,,
2947798517.0,SecondHalf,2h,74,24,345,301440.0,Ezri Konsa,Pass,Successful,5.0,37.0,3.1,49.1,False,True,False,False,,,False,False,345,False,False,False,False,,,"['Zone', 'GoalKick', 'PassEndX', 'PassEndY', 'Length', 'Angle']",False,,,,0.0004,
2947798535.0,SecondHalf,2h,74,29,345,304008.0,Dean Henderson,Pass,Successful,3.4,49.1,2.4,69.1,False,True,False,False,,,False,False,345,False,False,False,False,,,"['Zone', 'PassEndX', 'PassEndY', 'Length', 'Angle']",False,,,,-0.0004,
2947798539.0,SecondHalf,2h,74,35,345,374631.0,Marc Guéhi,Pass,Unsuccessful,8.3,61.7,44.7,41.8,False,True,False,False,,,False,False,345,False,False,False,False,,,"['Longball', 'Zone', 'PassEndX', 'PassEndY', 'Chipped', 'Length', 'Angle']",False,Chipped,,,0.0523,sub_out
2947798541.0,SecondHalf,2h,74,38,341,401130.0,Maxence Lacroix,Aerial,Successful,55.3,58.2,,,False,False,False,False,,,False,False,341,False,False,False,False,,,"['Zone', 'OppositeRelatedEvent', 'Offensive']",False,,,,,
2947798545.0,SecondHalf,2h,74,38,345,367185.0,Bukayo Saka,Aerial,Unsuccessful,44.7,41.8,,,False,False,False,False,,,False,False,345,False,False,False,False,,,"['Zone', 'OppositeRelatedEvent', 'Defensive']",False,,,,,
2947798559.0,SecondHalf,2h,74,38,341,401130.0,Maxence Lacroix,Pass,Unsuccessful,55.3,58.2,76.0,52.3,False,True,False,False,,,False,False,341,False,False,False,False,,,"['HeadPass', 'Zone', 'PassEndX', 'PassEndY', 'Length', 'Angle']",False,,,,0.4749,
2947798549.0,SecondHalf,2h,74,40,345,332325.0,Declan Rice,Pass,Unsuccessful,25.1,50.7,32.4,66.4,False,True,False,False,,,False,False,345,False,False,False,False,,,"['Zone', 'PassEndX', 'PassEndY', 'Chipped', 'Length', 'Angle']",False,Chipped,,,-0.0053,
2947798561.0,SecondHalf,2h,74,41,341,444679.0,Warren Zaïre-Emery,Pass,Successful,72.6,38.6,77.1,28.8,False,True,False,False,,,False,False,341,False,False,False,False,,,"['Zone', 'PassEndX', 'PassEndY', 'Length', 'Angle']",False,,,,-0.1755,
2947798563.0,SecondHalf,2h,74,42,341,299513.0,Ousmane Dembélé,BallRecovery,Successful,77.1,28.7,,,False,False,False,False,,,False,False,341,False,False,False,False,,,[],False,,,,,sub_in
2947798567.0,SecondHalf,2h,74,42,341,299513.0,Ousmane Dembélé,Pass,Successful,77.1,28.7,76.6,43.9,False,True,False,False,,,False,False,341,False,False,False,False,,,"['Zone', 'PassEndX', 'PassEndY', 'Chipped', 'Length', 'Angle']",False,Chipped,,,0.2555,sub_in
2947798569.0,SecondHalf,2h,74,43,341,116609.0,Adrien Rabiot,Pass,Successful,76.6,44.1,71.6,34.8,False,True,False,False,,,False,False,341,False,False,False,False,,,"['HeadPass', 'Zone', 'PassEndX', 'PassEndY', 'Length', 'Angle']",False,,,,-0.3597,
2947798575.0,SecondHalf,2h,74,44,341,444679.0,Warren Zaïre-Emery,Pass,Successful,71.6,34.8,60.0,28.7,False,True,False,False,,,False,False,341,False,False,False,False,,,"['Zone', 'PassEndX', 'PassEndY', 'Length', 'Angle']",False,,,,-0.0967,
2947798581.0,SecondHalf,2h,74,45,341,327721.0,Dayot Upamecano,Pass,Successful,59.7,28.7,65.5,16.5,False,True,False,False,,,False,False,341,False,False,False,False,,,"['Zone', 'PassEndX', 'PassEndY', 'Length', 'Angle']",False,,,,-0.0898,sub_in
2947798603.0,SecondHalf,2h,74,47,341,299513.0,Ousmane Dembélé,Pass,Successful,68.9,15.6,91.9,16.2,False,True,False,False,,,False,False,341,False,False,False,False,,,"['Zone', 'PassEndX', 'PassEndY', 'Length', 'Angle']",False,,,,0.2185,sub_in
2947798619.0,SecondHalf,2h,74,55,341,371281.0,Michael Olise,Pass,Successful,87.6,9.7,73.9,22.6,False,True,False,False,,,False,False,341,False,False,False,False,,,"['Zone', 'PassEndX', 'PassEndY', 'Length', 'Angle']",False,,,,-0.0084,
2947798635.0,SecondHalf,2h,74,59,341,444679.0,Warren Zaïre-Emery,Pass,Successful,72.3,26.1,72.0,44.8,False,True,False,False,,,False,False,341,False,False,False,False,,,"['Zone', 'PassEndX', 'PassEndY', 'Length', 'Angle']",False,,,,0.2797,
2947798643.0,SecondHalf,2h,75,3,341,300713.0,Kylian Mbappé,Pass,Successful,70.8,56.7,82.3,87.8,False,True,False,False,,,False,False,341,False,False,False,False,,,"['Zone', 'PassEndX', 'PassEndY', 'Length', 'Angle']",False,,,,-0.4496,
2947798655.0,SecondHalf,2h,75,6,341,89925.0,Lucas Digne,Pass,Successful,86.8,89.6,78.3,77.3,False,True,False,False,,,False,False,341,False,False,False,False,,,"['Zone', 'PassEndX', 'PassEndY', 'Length', 'Angle']",False,,,,0.0549,sub_in
2947798663.0,SecondHalf,2h,75,9,341,300713.0,Kylian Mbappé,Pass,Successful,79.1,76.5,93.3,77.5,False,True,False,False,,,False,False,341,False,False,False,False,,,"['Zone', 'PassEndX', 'PassEndY', 'Length', 'Angle']",False,,,,0.1552,
2947798665.0,SecondHalf,2h,75,10,341,89925.0,Lucas Digne,Pass,Unsuccessful,92.5,78.7,92.4,77.4,False,True,False,True,,,False,False,341,False,False,False,False,LeftFoot,,"['Cross', 'Zone', 'LeftFoot', 'PassEndX', 'PassEndY', 'Length', 'Angle', 'OppositeRelatedEvent', 'Offensive']",False,Cross,,,0.0,sub_in
2947798667.0,SecondHalf,2h,75,10,345,430019.0,Jarell Quansah,Clearance,Successful,7.6,22.6,,,False,False,False,False,,,False,False,345,False,False,False,False,,,"['Zone', 'BlockedCross', 'OppositeRelatedEvent']",False,,,,,sub_out
2947798677.0,SecondHalf,2h,75,15,341,89925.0,Lucas Digne,Pass,Successful,91.3,89.7,87.8,75.0,False,True,False,False,,,False,False,341,False,False,False,False,,,"['Zone', 'PassEndX', 'PassEndY', 'Length', 'Angle']",False,,,,0.1282,sub_in
2947798689.0,SecondHalf,2h,75,17,345,362824.0,Morgan Rogers,Challenge,Unsuccessful,12.1,24.4,,,False,False,False,False,,,False,False,345,False,False,False,False,,,"['Zone', 'OppositeRelatedEvent', 'Defensive']",False,,,,,
2947798697.0,SecondHalf,2h,75,17,341,300713.0,Kylian Mbappé,TakeOn,Successful,87.9,75.6,,,False,False,False,False,,,False,False,341,False,False,False,False,,,"['Zone', 'OppositeRelatedEvent', 'Offensive']",False,,,,,
2947798699.0,SecondHalf,2h,75,20,341,300713.0,Kylian Mbappé,BallTouch,Unsuccessful,91.4,72.3,,,False,False,False,False,,,False,False,341,False,False,False,False,,,['Zone'],False,,,,,
2947798707.0,SecondHalf,2h,75,21,345,367185.0,Bukayo Saka,BallRecovery,Successful,12.0,27.3,,,False,False,False,False,,,False,False,345,False,False,False,False,,,[],False,,,,,
2947798721.0,SecondHalf,2h,75,22,345,367185.0,Bukayo Saka,Foul,Successful,11.2,28.4,,,False,False,False,False,,,False,False,345,False,False,False,False,,,"['Foul', 'Zone', 'OppositeRelatedEvent', 'Defensive']",False,,,,,
2947798719.0,SecondHalf,2h,75,22,341,89925.0,Lucas Digne,Foul,Unsuccessful,88.8,71.6,,,False,False,False,False,,,False,False,341,False,False,False,False,,,"['Foul', 'Zone', 'OppositeRelatedEvent', 'Offensive']",False,,,,,sub_in
2947798867.0,SecondHalf,2h,76,11,345,301440.0,Ezri Konsa,Pass,Successful,12.5,23.7,6.4,42.2,False,True,False,False,,,False,False,345,False,False,False,False,,,"['FreekickTaken', 'Zone', 'PassEndX', 'PassEndY', 'Length', 'Angle']",False,,,,-0.0009,
2947798873.0,SecondHalf,2h,76,15,345,304008.0,Dean Henderson,Pass,Successful,7.7,40.4,14.5,14.3,False,True,False,False,,,False,False,345,False,False,False,False,,,"['Zone', 'PassEndX', 'PassEndY', 'Length', 'Angle']",False,,,,0.0009,
2947798891.0,SecondHalf,2h,76,17,345,301440.0,Ezri Konsa,Pass,Successful,15.1,14.7,34.6,32.2,False,True,False,False,,,False,False,345,False,False,False,False,,,"['Zone', 'PassEndX', 'PassEndY', 'Length', 'Angle']",False,,,,0.0151,
2947798897.0,SecondHalf,2h,76,22,345,362824.0,Morgan Rogers,Dispossessed,Successful,32.8,39.5,,,False,False,False,False,,,False,False,345,False,False,False,False,,,"['Zone', 'OppositeRelatedEvent', 'Defensive']",False,,,,,
2947798905.0,SecondHalf,2h,76,22,341,116609.0,Adrien Rabiot,Tackle,Successful,67.2,60.5,,,False,False,False,False,,,False,False,341,False,False,False,False,,,"['Zone', 'StandingSave', 'OppositeRelatedEvent', 'Offensive']",False,,,,,
2947798907.0,SecondHalf,2h,76,23,341,327721.0,Dayot Upamecano,BallRecovery,Successful,62.0,64.0,,,False,False,False,False,,,False,False,341,False,False,False,False,,,[],False,,,,,sub_in
2947798911.0,SecondHalf,2h,76,24,341,327721.0,Dayot Upamecano,Pass,Successful,61.8,64.0,62.7,43.0,False,True,False,False,,,False,False,341,False,False,False,False,,,"['Zone', 'PassEndX', 'PassEndY', 'Length', 'Angle']",False,,,,0.2364,sub_in
2947798917.0,SecondHalf,2h,76,25,341,444679.0,Warren Zaïre-Emery,Pass,Successful,62.7,42.7,69.1,53.8,False,True,False,False,,,False,False,341,False,False,False,False,,,"['Zone', 'PassEndX', 'PassEndY', 'Length', 'Angle']",False,,,,0.14,
2947798927.0,SecondHalf,2h,76,28,341,371281.0,Michael Olise,Pass,Successful,72.0,58.8,76.1,68.0,False,True,False,False,,,False,False,341,False,False,False,False,,,"['Zone', 'PassEndX', 'PassEndY', 'Length', 'Angle']",False,,,,-0.1755,
2947798935.0,SecondHalf,2h,76,30,341,300713.0,Kylian Mbappé,Pass,Successful,78.6,70.1,88.5,60.4,False,True,False,False,,,False,False,341,False,False,False,False,,,"['Throughball', 'Zone', 'PassEndX', 'PassEndY', 'Chipped', 'Length', 'Angle']",False,Chipped,,,0.3355,
2947798937.0,SecondHalf,2h,76,31,341,371281.0,Michael Olise,Dispossessed,Successful,90.4,59.0,,,False,False,False,False,,,False,False,341,False,False,False,False,,,"['Zone', 'OppositeRelatedEvent', 'Offensive']",False,,,,,
2947798939.0,SecondHalf,2h,76,31,345,374631.0,Marc Guéhi,Tackle,Successful,9.7,41.0,,,False,False,False,False,,,False,False,345,False,False,False,False,,,"['LastMan', 'Zone', 'StandingSave', 'OppositeRelatedEvent', 'Defensive']",False,,,,,sub_out
2947798981.0,SecondHalf,2h,76,41,341,89925.0,Lucas Digne,Pass,Successful,91.2,100.0,80.1,93.5,False,True,False,False,,,False,False,341,False,False,False,False,,,"['Zone', 'ThrowIn', 'PassEndX', 'PassEndY', 'Length', 'Angle']",False,,,,-0.0383,sub_in
2947798987.0,SecondHalf,2h,76,42,341,300713.0,Kylian Mbappé,Pass,Successful,80.1,92.9,89.2,80.7,False,True,False,False,,,False,False,341,False,False,False,False,,,"['Zone', 'PassEndX', 'PassEndY', 'Length', 'Angle']",False,,,,0.1665,
2947798997.0,SecondHalf,2h,76,45,341,425366.0,Bradley Barcola,Pass,Successful,89.9,72.8,82.6,64.4,False,True,False,False,,,False,False,341,False,False,False,False,,,"['Zone', 'PassEndX', 'PassEndY', 'Length', 'Angle']",False,,,,-0.1011,sub_in
2947799001.0,SecondHalf,2h,76,47,341,116609.0,Adrien Rabiot,Pass,Successful,79.9,61.6,80.1,67.1,False,True,False,False,,,False,False,341,False,False,False,False,,,"['Zone', 'PassEndX', 'PassEndY', 'Length', 'Angle']",False,,,,-0.2555,
2947799007.0,SecondHalf,2h,76,48,341,300713.0,Kylian Mbappé,Pass,Successful,80.1,66.9,89.7,25.1,False,True,False,False,,,False,False,341,False,False,False,False,,,"['Zone', 'PassEndX', 'PassEndY', 'Chipped', 'Length', 'Angle']",False,Chipped,,,0.1011,
2947799013.0,SecondHalf,2h,76,51,341,299513.0,Ousmane Dembélé,Pass,Successful,89.8,24.8,77.6,27.3,False,True,False,False,,,False,False,341,False,False,False,False,,,"['Zone', 'PassEndX', 'PassEndY', 'Length', 'Angle']",False,,,,0.1076,sub_in
2947799039.0,SecondHalf,2h,76,53,341,403850.0,Malo Gusto,Foul,Successful,76.6,24.8,,,False,False,False,False,,,False,False,341,False,False,False,False,,,"['Foul', 'Zone', 'OppositeRelatedEvent', 'Offensive']",False,,,,,sub_out
2947799025.0,SecondHalf,2h,76,53,345,148503.0,Ollie Watkins,Foul,Unsuccessful,23.4,75.2,,,False,False,False,False,,,False,False,345,False,False,False,False,,,"['Foul', 'Zone', 'OppositeRelatedEvent', 'Defensive']",False,,,,,sub_in
2947799179.0,SecondHalf,2h,77,42,341,299513.0,Ousmane Dembélé,Pass,Unsuccessful,77.2,28.4,91.3,49.1,False,True,False,True,,,False,False,341,False,False,False,False,RightFoot,,"['Cross', 'FreekickTaken', 'RightFoot', 'Zone', 'PassEndX', 'PassEndY', 'Chipped', 'Length', 'Angle']",False,Cross,,,0.3355,sub_in
2947799185.0,SecondHalf,2h,77,43,345,430019.0,Jarell Quansah,Clearance,Successful,9.0,55.8,9.1,50.3,False,False,False,False,,,False,False,345,False,False,False,False,,,"['Zone', 'PassEndX', 'PassEndY', 'Length', 'Angle']",False,,,,,sub_out
2947799329.0,SecondHalf,2h,77,44,345,134240.0,Ivan Toney,BallTouch,Successful,8.8,50.7,,,False,False,False,False,,,False,False,345,False,False,False,False,,,['Zone'],False,,,,,sub_out
2947799191.0,SecondHalf,2h,77,44,345,332403.0,Eberechi Eze,Clearance,Successful,14.0,50.7,46.3,74.4,False,False,False,False,,,False,False,345,False,False,False,False,,,"['Zone', 'PassEndX', 'PassEndY', 'Length', 'Angle']",False,,,,,sub_out
2947799207.0,SecondHalf,2h,77,50,341,403850.0,Malo Gusto,Pass,Successful,53.8,28.0,52.9,51.1,False,True,False,False,,,False,False,341,False,False,False,False,,,"['Zone', 'PassEndX', 'PassEndY', 'Length', 'Angle']",False,,,,0.0696,sub_out
2947799215.0,SecondHalf,2h,77,53,341,444679.0,Warren Zaïre-Emery,Pass,Successful,54.7,57.7,64.3,79.9,False,True,False,False,,,False,False,341,False,False,False,False,,,"['Zone', 'PassEndX', 'PassEndY', 'Length', 'Angle']",False,,,,-0.0713,
2947799237.0,SecondHalf,2h,77,56,341,116609.0,Adrien Rabiot,Pass,Successful,67.5,86.4,76.7,92.4,False,True,False,False,,,False,False,341,False,False,False,False,,,"['Zone', 'PassEndX', 'PassEndY', 'Length', 'Angle']",False,,,,-0.0299,
2947799251.0,SecondHalf,2h,78,2,341,425366.0,Bradley Barcola,Pass,Successful,81.7,81.0,89.5,79.6,False,True,False,False,,,False,False,341,False,False,False,False,,,"['Zone', 'PassEndX', 'PassEndY', 'Length', 'Angle']",False,,,,0.0733,sub_in
2947799265.0,SecondHalf,2h,78,4,341,89925.0,Lucas Digne,Pass,Successful,90.2,78.5,88.5,71.7,False,True,False,False,,,False,False,341,False,False,False,False,,,"['Zone', 'PassEndX', 'PassEndY', 'Length', 'Angle']",False,,,,0.2087,sub_in
2947799379.0,SecondHalf,2h,78,5,341,300713.0,Kylian Mbappé,Dispossessed,Successful,90.6,59.5,,,False,False,False,False,,,False,False,341,False,False,False,False,,,"['Zone', 'OppositeRelatedEvent', 'Offensive']",False,,,,,
2947799257.0,SecondHalf,2h,78,5,345,332325.0,Declan Rice,Tackle,Unsuccessful,9.4,40.5,,,False,False,False,False,,,False,False,345,False,False,False,False,,,"['Zone', 'StandingSave', 'OppositeRelatedEvent', 'Defensive']",False,,,,,
2947799269.0,SecondHalf,2h,78,7,341,300713.0,Kylian Mbappé,SavedShot,Successful,94.9,66.5,,,True,False,False,False,Blocked,BlockedShot,False,False,341,False,False,False,False,LeftFoot,,"['RegularPlay', 'Zone', 'DeepBoxLeft', 'LeftFoot', 'LowCentre', 'Blocked', 'GoalMouthY', 'GoalMouthZ', 'BlockedX', 'BlockedY', 'OppositeRelatedEvent']",False,,0.0885,xg_v3_submodel_calibrated_2025,,
2947799271.0,SecondHalf,2h,78,7,345,301440.0,Ezri Konsa,Save,Successful,4.4,36.1,,,False,False,False,False,,,False,False,345,False,False,False,False,,,"['Zone', 'OutfielderBlock', 'OppositeRelatedEvent']",False,,,,,
2947844551.0,SecondHalf,2h,78,10,341,425366.0,Bradley Barcola,BallTouch,Unsuccessful,80.5,90.2,,,False,False,False,False,,,False,False,341,False,False,False,False,,,['Zone'],False,,,,,sub_in
2947799289.0,SecondHalf,2h,78,12,345,362824.0,Morgan Rogers,BallRecovery,Successful,25.0,15.5,,,False,False,False,False,,,False,False,345,False,False,False,False,,,[],False,,,,,
2947799305.0,SecondHalf,2h,78,15,345,362824.0,Morgan Rogers,Foul,Successful,37.8,14.4,,,False,False,False,False,,,False,False,345,False,False,False,False,,,"['Foul', 'Zone', 'OppositeRelatedEvent', 'Offensive']",False,,,,,
2947799301.0,SecondHalf,2h,78,15,341,89925.0,Lucas Digne,Foul,Unsuccessful,62.2,85.6,,,False,False,False,False,,,False,False,341,False,False,False,False,,,"['Foul', 'Zone', 'OppositeRelatedEvent', 'Defensive']",False,,,,,sub_in
2947799395.0,SecondHalf,2h,78,50,345,134240.0,Ivan Toney,SubstitutionOff,Successful,0.0,0.0,,,False,False,False,False,,,False,False,345,False,False,False,False,,,"['PlayerPosition', 'RelatedEventId', 'JerseyNumber']",False,,,,,sub_out
2947799399.0,SecondHalf,2h,78,50,345,402596.0,Elliot Anderson,SubstitutionOn,Successful,0.0,0.0,,,False,False,False,False,,,False,False,345,False,False,False,False,,,"['PlayerPosition', 'RelatedEventId', 'JerseyNumber', 'FormationSlot']",False,,,,,sub_in
2947799437.0,SecondHalf,2h,78,58,345,332403.0,Eberechi Eze,SubstitutionOff,Successful,0.0,0.0,,,False,False,False,False,,,False,False,345,False,False,False,False,,,"['PlayerPosition', 'RelatedEventId', 'JerseyNumber']",False,,,,,sub_out
2947799441.0,SecondHalf,2h,78,58,345,379868.0,Jude Bellingham,SubstitutionOn,Successful,0.0,0.0,,,False,False,False,False,,,False,False,345,False,False,False,False,,,"['PlayerPosition', 'RelatedEventId', 'JerseyNumber', 'FormationSlot']",False,,,,,sub_in
2947800657.0,SecondHalf,2h,79,0,345,,,FormationChange,Successful,0.0,0.0,,,False,False,False,False,,,False,False,345,False,False,False,False,,,"['InvolvedPlayers', 'PlayerPosition', 'JerseyNumber', 'TeamFormation', 'TeamPlayerFormation', 'CaptainPlayerId']",False,,,,,
2947799483.0,SecondHalf,2h,79,11,345,301440.0,Ezri Konsa,Pass,Successful,32.3,24.0,40.7,27.1,False,True,False,False,,,False,False,345,False,False,False,False,,,"['FreekickTaken', 'Zone', 'PassEndX', 'PassEndY', 'Length', 'Angle']",False,,,,0.011,
2947799489.0,SecondHalf,2h,79,13,345,332325.0,Declan Rice,Pass,Successful,39.7,25.9,35.3,3.7,False,True,False,False,,,False,False,345,False,False,False,False,,,"['Zone', 'PassEndX', 'PassEndY', 'Length', 'Angle']",False,,,,-0.0133,
2947799493.0,SecondHalf,2h,79,14,345,430019.0,Jarell Quansah,Pass,Successful,33.7,3.5,43.5,1.0,False,True,False,False,,,False,False,345,False,False,False,False,,,"['Zone', 'PassEndX', 'PassEndY', 'Length', 'Angle']",False,,,,0.0037,sub_out
2947799495.0,SecondHalf,2h,79,15,345,379868.0,Jude Bellingham,Pass,Unsuccessful,42.0,1.4,44.5,2.0,False,True,False,False,,,False,False,345,False,False,False,False,,,"['Zone', 'PassEndX', 'PassEndY', 'Length', 'Angle']",False,,,,0.0,sub_in
2947799499.0,SecondHalf,2h,79,16,341,116609.0,Adrien Rabiot,BallTouch,Successful,60.1,96.7,,,False,False,False,False,,,False,False,341,False,False,False,False,,,['Zone'],False,,,,,
2947799509.0,SecondHalf,2h,79,17,341,89925.0,Lucas Digne,BallRecovery,Successful,41.8,94.1,,,False,False,False,False,,,False,False,341,False,False,False,False,,,[],False,,,,,sub_in
2947799515.0,SecondHalf,2h,79,18,341,89925.0,Lucas Digne,Pass,Successful,41.8,94.1,57.6,90.7,False,True,False,False,,,False,False,341,False,False,False,False,,,"['Zone', 'PassEndX', 'PassEndY', 'Length', 'Angle']",False,,,,0.0078,sub_in
2947799517.0,SecondHalf,2h,79,18,341,425366.0,Bradley Barcola,Pass,Successful,58.1,90.6,56.7,80.8,False,True,False,False,,,False,False,341,False,False,False,False,,,"['Zone', 'PassEndX', 'PassEndY', 'Length', 'Angle']",False,,,,0.0159,sub_in
2947799529.0,SecondHalf,2h,79,19,341,371281.0,Michael Olise,Pass,Successful,56.8,80.2,58.2,61.3,False,True,False,False,,,False,False,341,False,False,False,False,,,"['Zone', 'PassEndX', 'PassEndY', 'Length', 'Angle']",False,,,,0.1057,
2947799545.0,SecondHalf,2h,79,23,341,444679.0,Warren Zaïre-Emery,Pass,Successful,62.3,36.3,68.7,20.0,False,True,False,False,,,False,False,341,False,False,False,False,,,"['Zone', 'PassEndX', 'PassEndY', 'Length', 'Angle']",False,,,,-0.0433,
2947799551.0,SecondHalf,2h,79,28,341,299513.0,Ousmane Dembélé,Pass,Successful,76.0,21.2,73.2,27.3,False,True,False,False,,,False,False,341,False,False,False,False,,,"['Zone', 'PassEndX', 'PassEndY', 'Length', 'Angle']",False,,,,0.0767,sub_in
2947799561.0,SecondHalf,2h,79,30,341,444679.0,Warren Zaïre-Emery,Pass,Successful,72.7,27.1,76.1,17.8,False,True,False,False,,,False,False,341,False,False,False,False,,,"['Zone', 'PassEndX', 'PassEndY', 'Length', 'Angle']",False,,,,-0.0767,
2947799565.0,SecondHalf,2h,79,32,341,299513.0,Ousmane Dembélé,Pass,Successful,76.1,17.8,84.4,27.6,False,True,False,False,,,False,False,341,False,False,False,False,,,"['Zone', 'PassEndX', 'PassEndY', 'Chipped', 'Length', 'Angle']",False,Chipped,,,0.282,sub_in
2947799573.0,SecondHalf,2h,79,34,341,444679.0,Warren Zaïre-Emery,BallTouch,Unsuccessful,84.4,27.6,,,False,False,False,False,,,False,False,341,False,False,False,False,,,['Zone'],False,,,,,
2947799567.0,SecondHalf,2h,79,35,345,362219.0,Djed Spence,BallRecovery,Successful,13.2,73.6,,,False,False,False,False,,,False,False,345,False,False,False,False,,,[],False,,,,,
2947799581.0,SecondHalf,2h,79,35,345,362219.0,Djed Spence,Pass,Successful,13.0,73.9,32.1,63.7,False,True,False,False,,,False,False,345,False,False,False,False,,,"['Zone', 'PassEndX', 'PassEndY', 'Length', 'Angle']",False,,,,0.0068,
2947799587.0,SecondHalf,2h,79,36,345,148503.0,Ollie Watkins,Pass,Successful,32.4,64.6,27.1,71.7,False,True,False,False,,,False,False,345,False,False,False,False,,,"['Zone', 'PassEndX', 'PassEndY', 'LayOff', 'Length', 'Angle']",False,,,,0.0,sub_in
2947799629.0,SecondHalf,2h,79,38,345,379868.0,Jude Bellingham,Pass,Successful,30.6,92.9,60.3,85.4,False,True,False,False,,,False,False,345,False,False,False,False,,,"['Zone', 'PassEndX', 'PassEndY', 'Length', 'Angle']",False,,,,0.0636,sub_in
2947799633.0,SecondHalf,2h,79,47,345,148503.0,Ollie Watkins,Pass,Successful,79.2,76.9,74.9,64.2,False,True,True,False,,,False,False,345,False,False,False,False,,,"['Zone', 'PassEndX', 'PassEndY', 'ShotAssist', 'Length', 'Angle', 'BigChanceCreated', 'KeyPass']",False,KeyPass,,,0.0767,sub_in
2947800011.0,SecondHalf,2h,79,48,345,379868.0,Jude Bellingham,TakeOn,Successful,81.9,62.1,,,False,False,False,False,,,False,False,345,False,False,False,False,,,"['Zone', 'OppositeRelatedEvent', 'Offensive']",False,,,,,sub_in
2947800321.0,SecondHalf,2h,79,48,341,403850.0,Malo Gusto,Challenge,Unsuccessful,18.1,37.9,,,False,False,False,False,,,False,False,341,False,False,False,False,,,"['Zone', 'OppositeRelatedEvent', 'Defensive']",False,,,,,sub_out
2947799657.0,SecondHalf,2h,79,50,345,379868.0,Jude Bellingham,TakeOn,Successful,96.4,60.7,,,False,False,False,False,,,False,False,345,False,False,False,False,,,"['Zone', 'OppositeRelatedEvent', 'Offensive']",False,,,,,sub_in
2947799659.0,SecondHalf,2h,79,50,341,327721.0,Dayot Upamecano,Challenge,Unsuccessful,3.6,39.3,,,False,False,False,False,,,False,False,341,False,False,False,False,,,"['Zone', 'OppositeRelatedEvent', 'Defensive']",False,,,,,sub_in
2947799681.0,SecondHalf,2h,79,51,345,379868.0,Jude Bellingham,SavedShot,Successful,96.8,58.7,,,True,False,False,False,On Target,SavedShot,False,False,345,False,False,False,True,RightFoot,,"['RightFoot', 'RegularPlay', 'Assisted', 'RelatedEventId', 'Zone', 'SmallBoxLeft', 'LowCentre', 'GoalMouthY', 'GoalMouthZ', 'BlockedX', 'BlockedY', 'BigChance', 'IndividualPlay', 'OppositeRelatedEvent']",False,,0.4037,xg_v3_submodel_calibrated_2025,,sub_in
2947799673.0,SecondHalf,2h,79,52,341,141646.0,Mike Maignan,Save,Successful,2.1,44.4,,,False,False,False,False,,,False,False,341,False,False,False,False,,,"['Zone', 'ParriedDanger', 'Feet', 'OppositeRelatedEvent', 'KeeperSaveInSixYard', 'KeeperSaveInTheBox']",False,,,,,
2947799687.0,SecondHalf,2h,79,55,345,362824.0,Morgan Rogers,SavedShot,Successful,89.3,61.1,,,True,False,False,False,Blocked,BlockedShot,False,False,345,False,False,False,False,LeftFoot,,"['BoxCentre', 'RegularPlay', 'Zone', 'LeftFoot', 'LowLeft', 'Blocked', 'GoalMouthY', 'GoalMouthZ', 'BlockedX', 'BlockedY', 'OppositeRelatedEvent']",False,,0.1082,xg_v3_submodel_calibrated_2025,,
2947799683.0,SecondHalf,2h,79,55,341,401130.0,Maxence Lacroix,Save,Successful,6.3,41.9,,,False,False,False,False,,,False,False,341,False,False,False,False,,,"['Zone', 'OutfielderBlock', 'OppositeRelatedEvent']",False,,,,,
2947799695.0,SecondHalf,2h,79,57,341,444679.0,Warren Zaïre-Emery,BallRecovery,Successful,24.7,58.1,,,False,False,False,False,,,False,False,341,False,False,False,False,,,[],False,,,,,
2947799705.0,SecondHalf,2h,79,57,341,444679.0,Warren Zaïre-Emery,Pass,Successful,24.9,58.4,46.6,80.5,False,True,False,False,,,False,False,341,False,False,False,False,,,"['Zone', 'PassEndX', 'PassEndY', 'Length', 'Angle']",False,,,,0.0071,
2947799719.0,SecondHalf,2h,80,3,341,371281.0,Michael Olise,Pass,Successful,58.1,82.6,76.2,87.8,False,True,False,False,,,False,False,341,False,False,False,False,,,"['Zone', 'PassEndX', 'PassEndY', 'Length', 'Angle']",False,,,,0.051,
2947799721.0,SecondHalf,2h,80,8,345,430019.0,Jarell Quansah,Challenge,Unsuccessful,11.6,25.3,,,False,False,False,False,,,False,False,345,False,False,False,False,,,"['Zone', 'OppositeRelatedEvent', 'Defensive']",False,,,,,sub_out
2947799725.0,SecondHalf,2h,80,8,341,425366.0,Bradley Barcola,TakeOn,Successful,88.4,74.7,,,False,False,False,False,,,False,False,341,False,False,False,False,,,"['Zone', 'OppositeRelatedEvent', 'Offensive']",False,,,,,sub_in
2947799739.0,SecondHalf,2h,80,10,341,425366.0,Bradley Barcola,Pass,Successful,94.2,77.8,88.3,82.0,False,True,False,False,,,False,False,341,False,False,False,False,,,"['Zone', 'PassEndX', 'PassEndY', 'Length', 'Angle']",False,,,,-0.0819,sub_in
2947799743.0,SecondHalf,2h,80,15,341,300713.0,Kylian Mbappé,Pass,Successful,87.2,72.7,86.9,56.7,False,True,False,False,,,False,False,341,False,False,False,False,,,"['Zone', 'PassEndX', 'PassEndY', 'Length', 'Angle']",False,,,,0.2344,
2947799751.0,SecondHalf,2h,80,16,341,371281.0,Michael Olise,Pass,Successful,86.9,56.7,92.3,43.9,False,True,False,False,,,False,False,341,False,False,False,False,,,"['Zone', 'PassEndX', 'PassEndY', 'Length', 'Angle']",False,,,,0.06,
2947799755.0,SecondHalf,2h,80,17,341,299513.0,Ousmane Dembélé,Pass,Successful,92.2,38.9,90.3,49.5,False,True,True,False,,,False,False,341,False,False,False,False,,,"['Zone', 'PassEndX', 'PassEndY', 'IntentionalAssist', 'ShotAssist', 'Length', 'Angle', 'BigChanceCreated', 'KeyPass']",False,KeyPass,,,-0.06,sub_in
2947799759.0,SecondHalf,2h,80,18,341,371281.0,Michael Olise,MissedShots,Successful,90.3,49.5,,,True,False,False,False,Off Target,MissedShots,False,False,341,False,False,False,True,RightFoot,,"['BoxCentre', 'RightFoot', 'RegularPlay', 'Assisted', 'RelatedEventId', 'Zone', 'GoalMouthY', 'GoalMouthZ', 'IntentionalAssist', 'BigChance', 'FirstTouch']",False,,0.2734,xg_v3_submodel_calibrated_2025,,
2947800175.0,SecondHalf,2h,82,34,345,430019.0,Jarell Quansah,SubstitutionOff,Successful,0.0,0.0,,,False,False,False,False,,,False,False,345,False,False,False,False,,,"['PlayerPosition', 'RelatedEventId', 'JerseyNumber']",False,,,,,sub_out
2947800179.0,SecondHalf,2h,82,34,345,361330.0,Reece James,SubstitutionOn,Successful,0.0,0.0,,,False,False,False,False,,,False,False,345,False,False,False,False,,,"['PlayerPosition', 'RelatedEventId', 'JerseyNumber', 'FormationSlot']",False,,,,,sub_in
2947800235.0,SecondHalf,2h,82,52,345,304008.0,Dean Henderson,Pass,Unsuccessful,5.2,60.8,70.3,57.3,False,True,False,False,,,False,False,345,False,False,False,False,,,"['Longball', 'Zone', 'MissHigh', 'GoalKick', 'PassEndX', 'PassEndY', 'Length', 'Angle']",False,,,,0.5306,
2947800237.0,SecondHalf,2h,82,56,341,401130.0,Maxence Lacroix,Aerial,Successful,29.7,42.7,,,False,False,False,False,,,False,False,341,False,False,False,False,,,"['Zone', 'OppositeRelatedEvent', 'Defensive']",False,,,,,
2947800239.0,SecondHalf,2h,82,56,345,148503.0,Ollie Watkins,Aerial,Unsuccessful,70.3,57.3,,,False,False,False,False,,,False,False,345,False,False,False,False,,,"['Zone', 'OppositeRelatedEvent', 'Offensive']",False,,,,,sub_in
2947800251.0,SecondHalf,2h,82,57,341,401130.0,Maxence Lacroix,Clearance,Successful,29.7,42.7,38.2,33.1,False,False,False,False,,,False,False,341,True,False,False,False,Head,,"['Head', 'Zone', 'PassEndX', 'PassEndY', 'Length', 'Angle']",False,,,,,
2947800243.0,SecondHalf,2h,82,58,345,379868.0,Jude Bellingham,BallTouch,Unsuccessful,62.8,58.8,,,False,False,False,False,,,False,False,345,False,False,False,False,,,['Zone'],False,,,,,sub_in
2947800263.0,SecondHalf,2h,82,59,341,299513.0,Ousmane Dembélé,Pass,Successful,52.0,29.3,48.1,33.7,False,True,False,False,,,False,False,341,False,False,False,False,,,"['Zone', 'PassEndX', 'PassEndY', 'Length', 'Angle']",False,,,,-0.0372,sub_in
2947800265.0,SecondHalf,2h,83,0,341,371281.0,Michael Olise,BallRecovery,Successful,48.1,33.7,,,False,False,False,False,,,False,False,341,False,False,False,False,,,[],False,,,,,
2947800275.0,SecondHalf,2h,83,3,341,371281.0,Michael Olise,Pass,Successful,37.2,47.9,40.4,75.5,False,True,False,False,,,False,False,341,False,False,False,False,,,"['Zone', 'PassEndX', 'PassEndY', 'Length', 'Angle']",False,,,,-0.0185,
2947800285.0,SecondHalf,2h,83,5,341,89925.0,Lucas Digne,Pass,Successful,40.3,75.2,12.8,55.6,False,True,False,False,,,False,False,341,False,False,False,False,,,"['Zone', 'PassEndX', 'PassEndY', 'Length', 'Angle']",False,,,,-0.0049,sub_in
2947800289.0,SecondHalf,2h,83,9,341,141646.0,Mike Maignan,Pass,Successful,13.8,56.4,23.7,66.8,False,True,False,False,,,False,False,341,False,False,False,False,,,"['Zone', 'PassEndX', 'PassEndY', 'Length', 'Angle']",False,,,,0.0019,
2947800295.0,SecondHalf,2h,83,13,341,401130.0,Maxence Lacroix,Pass,Successful,23.7,66.9,24.8,24.1,False,True,False,False,,,False,False,341,False,False,False,False,,,"['Zone', 'PassEndX', 'PassEndY', 'Length', 'Angle']",False,,,,-0.0028,
2947800297.0,SecondHalf,2h,83,15,341,327721.0,Dayot Upamecano,Pass,Successful,26.5,22.1,33.0,27.7,False,True,False,False,,,False,False,341,False,False,False,False,,,"['Zone', 'PassEndX', 'PassEndY', 'Length', 'Angle']",False,,,,0.0043,sub_in
2947800299.0,SecondHalf,2h,83,16,341,444679.0,Warren Zaïre-Emery,Pass,Successful,33.1,28.0,38.9,24.4,False,True,False,False,,,False,False,341,False,False,False,False,,,"['Zone', 'PassEndX', 'PassEndY', 'Length', 'Angle']",False,,,,-0.001,
2947800309.0,SecondHalf,2h,83,17,341,299513.0,Ousmane Dembélé,Pass,Successful,39.1,24.4,36.3,37.0,False,True,False,False,,,False,False,341,False,False,False,False,,,"['Zone', 'PassEndX', 'PassEndY', 'Length', 'Angle']",False,,,,0.0077,sub_in
2947800325.0,SecondHalf,2h,83,21,341,444679.0,Warren Zaïre-Emery,Pass,Successful,51.3,46.0,68.4,88.7,False,True,False,False,,,False,False,341,False,False,False,False,,,"['Longball', 'Zone', 'PassEndX', 'PassEndY', 'Chipped', 'Length', 'Angle']",False,Chipped,,,-0.0856,
2947800343.0,SecondHalf,2h,83,25,341,425366.0,Bradley Barcola,Pass,Successful,69.2,86.0,69.9,74.9,False,True,True,False,,,False,False,341,False,False,False,False,,,"['Zone', 'PassEndX', 'PassEndY', 'ShotAssist', 'Length', 'Angle', 'KeyPass']",False,KeyPass,,,0.14,sub_in
2947800347.0,SecondHalf,2h,83,29,341,300713.0,Kylian Mbappé,SavedShot,Successful,76.2,61.7,,,True,False,False,False,On Target,SavedShot,False,False,341,False,False,False,False,RightFoot,,"['OutOfBoxCentre', 'RightFoot', 'RegularPlay', 'Assisted', 'RelatedEventId', 'Zone', 'LowCentre', 'GoalMouthY', 'GoalMouthZ', 'BlockedX', 'BlockedY', 'IndividualPlay', 'OppositeRelatedEvent']",False,,0.0397,xg_v3_submodel_calibrated_2025,,
2947800349.0,SecondHalf,2h,83,29,345,304008.0,Dean Henderson,Save,Successful,3.4,47.8,,,False,False,False,False,,,False,False,345,False,False,False,False,,,"['Zone', 'Collected', 'StandingSave', 'Hands', 'OppositeRelatedEvent', 'KeeperSaveObox']",False,,,,,
2947800351.0,SecondHalf,2h,83,30,345,304008.0,Dean Henderson,KeeperPickup,Successful,4.4,50.1,,,False,False,False,False,,,False,False,345,False,False,False,False,,,[],False,,,,,
2947800375.0,SecondHalf,2h,83,32,345,304008.0,Dean Henderson,Pass,Successful,9.9,47.0,20.5,46.7,False,True,False,False,,,False,False,345,False,False,False,False,,,"['Zone', 'KeeperThrow', 'PassEndX', 'PassEndY', 'Length', 'Angle']",False,,,,0.0039,
2947800385.0,SecondHalf,2h,83,38,345,402596.0,Elliot Anderson,Pass,Successful,18.1,42.5,13.1,65.7,False,True,False,False,,,False,False,345,False,False,False,False,,,"['Zone', 'PassEndX', 'PassEndY', 'Length', 'Angle']",False,,,,-0.0048,sub_in
2947800399.0,SecondHalf,2h,83,40,345,374631.0,Marc Guéhi,Pass,Successful,13.1,65.7,31.7,85.0,False,True,False,False,,,False,False,345,False,False,False,False,,,"['Zone', 'PassEndX', 'PassEndY', 'Length', 'Angle']",False,,,,0.0025,sub_out
2947800429.0,SecondHalf,2h,83,45,345,362219.0,Djed Spence,Pass,Successful,32.0,95.3,15.2,77.2,False,True,False,False,,,False,False,345,False,False,False,False,,,"['Zone', 'PassEndX', 'PassEndY', 'Length', 'Angle']",False,,,,0.0001,
2947800437.0,SecondHalf,2h,83,52,345,374631.0,Marc Guéhi,Pass,Successful,28.0,73.9,29.0,85.9,False,True,False,False,,,False,False,345,False,False,False,False,,,"['Zone', 'PassEndX', 'PassEndY', 'Length', 'Angle']",False,,,,-0.0043,sub_out
2947800469.0,SecondHalf,2h,83,56,345,402596.0,Elliot Anderson,Pass,Successful,25.4,80.6,7.5,63.7,False,True,False,False,,,False,False,345,False,False,False,False,,,"['Zone', 'PassEndX', 'PassEndY', 'Length', 'Angle']",False,,,,-0.0053,sub_in
2947800481.0,SecondHalf,2h,84,8,345,304008.0,Dean Henderson,Pass,Successful,7.2,52.2,26.5,34.6,False,True,False,False,,,False,False,345,False,False,False,False,,,"['Zone', 'PassEndX', 'PassEndY', 'Length', 'Angle']",False,,,,0.0092,
2947800489.0,SecondHalf,2h,84,10,345,379868.0,Jude Bellingham,Pass,Successful,27.4,36.7,21.1,21.0,False,True,False,False,,,False,False,345,False,False,False,False,,,"['Zone', 'PassEndX', 'PassEndY', 'LayOff', 'Length', 'Angle']",False,,,,-0.0068,sub_in
2947800513.0,SecondHalf,2h,84,13,345,301440.0,Ezri Konsa,Pass,Successful,24.4,16.4,32.4,26.8,False,True,False,False,,,False,False,345,False,False,False,False,,,"['Zone', 'PassEndX', 'PassEndY', 'Length', 'Angle']",False,,,,0.0068,
2947800529.0,SecondHalf,2h,84,18,345,379868.0,Jude Bellingham,Pass,Successful,37.6,33.9,71.2,95.6,False,True,False,False,,,False,False,345,False,False,False,False,,,"['Longball', 'Zone', 'PassEndX', 'PassEndY', 'Chipped', 'Length', 'Angle']",False,Chipped,,,0.0341,sub_in
2947800537.0,SecondHalf,2h,84,24,345,362824.0,Morgan Rogers,Pass,Successful,78.9,80.0,92.5,75.1,False,True,False,False,,,False,False,345,False,False,False,False,,,"['Zone', 'PassEndX', 'PassEndY', 'Length', 'Angle']",False,,,,0.1552,
2947848965.0,SecondHalf,2h,84,25,345,362219.0,Djed Spence,TakeOn,Unsuccessful,91.6,74.9,,,False,False,False,False,,,False,False,345,False,False,False,False,,,"['Zone', 'Offensive']",False,,,,,
2947800539.0,SecondHalf,2h,84,26,345,362219.0,Djed Spence,Foul,Successful,92.8,72.8,,,False,False,False,False,,,False,False,345,False,True,False,False,,,"['Penalty', 'Foul', 'Zone', 'OppositeRelatedEvent', 'Offensive']",False,,,,,
2947800543.0,SecondHalf,2h,84,26,341,403850.0,Malo Gusto,Foul,Unsuccessful,7.2,27.3,,,False,False,False,False,,,False,False,341,False,True,False,False,,,"['Penalty', 'Foul', 'Zone', 'OppositeRelatedEvent', 'Defensive']",False,,,,,sub_out
2947800887.0,SecondHalf,2h,86,41,345,367185.0,Bukayo Saka,Goal,Successful,88.5,50.0,,,True,False,False,False,On Target,Goal,True,False,345,False,True,False,True,LeftFoot,,"['Penalty', 'BoxCentre', 'Zone', 'LeftFoot', 'LowRight', 'GoalMouthY', 'GoalMouthZ', 'BigChance']",False,,0.79,xg_v3_submodel_calibrated_2025,,
2947800913.0,SecondHalf,2h,86,41,341,141646.0,Mike Maignan,PenaltyFaced,Unsuccessful,0.0,0.0,,,False,False,False,False,,,False,False,341,False,True,False,False,,,"['Penalty', 'Zone', 'MissRight', 'DivingSave', 'KeeperMissed', 'OppositeRelatedEvent']",False,,,,,
2947801119.0,SecondHalf,2h,87,55,341,300713.0,Kylian Mbappé,Pass,Successful,49.9,50.3,45.1,51.7,False,True,False,False,,,False,False,341,False,False,False,False,,,"['Zone', 'PassEndX', 'PassEndY', 'Length', 'Angle']",False,,,,0.0,
2947801133.0,SecondHalf,2h,87,56,341,371281.0,Michael Olise,Pass,Successful,45.1,51.7,47.5,50.2,False,True,False,False,,,False,False,341,False,False,False,False,,,"['Zone', 'PassEndX', 'PassEndY', 'Length', 'Angle']",False,,,,0.0,
2947801145.0,SecondHalf,2h,88,1,341,300713.0,Kylian Mbappé,Pass,Successful,44.9,63.9,45.3,88.3,False,True,False,False,,,False,False,341,False,False,False,False,,,"['Zone', 'PassEndX', 'PassEndY', 'Length', 'Angle']",False,,,,-0.0226,
2947801163.0,SecondHalf,2h,88,7,341,89925.0,Lucas Digne,TakeOn,Unsuccessful,62.2,92.0,,,False,False,False,False,,,False,False,341,False,False,False,False,,,"['Zone', 'OppositeRelatedEvent', 'Offensive']",False,,,,,sub_in
2947801169.0,SecondHalf,2h,88,7,345,367185.0,Bukayo Saka,Tackle,Successful,37.8,8.0,,,False,False,False,False,,,False,False,345,False,False,False,False,,,"['Zone', 'StandingSave', 'OppositeRelatedEvent', 'Defensive']",False,,,,,
2947856813.0,SecondHalf,2h,88,8,345,367185.0,Bukayo Saka,BallRecovery,Successful,32.3,13.6,,,False,False,False,False,,,False,False,345,False,False,False,False,,,[],False,,,,,
2947801175.0,SecondHalf,2h,88,9,345,367185.0,Bukayo Saka,Pass,Successful,35.2,9.8,37.3,4.3,False,True,False,False,,,False,False,345,False,False,False,False,,,"['Zone', 'PassEndX', 'PassEndY', 'Length', 'Angle']",False,,,,0.0,
2947801197.0,SecondHalf,2h,88,11,345,379868.0,Jude Bellingham,Pass,Successful,37.2,8.9,32.2,41.0,False,True,False,False,,,False,False,345,False,False,False,False,,,"['Zone', 'PassEndX', 'PassEndY', 'Length', 'Angle']",False,,,,0.0119,sub_in
2947801199.0,SecondHalf,2h,88,14,345,402596.0,Elliot Anderson,Pass,Successful,30.0,46.0,40.4,63.7,False,True,False,False,,,False,False,345,False,False,False,False,,,"['Zone', 'PassEndX', 'PassEndY', 'Length', 'Angle']",False,,,,0.0014,sub_in
2947801201.0,SecondHalf,2h,88,15,345,362824.0,Morgan Rogers,Pass,Successful,40.4,63.9,32.8,59.1,False,True,False,False,,,False,False,345,False,False,False,False,,,"['Zone', 'PassEndX', 'PassEndY', 'Length', 'Angle']",False,,,,-0.0014,
2947801211.0,SecondHalf,2h,88,17,345,402596.0,Elliot Anderson,Pass,Successful,34.3,60.0,47.1,51.8,False,True,False,False,,,False,False,345,False,False,False,False,,,"['Zone', 'PassEndX', 'PassEndY', 'Length', 'Angle']",False,,,,0.0256,sub_in
2947801215.0,SecondHalf,2h,88,21,345,379868.0,Jude Bellingham,Pass,Successful,60.9,66.3,56.5,53.3,False,True,False,False,,,False,False,345,False,False,False,False,,,"['Zone', 'PassEndX', 'PassEndY', 'Length', 'Angle']",False,,,,-0.0185,sub_in
2947801225.0,SecondHalf,2h,88,24,345,402596.0,Elliot Anderson,Pass,Successful,56.6,66.7,45.0,93.0,False,True,False,False,,,False,False,345,False,False,False,False,,,"['Zone', 'PassEndX', 'PassEndY', 'Length', 'Angle']",False,,,,-0.0598,sub_in
2947801241.0,SecondHalf,2h,88,28,345,374631.0,Marc Guéhi,Pass,Successful,44.9,92.6,41.7,68.8,False,True,False,False,,,False,False,345,False,False,False,False,,,"['Zone', 'PassEndX', 'PassEndY', 'Length', 'Angle']",False,,,,0.0226,sub_out
2947801249.0,SecondHalf,2h,88,33,345,332325.0,Declan Rice,Pass,Successful,43.0,64.2,48.5,77.8,False,True,False,False,,,False,False,345,False,False,False,False,,,"['Zone', 'PassEndX', 'PassEndY', 'Length', 'Angle']",False,,,,-0.0145,
2947801263.0,SecondHalf,2h,88,36,345,402596.0,Elliot Anderson,Pass,Successful,48.3,76.3,59.8,96.8,False,True,False,False,,,False,False,345,False,False,False,False,,,"['Zone', 'PassEndX', 'PassEndY', 'Length', 'Angle']",False,,,,0.0139,sub_in
2947801275.0,SecondHalf,2h,88,41,345,362219.0,Djed Spence,Pass,Successful,55.4,97.2,37.1,79.6,False,True,False,False,,,False,False,345,False,False,False,False,,,"['Zone', 'PassEndX', 'PassEndY', 'Length', 'Angle']",False,,,,-0.0059,
2947801289.0,SecondHalf,2h,88,44,345,374631.0,Marc Guéhi,Pass,Successful,34.4,75.3,36.1,63.1,False,True,False,False,,,False,False,345,False,False,False,False,,,"['Zone', 'PassEndX', 'PassEndY', 'Length', 'Angle']",False,,,,0.0077,sub_out
2947801309.0,SecondHalf,2h,88,49,345,332325.0,Declan Rice,Pass,Successful,34.9,63.7,40.1,76.9,False,True,False,False,,,False,False,345,False,False,False,False,,,"['Zone', 'PassEndX', 'PassEndY', 'Length', 'Angle']",False,,,,-0.0077,
2947801323.0,SecondHalf,2h,88,55,345,374631.0,Marc Guéhi,Pass,Successful,44.7,76.9,54.7,97.4,False,True,False,False,,,False,False,345,False,False,False,False,,,"['Zone', 'PassEndX', 'PassEndY', 'Length', 'Angle']",False,,,,-0.0003,sub_out
2947801329.0,SecondHalf,2h,88,59,345,362219.0,Djed Spence,Pass,Successful,56.1,95.3,38.0,86.9,False,True,False,False,,,False,False,345,False,False,False,False,,,"['Zone', 'PassEndX', 'PassEndY', 'Length', 'Angle']",False,,,,-0.0059,
2947801343.0,SecondHalf,2h,89,3,345,374631.0,Marc Guéhi,Pass,Successful,38.6,84.1,35.6,61.1,False,True,False,False,,,False,False,345,False,False,False,False,,,"['Zone', 'PassEndX', 'PassEndY', 'Length', 'Angle']",False,,,,0.0185,sub_out
2947801351.0,SecondHalf,2h,89,9,345,332325.0,Declan Rice,Pass,Successful,37.0,62.6,40.4,76.6,False,True,False,False,,,False,False,345,False,False,False,False,,,"['Zone', 'PassEndX', 'PassEndY', 'Length', 'Angle']",False,,,,-0.0077,
2947801361.0,SecondHalf,2h,89,13,345,374631.0,Marc Guéhi,Pass,Successful,39.9,76.0,47.2,75.0,False,True,False,False,,,False,False,345,False,False,False,False,,,"['Zone', 'PassEndX', 'PassEndY', 'Length', 'Angle']",False,,,,0.0061,sub_out
2947801371.0,SecondHalf,2h,89,16,345,362824.0,Morgan Rogers,Pass,Successful,45.7,88.4,46.2,97.1,False,True,False,False,,,False,False,345,False,False,False,False,,,"['Zone', 'PassEndX', 'PassEndY', 'Length', 'Angle']",False,,,,0.0,
2947801387.0,SecondHalf,2h,89,19,345,362219.0,Djed Spence,Pass,Successful,42.5,95.0,46.1,90.3,False,True,False,False,,,False,False,345,False,False,False,False,,,"['Zone', 'PassEndX', 'PassEndY', 'Length', 'Angle']",False,,,,0.0,
2947801389.0,SecondHalf,2h,89,20,345,379868.0,Jude Bellingham,Dispossessed,Successful,47.8,78.1,,,False,False,False,False,,,False,False,345,False,False,False,False,,,"['Zone', 'OppositeRelatedEvent', 'Offensive']",False,,,,,sub_in
2947801385.0,SecondHalf,2h,89,20,341,327721.0,Dayot Upamecano,Tackle,Unsuccessful,52.2,21.9,,,False,False,False,False,,,False,False,341,False,False,False,False,,,"['Zone', 'StandingSave', 'OppositeRelatedEvent', 'Defensive']",False,,,,,sub_in
2947801403.0,SecondHalf,2h,89,22,341,327721.0,Dayot Upamecano,Pass,Unsuccessful,52.2,23.2,52.6,23.2,False,True,False,False,,,False,False,341,False,False,False,False,,,"['Zone', 'PassEndX', 'PassEndY', 'Length', 'Angle', 'OppositeRelatedEvent', 'Offensive']",False,,,,0.0,sub_in
2947801395.0,SecondHalf,2h,89,22,345,379868.0,Jude Bellingham,BlockedPass,Successful,47.4,76.8,,,False,False,False,False,,,False,False,345,False,False,False,False,,,"['Zone', 'OppositeRelatedEvent', 'Defensive']",False,,,,,sub_in
2947801699.0,SecondHalf,2h,89,23,341,327721.0,Dayot Upamecano,Challenge,Unsuccessful,52.0,13.0,,,False,False,False,False,,,False,False,341,False,False,False,False,,,"['Zone', 'OppositeRelatedEvent', 'Defensive']",False,,,,,sub_in
2947801701.0,SecondHalf,2h,89,23,345,362219.0,Djed Spence,TakeOn,Successful,48.0,87.0,,,False,False,False,False,,,False,False,345,False,False,False,False,,,"['Zone', 'OppositeRelatedEvent', 'Offensive']",False,,,,,
2947801405.0,SecondHalf,2h,89,25,345,362219.0,Djed Spence,Pass,Unsuccessful,63.4,64.6,73.6,50.7,False,True,False,False,,,False,False,345,False,False,False,False,,,"['Zone', 'PassEndX', 'PassEndY', 'Length', 'Angle']",False,,,,0.3764,
2947801415.0,SecondHalf,2h,89,26,341,401130.0,Maxence Lacroix,Interception,Successful,26.4,49.3,,,False,False,False,False,,,False,False,341,False,False,False,False,,,['Zone'],False,,,,,
2947801417.0,SecondHalf,2h,89,27,341,89925.0,Lucas Digne,BallRecovery,Successful,30.0,72.3,,,False,False,False,False,,,False,False,341,False,False,False,False,,,[],False,,,,,sub_in
2947801419.0,SecondHalf,2h,89,28,341,89925.0,Lucas Digne,Pass,Successful,27.2,72.4,37.5,61.4,False,True,False,False,,,False,False,341,False,False,False,False,,,"['Zone', 'PassEndX', 'PassEndY', 'Length', 'Angle']",False,,,,0.0175,sub_in
2947801427.0,SecondHalf,2h,89,33,341,371281.0,Michael Olise,Pass,Successful,39.3,73.6,32.5,86.4,False,True,False,False,,,False,False,341,False,False,False,False,,,"['Zone', 'PassEndX', 'PassEndY', 'Length', 'Angle']",False,,,,-0.011,
2947801435.0,SecondHalf,2h,89,36,341,89925.0,Lucas Digne,Pass,Successful,32.4,87.1,22.8,63.4,False,True,False,False,,,False,False,341,False,False,False,False,,,"['Zone', 'PassEndX', 'PassEndY', 'Length', 'Angle']",False,,,,0.0003,sub_in
2947801453.0,SecondHalf,2h,89,40,341,401130.0,Maxence Lacroix,Pass,Successful,23.4,67.2,28.4,68.5,False,True,False,False,,,False,False,341,False,False,False,False,,,"['Zone', 'PassEndX', 'PassEndY', 'Length', 'Angle']",False,,,,0.004,
2947801461.0,SecondHalf,2h,89,43,341,371281.0,Michael Olise,Pass,Successful,28.7,70.6,25.6,46.2,False,True,False,False,,,False,False,341,False,False,False,False,,,"['Zone', 'PassEndX', 'PassEndY', 'Length', 'Angle']",False,,,,0.0053,
2947801487.0,SecondHalf,2h,89,46,341,327721.0,Dayot Upamecano,Pass,Successful,27.0,42.4,42.5,18.3,False,True,False,False,,,False,False,341,False,False,False,False,,,"['Zone', 'PassEndX', 'PassEndY', 'Length', 'Angle']",False,,,,-0.0002,sub_in
2947801499.0,SecondHalf,2h,89,48,341,403850.0,Malo Gusto,Pass,Successful,44.6,17.4,57.5,7.0,False,True,False,False,,,False,False,341,False,False,False,False,,,"['Zone', 'PassEndX', 'PassEndY', 'Length', 'Angle']",False,,,,-0.0003,sub_out
2947801507.0,SecondHalf,2h,89,53,341,299513.0,Ousmane Dembélé,Pass,Successful,58.9,9.1,58.6,16.5,False,True,False,False,,,False,False,341,False,False,False,False,,,"['Zone', 'PassEndX', 'PassEndY', 'Length', 'Angle']",False,,,,0.0361,sub_in
2947801515.0,SecondHalf,2h,89,55,341,116609.0,Adrien Rabiot,Pass,Successful,60.3,18.3,71.2,9.7,False,True,False,False,,,False,False,341,False,False,False,False,,,"['Zone', 'PassEndX', 'PassEndY', 'Length', 'Angle']",False,,,,-0.0143,
2947801521.0,SecondHalf,2h,89,57,341,403850.0,Malo Gusto,Pass,Successful,74.0,13.1,76.0,17.1,False,True,False,False,,,False,False,341,False,False,False,False,,,"['Zone', 'PassEndX', 'PassEndY', 'Length', 'Angle']",False,,,,0.0633,sub_out
2947812637.0,SecondHalf,2h,90,0,341,300713.0,Kylian Mbappé,OffsideGiven,Unsuccessful,96.0,95.7,,,False,False,False,False,,,False,False,341,False,False,False,False,,,[],False,,,,,
2947801527.0,SecondHalf,2h,90,0,341,299513.0,Ousmane Dembélé,Pass,Successful,76.3,18.9,73.7,37.0,False,True,False,False,,,False,False,341,False,False,False,False,,,"['Zone', 'PassEndX', 'PassEndY', 'Length', 'Angle']",False,,,,0.0767,sub_in
2947801531.0,SecondHalf,2h,90,1,341,371281.0,Michael Olise,Pass,Unsuccessful,73.4,38.4,75.5,44.1,False,True,False,False,,,False,False,341,False,False,False,False,,,"['Zone', 'PassEndX', 'PassEndY', 'Length', 'Angle']",False,,,,0.08,
2947801535.0,SecondHalf,2h,90,3,345,301440.0,Ezri Konsa,Interception,Successful,24.5,55.9,,,False,False,False,False,,,False,False,345,False,False,False,False,,,['Zone'],False,,,,,
2947801541.0,SecondHalf,2h,90,4,345,301440.0,Ezri Konsa,BallRecovery,Successful,29.0,46.3,,,False,False,False,False,,,False,False,345,False,False,False,False,,,[],False,,,,,
2947801543.0,SecondHalf,2h,90,5,345,301440.0,Ezri Konsa,Pass,Successful,26.9,47.2,31.3,37.9,False,True,False,False,,,False,False,345,False,False,False,False,,,"['Zone', 'PassEndX', 'PassEndY', 'Length', 'Angle']",False,,,,0.0,
2947801545.0,SecondHalf,2h,90,6,345,379868.0,Jude Bellingham,Pass,Unsuccessful,31.6,37.0,28.9,42.1,False,True,False,False,,,False,False,345,False,False,False,False,,,"['Zone', 'PassEndX', 'PassEndY', 'Length', 'Angle']",False,,,,0.0053,sub_in
2947801547.0,SecondHalf,2h,90,7,341,371281.0,Michael Olise,BallRecovery,Successful,71.4,45.9,,,False,False,False,False,,,False,False,341,False,False,False,False,,,[],False,,,,,
2947801563.0,SecondHalf,2h,90,9,341,371281.0,Michael Olise,Pass,Successful,72.3,52.4,75.1,65.6,False,True,True,False,,,False,False,341,False,False,False,False,,,"['Zone', 'PassEndX', 'PassEndY', 'ShotAssist', 'Length', 'Angle', 'KeyPass']",False,KeyPass,,,-0.1755,
2947801565.0,SecondHalf,2h,90,11,341,425366.0,Bradley Barcola,SavedShot,Successful,79.3,67.9,,,True,False,False,False,Blocked,BlockedShot,False,False,341,False,False,False,False,RightFoot,,"['OutOfBoxCentre', 'RightFoot', 'RegularPlay', 'Assisted', 'RelatedEventId', 'Zone', 'LowCentre', 'Blocked', 'GoalMouthY', 'GoalMouthZ', 'BlockedX', 'BlockedY', 'IndividualPlay', 'OppositeRelatedEvent']",False,,0.0457,xg_v3_submodel_calibrated_2025,,sub_in
2947801567.0,SecondHalf,2h,90,11,345,361330.0,Reece James,Save,Successful,15.2,36.6,,,False,False,False,False,,,False,False,345,False,False,False,False,,,"['Zone', 'OutfielderBlock', 'OppositeRelatedEvent']",False,,,,,sub_in
2947801569.0,SecondHalf,2h,90,12,345,361330.0,Reece James,CornerAwarded,Unsuccessful,18.6,33.3,,,False,False,False,False,,,False,False,345,False,False,False,False,,,"['Zone', 'MissLeft', 'OppositeRelatedEvent']",False,,,,,sub_in
2947801577.0,SecondHalf,2h,90,12,341,425366.0,Bradley Barcola,CornerAwarded,Successful,81.4,66.7,,,False,False,False,False,,,False,False,341,False,False,False,False,,,"['Zone', 'MissLeft', 'OppositeRelatedEvent']",False,,,,,sub_in
2947801611.0,SecondHalf,2h,90,33,341,403850.0,Malo Gusto,SubstitutionOff,Successful,0.0,0.0,,,False,False,False,False,,,False,False,341,False,False,False,False,,,"['PlayerPosition', 'RelatedEventId', 'JerseyNumber']",False,,,,,sub_out
2947801613.0,SecondHalf,2h,90,33,341,301019.0,Jules Koundé,SubstitutionOn,Successful,0.0,0.0,,,False,False,False,False,,,False,False,341,False,False,False,False,,,"['PlayerPosition', 'RelatedEventId', 'JerseyNumber', 'FormationSlot']",False,,,,,sub_in
2947801627.0,SecondHalf,2h,90,36,341,300713.0,Kylian Mbappé,Pass,Successful,99.5,99.5,83.9,92.2,False,True,False,False,,,False,False,341,False,False,False,False,,,"['CornerTaken', 'Zone', 'PassEndX', 'PassEndY', 'Length', 'Angle']",False,,,,-0.0456,
2947801637.0,SecondHalf,2h,90,38,341,89925.0,Lucas Digne,OffsidePass,Successful,86.3,93.8,96.0,95.7,False,False,False,False,,,False,False,341,False,False,False,False,,,"['PlayerCaughtOffside', 'Zone', 'PassEndX', 'PassEndY']",False,,,,,sub_in
2947801657.0,SecondHalf,2h,90,38,345,148503.0,Ollie Watkins,OffsideProvoked,Successful,4.4,42.1,,,False,False,False,False,,,False,False,345,False,False,False,False,,,[],False,,,,,sub_in
2947801679.0,SecondHalf,2h,91,17,345,304008.0,Dean Henderson,Pass,Unsuccessful,13.2,13.8,68.4,32.4,False,True,False,False,,,False,False,345,False,False,False,False,,,"['Longball', 'FreekickTaken', 'Zone', 'PassEndX', 'PassEndY', 'Length', 'Angle', 'IndirectFreekickTaken']",False,,,,0.2501,
2947801687.0,SecondHalf,2h,91,21,341,401130.0,Maxence Lacroix,Clearance,Successful,29.3,73.4,31.5,74.4,False,False,False,False,,,False,False,341,True,False,False,False,Head,,"['Head', 'Zone', 'PassEndX', 'PassEndY', 'Length', 'Angle']",False,,,,,
2947801691.0,SecondHalf,2h,91,22,345,148503.0,Ollie Watkins,BallTouch,Successful,68.2,24.4,,,False,False,False,False,,,False,False,345,False,False,False,False,,,['Zone'],False,,,,,sub_in
2947801705.0,SecondHalf,2h,91,26,345,367185.0,Bukayo Saka,BallTouch,Unsuccessful,65.7,6.7,,,False,False,False,False,,,False,False,345,False,False,False,False,,,['Zone'],False,,,,,
2947801707.0,SecondHalf,2h,91,27,341,116609.0,Adrien Rabiot,BallRecovery,Successful,33.8,79.9,,,False,False,False,False,,,False,False,341,False,False,False,False,,,[],False,,,,,
2947801713.0,SecondHalf,2h,91,28,341,116609.0,Adrien Rabiot,Pass,Successful,34.1,80.2,39.4,75.6,False,True,False,False,,,False,False,341,False,False,False,False,,,"['Zone', 'PassEndX', 'PassEndY', 'Length', 'Angle']",False,,,,0.0,
2947801719.0,SecondHalf,2h,91,30,341,371281.0,Michael Olise,Pass,Successful,40.3,72.0,45.3,40.9,False,True,False,False,,,False,False,341,False,False,False,False,,,"['Zone', 'PassEndX', 'PassEndY', 'Length', 'Angle']",False,,,,0.0364,
2947801723.0,SecondHalf,2h,91,34,341,301019.0,Jules Koundé,Pass,Successful,60.8,32.5,75.4,12.0,False,True,False,False,,,False,False,341,False,False,False,False,,,"['Zone', 'PassEndX', 'PassEndY', 'Length', 'Angle']",False,,,,-0.0731,sub_in
2947801725.0,SecondHalf,2h,91,38,341,299513.0,Ousmane Dembélé,Pass,Successful,84.0,23.6,80.8,32.2,False,True,False,False,,,False,False,341,False,False,False,False,,,"['Zone', 'PassEndX', 'PassEndY', 'Length', 'Angle']",False,,,,0.1076,sub_in
2947801731.0,SecondHalf,2h,91,40,341,371281.0,Michael Olise,TakeOn,Unsuccessful,78.1,33.9,,,False,False,False,False,,,False,False,341,False,False,False,False,,,"['Zone', 'OppositeRelatedEvent', 'Offensive']",False,,,,,
2947801727.0,SecondHalf,2h,91,40,345,332325.0,Declan Rice,Tackle,Successful,21.9,66.1,,,False,False,False,False,,,False,False,345,False,False,False,False,,,"['Zone', 'StandingSave', 'OppositeRelatedEvent', 'Defensive']",False,,,,,
2947801733.0,SecondHalf,2h,91,41,345,362824.0,Morgan Rogers,BallRecovery,Successful,27.3,62.7,,,False,False,False,False,,,False,False,345,False,False,False,False,,,[],False,,,,,
2947801741.0,SecondHalf,2h,91,44,345,362824.0,Morgan Rogers,Pass,Successful,29.9,57.2,31.4,47.9,False,True,False,False,,,False,False,345,False,False,False,False,,,"['Zone', 'PassEndX', 'PassEndY', 'Length', 'Angle']",False,,,,0.0,
2947858693.0,SecondHalf,2h,91,45,345,379868.0,Jude Bellingham,TakeOn,Unsuccessful,31.3,46.7,,,False,False,False,False,,,False,False,345,False,False,False,False,,,"['Zone', 'Defensive']",False,,,,,sub_in
2947801743.0,SecondHalf,2h,91,46,345,379868.0,Jude Bellingham,Foul,Successful,30.2,45.6,,,False,False,False,False,,,False,False,345,False,False,False,False,,,"['Foul', 'Zone', 'OppositeRelatedEvent', 'Defensive']",False,,,,,sub_in
2947801737.0,SecondHalf,2h,91,46,341,116609.0,Adrien Rabiot,Foul,Unsuccessful,69.8,54.4,,,False,False,False,False,,,False,False,341,False,False,False,False,,,"['Foul', 'Zone', 'OppositeRelatedEvent', 'Offensive']",False,,,,,
2947801791.0,SecondHalf,2h,92,14,345,374631.0,Marc Guéhi,SubstitutionOff,Successful,0.0,0.0,,,False,False,False,False,,,False,False,345,False,False,False,False,,,"['PlayerPosition', 'RelatedEventId', 'JerseyNumber']",False,,,,,sub_out
2947801793.0,SecondHalf,2h,92,14,345,353292.0,Trevoh Chalobah,SubstitutionOn,Successful,0.0,0.0,,,False,False,False,False,,,False,False,345,False,False,False,False,,,"['PlayerPosition', 'RelatedEventId', 'JerseyNumber', 'FormationSlot']",False,,,,,sub_in
2947801855.0,SecondHalf,2h,92,29,345,301440.0,Ezri Konsa,Pass,Successful,36.5,40.4,19.1,50.1,False,True,False,False,,,False,False,345,False,False,False,False,,,"['FreekickTaken', 'Zone', 'PassEndX', 'PassEndY', 'Length', 'Angle']",False,,,,-0.0195,
2947801861.0,SecondHalf,2h,92,37,345,304008.0,Dean Henderson,Pass,Unsuccessful,21.2,52.5,60.9,68.5,False,True,False,False,,,False,False,345,False,False,False,False,,,"['Longball', 'Zone', 'PassEndX', 'PassEndY', 'Chipped', 'Length', 'Angle']",False,Chipped,,,0.147,
2947801873.0,SecondHalf,2h,92,39,341,301019.0,Jules Koundé,Pass,Successful,41.3,28.7,43.1,33.4,False,True,False,False,,,False,False,341,False,False,False,False,,,"['HeadPass', 'Zone', 'PassEndX', 'PassEndY', 'Length', 'Angle']",False,,,,0.0129,sub_in
2947801875.0,SecondHalf,2h,92,40,341,444679.0,Warren Zaïre-Emery,BallRecovery,Successful,42.9,33.5,,,False,False,False,False,,,False,False,341,False,False,False,False,,,[],False,,,,,
2947801883.0,SecondHalf,2h,92,41,341,444679.0,Warren Zaïre-Emery,Pass,Successful,42.9,33.7,34.7,59.6,False,True,False,False,,,False,False,341,False,False,False,False,,,"['Zone', 'PassEndX', 'PassEndY', 'Length', 'Angle']",False,,,,-0.0022,
2947801885.0,SecondHalf,2h,92,44,345,379868.0,Jude Bellingham,Challenge,Unsuccessful,64.4,41.0,,,False,False,False,False,,,False,False,345,False,False,False,False,,,"['Zone', 'OppositeRelatedEvent', 'Defensive']",False,,,,,sub_in
2947801887.0,SecondHalf,2h,92,44,341,401130.0,Maxence Lacroix,TakeOn,Successful,35.6,59.0,,,False,False,False,False,,,False,False,341,False,False,False,False,,,"['Zone', 'OppositeRelatedEvent', 'Offensive']",False,,,,,
2947801895.0,SecondHalf,2h,92,45,341,401130.0,Maxence Lacroix,Pass,Successful,35.6,53.5,45.5,45.1,False,True,False,False,,,False,False,341,False,False,False,False,,,"['Zone', 'PassEndX', 'PassEndY', 'Length', 'Angle']",False,,,,0.0256,
2947801905.0,SecondHalf,2h,92,46,341,116609.0,Adrien Rabiot,Pass,Successful,54.0,42.1,63.5,32.9,False,True,False,False,,,False,False,341,False,False,False,False,,,"['Zone', 'PassEndX', 'PassEndY', 'Length', 'Angle']",False,,,,0.0185,
2947801917.0,SecondHalf,2h,92,49,341,371281.0,Michael Olise,Pass,Successful,72.6,32.9,89.0,23.6,False,True,False,False,,,False,False,341,False,False,False,False,,,"['Zone', 'PassEndX', 'PassEndY', 'Length', 'Angle']",False,,,,-0.0034,
2947801921.0,SecondHalf,2h,92,52,341,299513.0,Ousmane Dembélé,Pass,Unsuccessful,91.3,29.9,92.7,42.7,False,True,False,False,,,False,False,341,False,False,False,False,,,"['Zone', 'PassEndX', 'PassEndY', 'Length', 'Angle']",False,,,,0.2944,sub_in
2947801919.0,SecondHalf,2h,92,53,345,353292.0,Trevoh Chalobah,Clearance,Successful,7.1,57.0,12.6,87.2,False,False,False,False,,,False,False,345,False,False,False,False,,,"['Zone', 'PassEndX', 'PassEndY', 'Length', 'Angle']",False,,,,,sub_in
2947801929.0,SecondHalf,2h,92,54,341,301019.0,Jules Koundé,Pass,Successful,84.5,16.8,90.8,23.6,False,True,False,False,,,False,False,341,False,False,False,False,,,"['Zone', 'PassEndX', 'PassEndY', 'Length', 'Angle']",False,,,,0.0,sub_in
2947801937.0,SecondHalf,2h,92,57,341,299513.0,Ousmane Dembélé,Pass,Unsuccessful,92.3,33.8,90.3,43.8,False,True,False,False,,,False,False,341,False,False,False,False,,,"['Zone', 'PassEndX', 'PassEndY', 'Length', 'Angle']",False,,,,0.1375,sub_in
2947801941.0,SecondHalf,2h,92,58,345,402596.0,Elliot Anderson,BallTouch,Successful,9.8,63.4,,,False,False,False,False,,,False,False,345,False,False,False,False,,,['Zone'],False,,,,,sub_in
2947801945.0,SecondHalf,2h,93,2,341,371281.0,Michael Olise,Dispossessed,Successful,80.8,33.2,,,False,False,False,False,,,False,False,341,False,False,False,False,,,"['Zone', 'OppositeRelatedEvent', 'Offensive']",False,,,,,
2947801949.0,SecondHalf,2h,93,2,345,148503.0,Ollie Watkins,Tackle,Successful,19.2,66.8,,,False,False,False,False,,,False,False,345,False,False,False,False,,,"['Zone', 'StandingSave', 'OppositeRelatedEvent', 'Defensive']",False,,,,,sub_in
2947801953.0,SecondHalf,2h,93,3,345,402596.0,Elliot Anderson,BallRecovery,Successful,14.8,63.7,,,False,False,False,False,,,False,False,345,False,False,False,False,,,[],False,,,,,sub_in
2947801969.0,SecondHalf,2h,93,4,345,402596.0,Elliot Anderson,Pass,Successful,14.8,63.7,9.4,75.6,False,True,False,False,,,False,False,345,False,False,False,False,,,"['Zone', 'PassEndX', 'PassEndY', 'Length', 'Angle']",False,,,,-0.0015,sub_in
2947801971.0,SecondHalf,2h,93,8,345,362219.0,Djed Spence,Pass,Unsuccessful,10.3,91.1,48.6,86.3,False,True,False,False,,,False,False,345,False,False,False,False,,,"['Longball', 'Zone', 'PassEndX', 'PassEndY', 'Chipped', 'Length', 'Angle']",False,Chipped,,,0.0159,
2947801979.0,SecondHalf,2h,93,10,341,327721.0,Dayot Upamecano,Pass,Successful,50.4,17.8,55.9,10.7,False,True,False,False,,,False,False,341,False,False,False,False,,,"['Zone', 'PassEndX', 'PassEndY', 'Length', 'Angle']",False,,,,-0.0159,sub_in
2947801981.0,SecondHalf,2h,93,11,341,301019.0,Jules Koundé,BallRecovery,Successful,55.9,10.7,,,False,False,False,False,,,False,False,341,False,False,False,False,,,[],False,,,,,sub_in
2947801991.0,SecondHalf,2h,93,12,341,301019.0,Jules Koundé,Pass,Successful,56.2,11.0,51.9,40.2,False,True,False,False,,,False,False,341,False,False,False,False,,,"['Zone', 'PassEndX', 'PassEndY', 'Length', 'Angle']",False,,,,0.1216,sub_in
2947802001.0,SecondHalf,2h,93,15,341,401130.0,Maxence Lacroix,Pass,Successful,52.2,42.1,58.1,42.8,False,True,False,False,,,False,False,341,False,False,False,False,,,"['Zone', 'PassEndX', 'PassEndY', 'Length', 'Angle']",False,,,,0.0,
2947802007.0,SecondHalf,2h,93,17,341,444679.0,Warren Zaïre-Emery,Pass,Successful,60.9,48.9,67.6,60.7,False,True,False,False,,,False,False,341,False,False,False,False,,,"['Zone', 'PassEndX', 'PassEndY', 'Length', 'Angle']",False,,,,0.14,
2947802017.0,SecondHalf,2h,93,22,341,300713.0,Kylian Mbappé,Pass,Successful,74.8,41.1,86.0,23.7,False,True,False,False,,,False,False,341,False,False,False,False,,,"['Zone', 'PassEndX', 'PassEndY', 'Length', 'Angle']",False,,,,-0.2831,
2947802021.0,SecondHalf,2h,93,26,341,371281.0,Michael Olise,TakeOn,Unsuccessful,89.4,32.1,,,False,False,False,False,,,False,False,341,False,False,False,False,,,"['Zone', 'OppositeRelatedEvent', 'Offensive']",False,,,,,
2947802019.0,SecondHalf,2h,93,26,345,362219.0,Djed Spence,Tackle,Unsuccessful,10.6,68.0,,,False,False,False,False,,,False,False,345,False,False,False,False,,,"['Zone', 'StandingSave', 'OppositeRelatedEvent', 'Defensive']",False,,,,,
2947802025.0,SecondHalf,2h,93,26,341,371281.0,Michael Olise,BallTouch,Successful,88.8,27.7,,,False,False,False,False,,,False,False,341,False,False,False,False,,,['Zone'],False,,,,,
2947802035.0,SecondHalf,2h,93,27,345,362219.0,Djed Spence,Clearance,Successful,10.7,65.8,66.2,66.0,False,False,False,False,,,False,False,345,False,False,False,False,,,"['Zone', 'PassEndX', 'PassEndY', 'Length', 'Angle']",False,,,,,
2947802047.0,SecondHalf,2h,93,34,341,141646.0,Mike Maignan,Pass,Successful,38.8,27.0,66.1,9.0,False,True,False,False,,,False,False,341,False,False,False,False,,,"['Zone', 'PassEndX', 'PassEndY', 'Length', 'Angle']",False,,,,0.0123,
2947802061.0,SecondHalf,2h,93,37,341,301019.0,Jules Koundé,Pass,Successful,68.3,10.7,84.1,12.8,False,True,False,False,,,False,False,341,False,False,False,False,,,"['Zone', 'PassEndX', 'PassEndY', 'Length', 'Angle']",False,,,,0.1975,sub_in
2947802191.0,SecondHalf,2h,94,47,341,371281.0,Michael Olise,Pass,Successful,84.3,8.8,73.6,24.4,False,True,False,False,,,False,False,341,False,False,False,False,,,"['Zone', 'PassEndX', 'PassEndY', 'Length', 'Angle']",False,,,,-0.0084,
2947802195.0,SecondHalf,2h,94,52,341,300713.0,Kylian Mbappé,TakeOn,Unsuccessful,74.4,27.6,,,False,False,False,False,,,False,False,341,False,False,False,False,,,"['Zone', 'OppositeRelatedEvent', 'Offensive']",False,,,,,
2947802199.0,SecondHalf,2h,94,52,345,402596.0,Elliot Anderson,Tackle,Successful,25.6,72.4,,,False,False,False,False,,,False,False,345,False,False,False,False,,,"['Zone', 'StandingSave', 'OppositeRelatedEvent', 'Defensive']",False,,,,,sub_in
2947802203.0,SecondHalf,2h,94,54,345,402596.0,Elliot Anderson,Dispossessed,Successful,24.8,68.7,,,False,False,False,False,,,False,False,345,False,False,False,False,,,"['Zone', 'OppositeRelatedEvent', 'Defensive']",False,,,,,sub_in
2947802201.0,SecondHalf,2h,94,54,341,371281.0,Michael Olise,Tackle,Unsuccessful,75.2,31.3,,,False,False,False,False,,,False,False,341,False,False,False,False,,,"['Zone', 'StandingSave', 'OppositeRelatedEvent', 'Offensive']",False,,,,,
2947802215.0,SecondHalf,2h,94,57,345,402596.0,Elliot Anderson,Pass,Successful,29.5,64.2,26.2,63.7,False,True,False,False,,,False,False,345,False,False,False,False,,,"['Zone', 'PassEndX', 'PassEndY', 'Length', 'Angle']",False,,,,0.0,sub_in
2947802217.0,SecondHalf,2h,94,58,345,332325.0,Declan Rice,BallRecovery,Successful,26.2,63.7,,,False,False,False,False,,,False,False,345,False,False,False,False,,,[],False,,,,,
2947802231.0,SecondHalf,2h,94,58,345,332325.0,Declan Rice,Pass,Successful,26.9,62.4,30.4,72.1,False,True,False,False,,,False,False,345,False,False,False,False,,,"['Zone', 'PassEndX', 'PassEndY', 'Length', 'Angle']",False,,,,-0.0053,
2947802233.0,SecondHalf,2h,95,0,341,301019.0,Jules Koundé,Challenge,Unsuccessful,72.4,25.1,,,False,False,False,False,,,False,False,341,False,False,False,False,,,"['Zone', 'OppositeRelatedEvent', 'Offensive']",False,,,,,sub_in
2947802235.0,SecondHalf,2h,95,0,345,379868.0,Jude Bellingham,TakeOn,Successful,27.6,74.9,,,False,False,False,False,,,False,False,345,False,False,False,False,,,"['Zone', 'OppositeRelatedEvent', 'Defensive']",False,,,,,sub_in
2947802241.0,SecondHalf,2h,95,4,345,379868.0,Jude Bellingham,Pass,Unsuccessful,57.8,67.9,61.4,72.3,False,True,False,False,,,False,False,345,False,False,False,False,,,"['Zone', 'PassEndX', 'PassEndY', 'Length', 'Angle', 'OppositeRelatedEvent', 'Offensive']",False,,,,0.0881,sub_in
2947802245.0,SecondHalf,2h,95,4,341,327721.0,Dayot Upamecano,BlockedPass,Successful,38.6,27.7,,,False,False,False,False,,,False,False,341,False,False,False,False,,,"['Zone', 'OppositeRelatedEvent', 'Defensive']",False,,,,,sub_in
2947802251.0,SecondHalf,2h,95,7,341,444679.0,Warren Zaïre-Emery,Aerial,Successful,42.8,43.6,,,False,False,False,False,,,False,False,341,False,False,False,False,,,"['Zone', 'OppositeRelatedEvent', 'Defensive']",False,,,,,
2947802247.0,SecondHalf,2h,95,7,345,367185.0,Bukayo Saka,Aerial,Unsuccessful,57.2,56.4,,,False,False,False,False,,,False,False,345,False,False,False,False,,,"['Zone', 'OppositeRelatedEvent', 'Offensive']",False,,,,,
2947802257.0,SecondHalf,2h,95,7,341,444679.0,Warren Zaïre-Emery,Pass,Unsuccessful,40.7,38.4,58.1,20.1,False,True,False,False,,,False,False,341,False,False,False,False,,,"['HeadPass', 'Zone', 'PassEndX', 'PassEndY', 'Length', 'Angle']",False,,,,0.0033,
2947802263.0,SecondHalf,2h,95,12,345,362824.0,Morgan Rogers,Pass,Successful,51.8,90.5,45.4,54.8,False,True,False,False,,,False,False,345,False,False,False,False,,,"['Zone', 'PassEndX', 'PassEndY', 'Length', 'Angle']",False,,,,0.0382,
2947802265.0,SecondHalf,2h,95,14,345,332325.0,Declan Rice,Pass,Unsuccessful,44.7,54.8,62.4,61.8,False,True,False,False,,,False,False,345,False,False,False,False,,,"['Zone', 'PassEndX', 'PassEndY', 'Length', 'Angle']",False,,,,0.3383,
2947802267.0,SecondHalf,2h,95,16,341,327721.0,Dayot Upamecano,Interception,Successful,37.6,38.2,,,False,False,False,False,,,False,False,341,False,False,False,False,,,['Zone'],False,,,,,sub_in
2947802271.0,SecondHalf,2h,95,17,341,327721.0,Dayot Upamecano,BallRecovery,Successful,39.7,40.1,,,False,False,False,False,,,False,False,341,False,False,False,False,,,[],False,,,,,sub_in
2947802283.0,SecondHalf,2h,95,18,341,327721.0,Dayot Upamecano,Pass,Successful,54.6,41.1,77.2,21.6,False,True,True,False,,,False,False,341,False,False,False,False,,,"['FastBreak', 'Zone', 'PassEndX', 'PassEndY', 'ShotAssist', 'Length', 'Angle', 'BigChanceCreated', 'KeyPass']",False,FastBreak,,,0.0385,sub_in
2947802287.0,SecondHalf,2h,95,22,345,353292.0,Trevoh Chalobah,Challenge,Unsuccessful,13.1,60.4,,,False,False,False,False,,,False,False,345,False,False,False,False,,,"['Zone', 'OppositeRelatedEvent', 'Defensive']",False,,,,,sub_in
2947802291.0,SecondHalf,2h,95,22,341,299513.0,Ousmane Dembélé,TakeOn,Successful,86.9,39.6,,,False,False,False,False,,,False,False,341,False,False,False,False,,,"['Zone', 'OppositeRelatedEvent', 'Offensive']",False,,,,,sub_in
2947802293.0,SecondHalf,2h,95,23,341,299513.0,Ousmane Dembélé,Goal,Successful,87.7,39.5,,,True,False,False,False,On Target,Goal,True,False,341,False,False,False,True,LeftFoot,,"['BoxCentre', 'FastBreak', 'Assisted', 'RelatedEventId', 'Zone', 'LeftFoot', 'LowLeft', 'GoalMouthY', 'GoalMouthZ', 'BigChance', 'IndividualPlay']",False,FastBreak,0.1658,xg_v3_submodel_calibrated_2025,,sub_in
2947802335.0,SecondHalf,2h,96,4,345,332325.0,Declan Rice,Pass,Successful,49.9,49.7,26.3,46.3,False,True,False,False,,,False,False,345,False,False,False,False,,,"['Zone', 'PassEndX', 'PassEndY', 'Length', 'Angle']",False,,,,-0.0378,
2947802337.0,SecondHalf,2h,96,9,345,304008.0,Dean Henderson,Pass,Successful,27.6,35.7,71.1,33.9,False,True,False,False,,,False,False,345,False,False,False,False,,,"['Longball', 'Zone', 'PassEndX', 'PassEndY', 'Length', 'Angle']",False,,,,0.2417,
2947802339.0,SecondHalf,2h,96,14,345,148503.0,Ollie Watkins,Aerial,Successful,71.1,33.9,,,False,False,False,False,,,False,False,345,False,False,False,False,,,"['Zone', 'OppositeRelatedEvent', 'Offensive']",False,,,,,sub_in
2947802343.0,SecondHalf,2h,96,14,341,401130.0,Maxence Lacroix,Aerial,Unsuccessful,28.9,66.1,,,False,False,False,False,,,False,False,341,False,False,False,False,,,"['Zone', 'OppositeRelatedEvent', 'Defensive']",False,,,,,
2947802341.0,SecondHalf,2h,96,14,345,148503.0,Ollie Watkins,Pass,Unsuccessful,71.1,33.9,66.4,26.2,False,True,False,False,,,False,False,345,False,False,False,False,,,"['HeadPass', 'Zone', 'PassEndX', 'PassEndY', 'LayOff', 'Length', 'Angle']",False,,,,-0.0967,sub_in
2947802347.0,SecondHalf,2h,96,16,341,116609.0,Adrien Rabiot,Pass,Unsuccessful,32.9,76.4,36.2,72.7,False,True,False,False,,,False,False,341,False,False,False,False,,,"['HeadPass', 'Zone', 'PassEndX', 'PassEndY', 'Length', 'Angle']",False,,,,0.011,
2947802351.0,SecondHalf,2h,96,18,345,361330.0,Reece James,Pass,Unsuccessful,62.3,28.2,60.5,31.1,False,True,False,False,,,False,False,345,False,False,False,False,,,"['Zone', 'PassEndX', 'PassEndY', 'Length', 'Angle']",False,,,,0.0,sub_in
2947802349.0,SecondHalf,2h,96,19,341,371281.0,Michael Olise,BallTouch,Successful,36.3,72.6,,,False,False,False,False,,,False,False,341,False,False,False,False,,,['Zone'],False,,,,,
2947802909.0,SecondHalf,2h,96,20,345,379868.0,Jude Bellingham,Pass,Successful,61.1,36.2,65.1,54.9,False,True,False,False,,,False,False,345,False,False,False,False,,,"['Zone', 'PassEndX', 'PassEndY', 'Length', 'Angle']",False,,,,0.2364,sub_in
2947802355.0,SecondHalf,2h,96,21,345,362824.0,Morgan Rogers,Pass,Successful,63.0,52.6,56.8,43.2,False,True,False,False,,,False,False,345,False,False,False,False,,,"['Zone', 'PassEndX', 'PassEndY', 'Length', 'Angle']",False,,,,-0.2549,
2947802365.0,SecondHalf,2h,96,23,345,402596.0,Elliot Anderson,Pass,Successful,54.7,36.8,59.5,15.6,False,True,False,False,,,False,False,345,False,False,False,False,,,"['Zone', 'PassEndX', 'PassEndY', 'Length', 'Angle']",False,,,,-0.0017,sub_in
2947880159.0,SecondHalf,2h,96,26,345,361330.0,Reece James,Pass,Successful,60.2,10.1,68.9,4.9,False,True,False,False,,,False,False,345,False,False,False,False,,,"['Zone', 'PassEndX', 'PassEndY', 'Length', 'Angle']",False,,,,0.0218,sub_in
2947802373.0,SecondHalf,2h,96,30,345,367185.0,Bukayo Saka,Pass,Successful,63.1,3.3,50.3,7.4,False,True,False,False,,,False,False,345,False,False,False,False,,,"['Zone', 'PassEndX', 'PassEndY', 'Length', 'Angle']",False,,,,-0.0142,
2947802375.0,SecondHalf,2h,96,33,345,402596.0,Elliot Anderson,Pass,Successful,50.4,8.2,52.1,25.6,False,True,False,False,,,False,False,345,False,False,False,False,,,"['Zone', 'PassEndX', 'PassEndY', 'Length', 'Angle']",False,,,,0.052,sub_in
2947802389.0,SecondHalf,2h,96,35,345,332325.0,Declan Rice,Pass,Successful,44.5,21.6,25.7,18.9,False,True,False,False,,,False,False,345,False,False,False,False,,,"['Zone', 'PassEndX', 'PassEndY', 'Length', 'Angle']",False,,,,-0.0095,
2947802387.0,SecondHalf,2h,96,40,341,300713.0,Kylian Mbappé,Challenge,Unsuccessful,82.6,89.2,,,False,False,False,False,,,False,False,341,False,False,False,False,,,"['Zone', 'OppositeRelatedEvent', 'Offensive']",False,,,,,
2947861861.0,SecondHalf,2h,96,40,345,301440.0,Ezri Konsa,TakeOn,Successful,17.4,10.8,,,False,False,False,False,,,False,False,345,False,False,False,False,,,"['Zone', 'OppositeRelatedEvent', 'Defensive']",False,,,,,
2947802391.0,SecondHalf,2h,96,42,345,301440.0,Ezri Konsa,Pass,Successful,20.1,12.6,21.1,27.6,False,True,False,False,,,False,False,345,False,False,False,False,,,"['Zone', 'PassEndX', 'PassEndY', 'Length', 'Angle']",False,,,,0.0028,
2947802395.0,SecondHalf,2h,96,43,345,402596.0,Elliot Anderson,Pass,Successful,21.1,27.6,27.0,3.1,False,True,False,False,,,False,False,345,False,False,False,False,,,"['Zone', 'PassEndX', 'PassEndY', 'Length', 'Angle']",False,,,,-0.0045,sub_in
2947802397.0,SecondHalf,2h,96,45,345,361330.0,Reece James,Pass,Successful,26.8,2.6,26.2,11.7,False,True,False,False,,,False,False,345,False,False,False,False,,,"['Zone', 'PassEndX', 'PassEndY', 'Length', 'Angle']",False,,,,0.0,sub_in
2947802399.0,SecondHalf,2h,96,46,345,301440.0,Ezri Konsa,Dispossessed,Successful,25.1,12.8,,,False,False,False,False,,,False,False,345,False,False,False,False,,,"['Zone', 'OppositeRelatedEvent', 'Defensive']",False,,,,,
2947802401.0,SecondHalf,2h,96,46,341,425366.0,Bradley Barcola,Tackle,Successful,74.9,87.2,,,False,False,False,False,,,False,False,341,False,False,False,False,,,"['Zone', 'StandingSave', 'OppositeRelatedEvent', 'Offensive']",False,,,,,sub_in
2947802403.0,SecondHalf,2h,96,47,341,116609.0,Adrien Rabiot,BallTouch,Successful,78.8,88.0,,,False,False,False,False,,,False,False,341,False,False,False,False,,,['Zone'],False,,,,,
2947802405.0,SecondHalf,2h,96,48,345,301440.0,Ezri Konsa,BallTouch,Successful,27.6,8.8,,,False,False,False,False,,,False,False,345,False,False,False,False,,,['Zone'],False,,,,,
2947802407.0,SecondHalf,2h,96,50,341,425366.0,Bradley Barcola,Challenge,Unsuccessful,71.7,86.9,,,False,False,False,False,,,False,False,341,False,False,False,False,,,"['Zone', 'OppositeRelatedEvent', 'Offensive']",False,,,,,sub_in
2947802409.0,SecondHalf,2h,96,50,345,361330.0,Reece James,TakeOn,Successful,28.3,13.1,,,False,False,False,False,,,False,False,345,False,False,False,False,,,"['Zone', 'OppositeRelatedEvent', 'Defensive']",False,,,,,sub_in
2947802415.0,SecondHalf,2h,96,51,345,361330.0,Reece James,Pass,Successful,31.4,12.9,25.3,14.0,False,True,False,False,,,False,False,345,False,False,False,False,,,"['Zone', 'PassEndX', 'PassEndY', 'Length', 'Angle']",False,,,,0.0,sub_in
2947802419.0,SecondHalf,2h,96,52,345,332325.0,Declan Rice,BallTouch,Unsuccessful,25.3,14.0,,,False,False,False,False,,,False,False,345,False,False,False,False,,,['Zone'],False,,,,,
2947802425.0,SecondHalf,2h,96,54,341,116609.0,Adrien Rabiot,BallRecovery,Successful,79.0,87.5,,,False,False,False,False,,,False,False,341,False,False,False,False,,,[],False,,,,,
2947802431.0,SecondHalf,2h,96,57,341,116609.0,Adrien Rabiot,TakeOn,Unsuccessful,87.4,87.4,,,False,False,False,False,,,False,False,341,False,False,False,False,,,"['Zone', 'OppositeRelatedEvent', 'Offensive']",False,,,,,
2947802439.0,SecondHalf,2h,96,57,345,361330.0,Reece James,Tackle,Successful,12.6,12.6,,,False,False,False,False,,,False,False,345,False,False,False,False,,,"['Zone', 'StandingSave', 'OppositeRelatedEvent', 'Defensive']",False,,,,,sub_in
2947802445.0,SecondHalf,2h,97,1,345,361330.0,Reece James,Clearance,Successful,0.9,27.9,27.4,15.8,False,False,False,False,,,False,False,345,False,False,False,False,,,"['Zone', 'PassEndX', 'PassEndY', 'Length', 'Angle']",False,,,,,sub_in
2947802453.0,SecondHalf,2h,97,4,345,367185.0,Bukayo Saka,Pass,Unsuccessful,27.4,19.4,44.4,50.0,False,True,False,False,,,False,False,345,False,False,False,False,,,"['Zone', 'PassEndX', 'PassEndY', 'Length', 'Angle']",False,,,,0.0474,
2947802457.0,SecondHalf,2h,97,6,341,327721.0,Dayot Upamecano,Interception,Successful,55.6,50.0,,,False,False,False,False,,,False,False,341,False,False,False,False,,,['Zone'],False,,,,,sub_in
2947802459.0,SecondHalf,2h,97,8,345,379868.0,Jude Bellingham,BallRecovery,Successful,44.7,47.8,,,False,False,False,False,,,False,False,345,False,False,False,False,,,[],False,,,,,sub_in
2947802463.0,SecondHalf,2h,97,9,341,327721.0,Dayot Upamecano,Challenge,Unsuccessful,54.7,52.4,,,False,False,False,False,,,False,False,341,False,False,False,False,,,"['Zone', 'OppositeRelatedEvent', 'Defensive']",False,,,,,sub_in
2947802491.0,SecondHalf,2h,97,9,345,379868.0,Jude Bellingham,TakeOn,Successful,45.3,47.6,,,False,False,False,False,,,False,False,345,False,False,False,False,,,"['Zone', 'OppositeRelatedEvent', 'Offensive']",False,,,,,sub_in
2947802487.0,SecondHalf,2h,97,14,341,401130.0,Maxence Lacroix,Challenge,Unsuccessful,17.3,39.2,,,False,False,False,False,,,False,False,341,False,False,False,False,,,"['Zone', 'OppositeRelatedEvent', 'Defensive']",False,,,,,
2947802503.0,SecondHalf,2h,97,14,345,379868.0,Jude Bellingham,TakeOn,Successful,82.7,60.8,,,False,False,False,False,,,False,False,345,False,False,False,False,,,"['Zone', 'OppositeRelatedEvent', 'Offensive']",False,,,,,sub_in
2947802507.0,SecondHalf,2h,97,15,345,379868.0,Jude Bellingham,Goal,Successful,92.9,48.0,,,True,False,False,False,On Target,Goal,True,False,345,False,False,False,True,RightFoot,,"['BoxCentre', 'RightFoot', 'FastBreak', 'Zone', 'LowRight', 'GoalMouthY', 'GoalMouthZ', 'BigChance', 'IndividualPlay']",False,FastBreak,0.4243,xg_v3_submodel_calibrated_2025,,sub_in
2947802627.0,SecondHalf,2h,98,19,341,300713.0,Kylian Mbappé,Pass,Successful,49.7,49.7,54.4,45.1,False,True,False,False,,,False,False,341,False,False,False,False,,,"['Zone', 'PassEndX', 'PassEndY', 'Length', 'Angle']",False,,,,0.0834,
2947802633.0,SecondHalf,2h,98,20,341,299513.0,Ousmane Dembélé,Pass,Successful,54.8,44.7,44.7,83.4,False,True,False,False,,,False,False,341,False,False,False,False,,,"['Zone', 'PassEndX', 'PassEndY', 'Length', 'Angle']",False,,,,-0.1213,sub_in
2947802653.0,SecondHalf,2h,98,22,341,,,End,Successful,0.0,0.0,,,False,False,False,False,,,False,False,341,False,False,False,False,,,[],False,,,,,
2947802657.0,SecondHalf,2h,98,22,345,,,End,Successful,0.0,0.0,,,False,False,False,False,,,False,False,345,False,False,False,False,,,[],False,,,,,
2947802671.0,PostGame,postgame,0,0,341,,,End,Successful,0.0,0.0,,,False,False,False,False,,,False,False,341,False,False,False,False,,,[],False,,,,,
2947802679.0,PostGame,postgame,0,0,345,,,End,Successful,0.0,0.0,,,False,False,False,False,,,False,False,345,False,False,False,False,,,[],False,,,,,
2947750835.0,PreMatch,pre,0,0,345,,,FormationSet,Successful,0.0,0.0,,,False,False,False,False,,,False,False,345,False,False,False,False,,,"['InvolvedPlayers', 'PlayerPosition', 'JerseyNumber', 'TeamFormation', 'TeamPlayerFormation', 'CaptainPlayerId']",False,,,,,
2947750871.0,PreMatch,pre,0,0,341,,,FormationSet,Successful,0.0,0.0,,,False,False,False,False,,,False,False,341,False,False,False,False,,,"['InvolvedPlayers', 'PlayerPosition', 'JerseyNumber', 'TeamFormation', 'TeamPlayerFormation', 'CaptainPlayerId']",False,,,,,
